Date,Open,High,Low,Close,Adj Close,Volume,Dividends,Stock Splits,RawSymbol,YahooSymbol
2006-08-14,25.64999961853028,26.700000762939453,25.200000762939453,25.600000381469727,16.424095153808594,426000,0.0,0.0,EVR,EVR
2006-08-15,26.25,28.25,26.11000061035156,26.61000061035156,17.07207489013672,240600,0.0,0.0,EVR,EVR
2006-08-16,27.0,30.32999992370605,27.0,28.25,18.12424659729004,392500,0.0,0.0,EVR,EVR
2006-08-17,28.5,29.979999542236328,28.25,28.89999961853028,18.541257858276367,229200,0.0,0.0,EVR,EVR
2006-08-18,28.89999961853028,29.979999542236328,28.36000061035156,29.979999542236328,19.2341537475586,93700,0.0,0.0,EVR,EVR
2006-08-21,30.299999237060547,30.8799991607666,29.75,30.75,19.7281551361084,137600,0.0,0.0,EVR,EVR
2006-08-22,30.950000762939453,31.39999961853028,30.0,30.280000686645508,19.42662239074707,71000,0.0,0.0,EVR,EVR
2006-08-23,30.280000686645508,31.0,29.850000381469727,30.670000076293945,19.67683219909668,124400,0.0,0.0,EVR,EVR
2006-08-24,30.670000076293945,31.540000915527344,30.200000762939453,31.32999992370605,20.10026359558105,71400,0.0,0.0,EVR,EVR
2006-08-25,31.440000534057617,32.150001525878906,31.14999961853028,31.700000762939453,20.33764839172364,147300,0.0,0.0,EVR,EVR
2006-08-28,31.450000762939453,31.64999961853028,29.920000076293945,30.040000915527344,19.272645950317383,78800,0.0,0.0,EVR,EVR
2006-08-29,29.84000015258789,29.84000015258789,28.25,28.64999961853028,18.3808650970459,188600,0.0,0.0,EVR,EVR
2006-08-30,28.5,29.0,27.75,28.75,18.44502639770508,68400,0.0,0.0,EVR,EVR
2006-08-31,28.770000457763672,29.440000534057617,28.600000381469727,28.75,18.44502639770508,65400,0.0,0.0,EVR,EVR
2006-09-01,28.799999237060547,28.850000381469727,27.89999961853028,28.84000015258789,18.50276565551757,58700,0.0,0.0,EVR,EVR
2006-09-05,28.959999084472656,29.600000381469727,28.959999084472656,29.36000061035156,18.836376190185547,132000,0.0,0.0,EVR,EVR
2006-09-06,29.299999237060547,29.479999542236328,28.350000381469727,28.64999961853028,18.3808650970459,44900,0.0,0.0,EVR,EVR
2006-09-07,28.5,28.5,27.39999961853028,27.450000762939453,17.61098861694336,59800,0.0,0.0,EVR,EVR
2006-09-08,27.3700008392334,27.39999961853028,26.40999984741211,26.59000015258789,17.05924415588379,49200,0.0,0.0,EVR,EVR
2006-09-11,26.64999961853028,27.489999771118164,26.450000762939453,27.440000534057617,17.60457420349121,51100,0.0,0.0,EVR,EVR
2006-09-12,27.63999938964844,28.989999771118164,27.299999237060547,28.709999084472656,18.41936683654785,94600,0.0,0.0,EVR,EVR
2006-09-13,28.770000457763672,30.39999961853028,28.770000457763672,30.0,19.246984481811523,163900,0.0,0.0,EVR,EVR
2006-09-14,29.850000381469727,30.700000762939453,29.799999237060547,30.56999969482422,19.61267471313477,65700,0.0,0.0,EVR,EVR
2006-09-15,30.520000457763672,31.100000381469727,29.8700008392334,30.549999237060547,19.59984970092773,79800,0.0,0.0,EVR,EVR
2006-09-18,30.479999542236328,30.549999237060547,29.959999084472656,30.229999542236328,19.394535064697266,41000,0.0,0.0,EVR,EVR
2006-09-19,30.229999542236328,30.229999542236328,28.959999084472656,30.200000762939453,19.37529754638672,77100,0.0,0.0,EVR,EVR
2006-09-20,30.100000381469727,31.5,29.84000015258789,30.0,19.246984481811523,83400,0.0,0.0,EVR,EVR
2006-09-21,30.0,30.31999969482422,29.5,29.96999931335449,19.227745056152344,61900,0.0,0.0,EVR,EVR
2006-09-22,30.0,30.100000381469727,29.549999237060547,29.600000381469727,18.990358352661133,17100,0.0,0.0,EVR,EVR
2006-09-25,29.600000381469727,30.8700008392334,29.25,30.14999961853028,19.34322166442871,54200,0.0,0.0,EVR,EVR
2006-09-26,30.350000381469727,30.350000381469727,29.75,30.0,19.246984481811523,31400,0.0,0.0,EVR,EVR
2006-09-27,30.0,30.200000762939453,29.600000381469727,29.84000015258789,19.144336700439453,47400,0.0,0.0,EVR,EVR
2006-09-28,29.84000015258789,30.049999237060547,29.43000030517578,29.71999931335449,19.067338943481445,89000,0.0,0.0,EVR,EVR
2006-09-29,29.64999961853028,29.64999961853028,28.25,28.799999237060547,18.47709846496582,131100,0.0,0.0,EVR,EVR
2006-10-02,28.799999237060547,29.420000076293945,28.75,28.920000076293945,18.55409049987793,35800,0.0,0.0,EVR,EVR
2006-10-03,28.81999969482422,29.14999961853028,28.700000762939453,29.049999237060547,18.637500762939453,25100,0.0,0.0,EVR,EVR
2006-10-04,29.0,31.200000762939453,28.51000022888184,31.170000076293945,19.997621536254883,72200,0.0,0.0,EVR,EVR
2006-10-05,31.270000457763672,31.270000457763672,30.540000915527344,31.100000381469727,19.952699661254883,101200,0.0,0.0,EVR,EVR
2006-10-06,31.100000381469727,33.4900016784668,31.0,31.6299991607666,20.2927303314209,99800,0.0,0.0,EVR,EVR
2006-10-09,32.5,33.86000061035156,32.20000076293945,33.5,21.49245834350586,146500,0.0,0.0,EVR,EVR
2006-10-10,33.599998474121094,34.5,33.54999923706055,33.54999923706055,21.5245361328125,129900,0.0,0.0,EVR,EVR
2006-10-11,33.5,34.060001373291016,32.70000076293945,33.86000061035156,21.723424911499023,112200,0.0,0.0,EVR,EVR
2006-10-12,34.0099983215332,35.279998779296875,34.0099983215332,35.0,22.45482063293457,59000,0.0,0.0,EVR,EVR
2006-10-13,34.91999816894531,34.91999816894531,34.09000015258789,34.349998474121094,22.037803649902344,40600,0.0,0.0,EVR,EVR
2006-10-16,34.599998474121094,35.2400016784668,34.400001525878906,34.90999984741211,22.39706039428711,55900,0.0,0.0,EVR,EVR
2006-10-17,35.099998474121094,35.25,34.40999984741211,34.81999969482422,22.339326858520508,40300,0.0,0.0,EVR,EVR
2006-10-18,34.83000183105469,34.880001068115234,32.81999969482422,33.33000183105469,21.38339614868164,47000,0.0,0.0,EVR,EVR
2006-10-19,33.33000183105469,35.25,33.33000183105469,35.25,22.61521339416504,142300,0.0,0.0,EVR,EVR
2006-10-20,35.5,36.09999847412109,34.599998474121094,35.380001068115234,22.6986026763916,106400,0.0,0.0,EVR,EVR
2006-10-23,36.29999923706055,37.400001525878906,35.900001525878906,36.83000183105469,23.628881454467773,198800,0.0,0.0,EVR,EVR
2006-10-24,37.0,37.79999923706055,36.90999984741211,37.13999938964844,23.82776260375977,126300,0.0,0.0,EVR,EVR
2006-10-25,37.29999923706055,37.4900016784668,37.150001525878906,37.45000076293945,24.02665901184082,41800,0.0,0.0,EVR,EVR
2006-10-26,37.5,39.720001220703125,37.4900016784668,39.400001525878906,25.27770233154297,91800,0.0,0.0,EVR,EVR
2006-10-27,39.70000076293945,40.04999923706055,39.20000076293945,39.310001373291016,25.2199649810791,88800,0.0,0.0,EVR,EVR
2006-10-30,39.060001373291016,39.5,38.34999847412109,38.5,24.70030212402344,74900,0.0,0.0,EVR,EVR
2006-10-31,38.900001525878906,38.900001525878906,36.119998931884766,36.68000030517578,23.53264045715332,158300,0.0,0.0,EVR,EVR
2006-11-01,36.540000915527344,36.900001525878906,34.20000076293945,35.95000076293945,23.064302444458008,191900,0.0,0.0,EVR,EVR
2006-11-02,35.70000076293945,35.70000076293945,34.25,34.84000015258789,22.352161407470703,85300,0.0,0.0,EVR,EVR
2006-11-03,34.84000015258789,35.5,34.84000015258789,35.5,22.77559280395508,124800,0.0,0.0,EVR,EVR
2006-11-06,33.81999969482422,35.849998474121094,33.470001220703125,34.65999984741211,22.236677169799805,288300,0.0,0.0,EVR,EVR
2006-11-07,34.65999984741211,36.0,32.65999984741211,33.459999084472656,21.4668025970459,217600,0.0,0.0,EVR,EVR
2006-11-08,33.70000076293945,34.5099983215332,30.479999542236328,32.20000076293945,20.65842628479004,256900,0.0,0.0,EVR,EVR
2006-11-09,31.600000381469727,32.119998931884766,30.25,31.540000915527344,20.23500061035156,225200,0.0,0.0,EVR,EVR
2006-11-10,31.540000915527344,32.36000061035156,31.530000686645508,32.20000076293945,20.65842628479004,149900,0.0,0.0,EVR,EVR
2006-11-13,32.0,32.04999923706055,31.21999931335449,32.0099983215332,20.536527633666992,118500,0.0,0.0,EVR,EVR
2006-11-14,32.08000183105469,34.599998474121094,32.08000183105469,34.400001525878906,22.069868087768555,171400,0.0,0.0,EVR,EVR
2006-11-15,34.34000015258789,35.95000076293945,34.25,35.099998474121094,22.51897430419922,139800,0.0,0.0,EVR,EVR
2006-11-16,34.70000076293945,37.400001525878906,34.70000076293945,36.91999816894531,23.68661880493164,265200,0.0,0.0,EVR,EVR
2006-11-17,36.869998931884766,38.150001525878906,36.060001373291016,37.79999923706055,24.25119972229004,122900,0.0,0.0,EVR,EVR
2006-11-20,38.5,38.5,37.04999923706055,38.20000076293945,24.507827758789062,83000,0.0,0.0,EVR,EVR
2006-11-21,38.150001525878906,38.150001525878906,37.52999877929688,37.54999923706055,24.090803146362305,22900,0.0,0.0,EVR,EVR
2006-11-22,37.54999923706055,37.54999923706055,36.900001525878906,37.060001373291016,23.77643394470215,29600,0.0,0.0,EVR,EVR
2006-11-24,37.060001373291016,37.459999084472656,36.59999847412109,37.290000915527344,23.92400360107422,31000,0.0,0.0,EVR,EVR
2006-11-27,37.29999923706055,37.29999923706055,35.29999923706055,35.900001525878906,23.03222274780273,129600,0.0,0.0,EVR,EVR
2006-11-28,35.79999923706055,36.13999938964844,35.43000030517578,36.02000045776367,23.109203338623047,97500,0.0,0.0,EVR,EVR
2006-11-29,36.09999847412109,36.310001373291016,35.75,36.11000061035156,23.16694068908692,75600,0.0,0.0,EVR,EVR
2006-11-30,36.25,37.02999877929688,35.939998626708984,36.88999938964844,23.667367935180664,51400,0.0,0.0,EVR,EVR
2006-12-01,37.09999847412109,37.29999923706055,35.689998626708984,35.93000030517578,23.05147171020508,35000,0.0,0.0,EVR,EVR
2006-12-04,35.900001525878906,35.959999084472656,34.06999969482422,35.29999923706055,22.647289276123047,140300,0.0,0.0,EVR,EVR
2006-12-05,35.29999923706055,35.72999954223633,35.16999816894531,35.72999954223633,22.92316055297852,26100,0.0,0.0,EVR,EVR
2006-12-06,35.72999954223633,36.11000061035156,35.630001068115234,36.04999923706055,23.128463745117188,16700,0.0,0.0,EVR,EVR
2006-12-07,36.150001525878906,36.27000045776367,35.4900016784668,35.59000015258789,22.83333778381348,15200,0.0,0.0,EVR,EVR
2006-12-08,35.59000015258789,35.650001525878906,35.209999084472656,35.31999969482422,22.66012191772461,10900,0.0,0.0,EVR,EVR
2006-12-11,35.220001220703125,36.810001373291016,35.06999969482422,36.29999923706055,23.2888412475586,39200,0.0,0.0,EVR,EVR
2006-12-12,36.29999923706055,36.29999923706055,35.56999969482422,36.20000076293945,23.224699020385746,29400,0.0,0.0,EVR,EVR
2006-12-13,36.22999954223633,37.400001525878906,36.22999954223633,36.459999084472656,23.391502380371094,97900,0.0,0.0,EVR,EVR
2006-12-14,36.459999084472656,37.20000076293945,35.849998474121094,35.86000061035156,23.00655937194824,66700,0.0,0.0,EVR,EVR
2006-12-15,35.86000061035156,36.040000915527344,35.25,35.70000076293945,22.903913497924805,29000,0.0,0.0,EVR,EVR
2006-12-18,35.599998474121094,36.16999816894531,34.75,34.93000030517578,22.409910202026367,22100,0.0,0.0,EVR,EVR
2006-12-19,34.91999816894531,35.31999969482422,33.689998626708984,35.20000076293945,22.583127975463867,45200,0.0,0.0,EVR,EVR
2006-12-20,35.04999923706055,35.47999954223633,34.90999984741211,35.27000045776367,22.62804412841797,40600,0.0,0.0,EVR,EVR
2006-12-21,35.27000045776367,35.650001525878906,35.16999816894531,35.599998474121094,22.839744567871094,16100,0.0,0.0,EVR,EVR
2006-12-22,35.54999923706055,35.54999923706055,34.52000045776367,34.7599983215332,22.30083656311035,5900,0.0,0.0,EVR,EVR
2006-12-26,34.63999938964844,34.70000076293945,34.099998474121094,34.70000076293945,22.26234245300293,14900,0.0,0.0,EVR,EVR
2006-12-27,34.75,35.7400016784668,34.75,35.619998931884766,22.85257911682129,27000,0.0,0.0,EVR,EVR
2006-12-28,35.61000061035156,35.70000076293945,35.58000183105469,35.650001525878906,22.871826171875,18600,0.0,0.0,EVR,EVR
2006-12-29,35.849998474121094,36.900001525878906,35.83000183105469,36.84999847412109,23.641706466674805,44700,0.0,0.0,EVR,EVR
2007-01-03,36.75,36.790000915527344,34.95000076293945,36.5099983215332,23.4235782623291,51700,0.0,0.0,EVR,EVR
2007-01-04,36.5099983215332,38.29999923706055,36.5,37.84999847412109,24.28327751159668,42700,0.0,0.0,EVR,EVR
2007-01-05,37.70000076293945,38.25,36.79999923706055,37.0,23.737939834594727,46600,0.0,0.0,EVR,EVR
2007-01-08,36.75,36.7599983215332,35.869998931884766,35.97999954223633,23.08354377746582,58200,0.0,0.0,EVR,EVR
2007-01-09,35.849998474121094,36.16999816894531,35.540000915527344,36.0,23.096378326416016,23800,0.0,0.0,EVR,EVR
2007-01-10,35.900001525878906,37.75,35.43000030517578,36.72999954223633,23.56473159790039,66300,0.0,0.0,EVR,EVR
2007-01-11,36.95000076293945,37.52999877929688,36.83000183105469,37.400001525878906,23.994585037231445,24200,0.0,0.0,EVR,EVR
2007-01-12,37.47999954223633,37.47999954223633,36.18000030517578,36.84999847412109,23.641706466674805,36800,0.0,0.0,EVR,EVR
2007-01-16,36.79999923706055,37.09999847412109,35.83000183105469,35.95000076293945,23.064302444458008,87400,0.0,0.0,EVR,EVR
2007-01-17,35.900001525878906,36.119998931884766,35.900001525878906,35.900001525878906,23.03222274780273,28100,0.0,0.0,EVR,EVR
2007-01-18,35.91999816894531,35.91999816894531,35.0,35.34000015258789,22.672950744628903,41300,0.0,0.0,EVR,EVR
2007-01-19,35.20000076293945,35.2400016784668,34.709999084472656,35.0,22.45482063293457,28400,0.0,0.0,EVR,EVR
2007-01-22,34.849998474121094,34.849998474121094,33.5,33.63999938964844,21.58228874206543,88800,0.0,0.0,EVR,EVR
2007-01-23,33.5,33.52000045776367,33.20000076293945,33.27000045776367,21.34490966796875,86000,0.0,0.0,EVR,EVR
2007-01-24,33.099998474121094,33.20000076293945,32.83000183105469,32.959999084472656,21.1460189819336,162900,0.0,0.0,EVR,EVR
2007-01-25,33.099998474121094,33.29999923706055,32.70000076293945,32.810001373291016,21.04978370666504,21800,0.0,0.0,EVR,EVR
2007-01-26,32.810001373291016,33.31999969482422,32.72999954223633,33.31999969482422,21.37697982788086,53000,0.0,0.0,EVR,EVR
2007-01-29,33.29999923706055,33.400001525878906,32.81999969482422,33.09000015258789,21.22941970825196,40200,0.0,0.0,EVR,EVR
2007-01-30,32.849998474121094,33.93000030517578,32.849998474121094,33.90999984741211,21.755504608154297,18100,0.0,0.0,EVR,EVR
2007-01-31,33.709999084472656,34.20000076293945,33.58000183105469,33.88999938964844,21.74267578125,22100,0.0,0.0,EVR,EVR
2007-02-01,33.88999938964844,33.91999816894531,32.290000915527344,32.369998931884766,20.76748847961425,64900,0.0,0.0,EVR,EVR
2007-02-02,32.369998931884766,33.720001220703125,32.04999923706055,33.720001220703125,21.633607864379883,66000,0.0,0.0,EVR,EVR
2007-02-05,33.68000030517578,33.939998626708984,32.970001220703125,33.220001220703125,21.31282424926757,11300,0.0,0.0,EVR,EVR
2007-02-06,33.2400016784668,34.060001373291016,33.209999084472656,33.95000076293945,21.781169891357425,29100,0.0,0.0,EVR,EVR
2007-02-07,34.099998474121094,34.150001525878906,33.84000015258789,34.119998931884766,21.89023399353028,21500,0.0,0.0,EVR,EVR
2007-02-08,34.150001525878906,34.18000030517578,34.060001373291016,34.11000061035156,21.883813858032227,32300,0.0,0.0,EVR,EVR
2007-02-09,34.11000061035156,35.16999816894531,34.11000061035156,34.90999984741211,22.39706039428711,96200,0.0,0.0,EVR,EVR
2007-02-12,34.939998626708984,35.04999923706055,33.900001525878906,34.0,21.8132438659668,16300,0.0,0.0,EVR,EVR
2007-02-13,34.0,34.0,33.189998626708984,33.20000076293945,21.29999542236328,31100,0.0,0.0,EVR,EVR
2007-02-14,33.189998626708984,34.47999954223633,33.15999984741211,33.79999923706055,21.6849365234375,48400,0.0,0.0,EVR,EVR
2007-02-15,33.79999923706055,34.02000045776367,32.84000015258789,32.939998626708984,21.133190155029297,96500,0.0,0.0,EVR,EVR
2007-02-16,32.88999938964844,33.31999969482422,32.66999816894531,32.66999816894531,20.959959030151367,104200,0.0,0.0,EVR,EVR
2007-02-20,32.66999816894531,32.869998931884766,32.25,32.58000183105469,20.9022159576416,54000,0.0,0.0,EVR,EVR
2007-02-21,32.54999923706055,33.150001525878906,32.54999923706055,32.70000076293945,20.979204177856445,54700,0.0,0.0,EVR,EVR
2007-02-22,32.70000076293945,33.349998474121094,32.5,33.04999923706055,21.203763961791992,96800,0.0,0.0,EVR,EVR
2007-02-23,32.95000076293945,33.70000076293945,32.95000076293945,33.400001525878906,21.42831420898437,24000,0.0,0.0,EVR,EVR
2007-02-26,33.400001525878906,33.45000076293945,32.790000915527344,32.900001525878906,21.10752487182617,85000,0.0,0.0,EVR,EVR
2007-02-27,32.79999923706055,32.88999938964844,31.799999237060547,31.799999237060547,20.401796340942383,61400,0.0,0.0,EVR,EVR
2007-02-28,32.720001220703125,32.900001525878906,31.489999771118164,32.09000015258789,20.587854385375977,89700,0.0,0.0,EVR,EVR
2007-03-01,31.89999961853028,32.45000076293945,31.309999465942383,31.96999931335449,20.51087188720703,123700,0.0,0.0,EVR,EVR
2007-03-02,31.920000076293945,32.099998474121094,31.75,31.89999961853028,20.465959548950195,29700,0.0,0.0,EVR,EVR
2007-03-05,31.799999237060547,31.84000015258789,30.31999969482422,30.850000381469727,19.79231071472168,45700,0.0,0.0,EVR,EVR
2007-03-06,30.86000061035156,31.959999084472656,30.850000381469727,31.84000015258789,20.427471160888672,66200,0.0,0.0,EVR,EVR
2007-03-07,31.799999237060547,31.799999237060547,31.350000381469727,31.459999084472656,20.183666229248047,5700,0.0,0.0,EVR,EVR
2007-03-08,31.459999084472656,31.86000061035156,31.459999084472656,31.65999984741211,20.35728073120117,18300,0.07,0.0,EVR,EVR
2007-03-09,31.76000022888184,31.76000022888184,31.350000381469727,31.600000381469727,20.318702697753903,19200,0.0,0.0,EVR,EVR
2007-03-12,31.59000015258789,31.850000381469727,31.479999542236328,31.799999237060547,20.44729423522949,8300,0.0,0.0,EVR,EVR
2007-03-13,31.799999237060547,31.959999084472656,31.049999237060547,31.280000686645508,20.11294174194336,67100,0.0,0.0,EVR,EVR
2007-03-14,31.299999237060547,32.540000915527344,31.26000022888184,32.209999084472656,20.710922241210938,28600,0.0,0.0,EVR,EVR
2007-03-15,32.290000915527344,32.41999816894531,32.099998474121094,32.25,20.73664665222168,12300,0.0,0.0,EVR,EVR
2007-03-16,32.25,33.040000915527344,32.099998474121094,32.70000076293945,21.02598571777344,72000,0.0,0.0,EVR,EVR
2007-03-19,32.790000915527344,32.86000061035156,32.70000076293945,32.790000915527344,21.0838623046875,12700,0.0,0.0,EVR,EVR
2007-03-20,32.810001373291016,33.09000015258789,32.75,32.88999938964844,21.148162841796875,5500,0.0,0.0,EVR,EVR
2007-03-21,32.900001525878906,32.900001525878906,31.65999984741211,32.349998474121094,20.80094718933105,75400,0.0,0.0,EVR,EVR
2007-03-22,32.220001220703125,32.47999954223633,31.809999465942383,31.989999771118164,20.56946182250977,21800,0.0,0.0,EVR,EVR
2007-03-23,31.96999931335449,32.400001525878906,31.68000030517578,31.989999771118164,20.56946182250977,87900,0.0,0.0,EVR,EVR
2007-03-26,31.979999542236328,32.0,31.21999931335449,31.39999961853028,20.190092086791992,76500,0.0,0.0,EVR,EVR
2007-03-27,31.40999984741211,31.40999984741211,31.25,31.38999938964844,20.183666229248047,16800,0.0,0.0,EVR,EVR
2007-03-28,31.38999938964844,31.770000457763672,30.36000061035156,30.559999465942383,19.649980545043945,129300,0.0,0.0,EVR,EVR
2007-03-29,30.75,31.780000686645508,29.799999237060547,31.190000534057617,20.055065155029297,136000,0.0,0.0,EVR,EVR
2007-03-30,31.280000686645508,31.5,31.190000534057617,31.190000534057617,20.055065155029297,38200,0.0,0.0,EVR,EVR
2007-04-02,31.100000381469727,31.489999771118164,30.14999961853028,30.950000762939453,19.9007511138916,28900,0.0,0.0,EVR,EVR
2007-04-03,30.989999771118164,31.6200008392334,30.700000762939453,31.520000457763672,20.267257690429688,84500,0.0,0.0,EVR,EVR
2007-04-04,31.489999771118164,32.06999969482422,31.40999984741211,31.5,20.25440216064453,27800,0.0,0.0,EVR,EVR
2007-04-05,31.5,32.16999816894531,31.25,31.61000061035156,20.32512664794922,57200,0.0,0.0,EVR,EVR
2007-04-09,31.51000022888184,32.099998474121094,31.39999961853028,31.950000762939453,20.54374313354492,12500,0.0,0.0,EVR,EVR
2007-04-10,31.89999961853028,33.09000015258789,31.06999969482422,31.200000762939453,20.061506271362305,69900,0.0,0.0,EVR,EVR
2007-04-11,30.959999084472656,31.0,29.989999771118164,30.13999938964844,19.379920959472656,135300,0.0,0.0,EVR,EVR
2007-04-12,30.239999771118164,30.459999084472656,29.600000381469727,30.31999969482422,19.49566078186035,40400,0.0,0.0,EVR,EVR
2007-04-13,30.34000015258789,30.5,30.32999992370605,30.39999961853028,19.54710960388184,29300,0.0,0.0,EVR,EVR
2007-04-16,30.549999237060547,32.220001220703125,30.520000457763672,31.809999465942383,20.45372772216797,37300,0.0,0.0,EVR,EVR
2007-04-17,31.8799991607666,31.989999771118164,31.40999984741211,31.559999465942383,20.29297637939453,52300,0.0,0.0,EVR,EVR
2007-04-18,31.530000686645508,31.8799991607666,31.39999961853028,31.75,20.415149688720703,27500,0.0,0.0,EVR,EVR
2007-04-19,31.700000762939453,32.130001068115234,31.459999084472656,31.84000015258789,20.473020553588867,9700,0.0,0.0,EVR,EVR
2007-04-20,31.940000534057617,33.040000915527344,31.790000915527344,33.02000045776367,21.23174476623535,50800,0.0,0.0,EVR,EVR
2007-04-23,32.83000183105469,33.720001220703125,31.88999938964844,33.119998931884766,21.29605484008789,33700,0.0,0.0,EVR,EVR
2007-04-24,33.0,33.0,31.96999931335449,32.130001068115234,20.659500122070312,40700,0.0,0.0,EVR,EVR
2007-04-25,32.25,32.43000030517578,31.0,31.26000022888184,20.100082397460938,59600,0.0,0.0,EVR,EVR
2007-04-26,31.31999969482422,31.540000915527344,30.770000457763672,31.0,19.932899475097656,43500,0.0,0.0,EVR,EVR
2007-04-27,30.89999961853028,31.09000015258789,30.3700008392334,30.3700008392334,19.527812957763672,26000,0.0,0.0,EVR,EVR
2007-04-30,30.3700008392334,30.989999771118164,28.850000381469727,28.940000534057617,18.608327865600582,682400,0.0,0.0,EVR,EVR
2007-05-01,29.030000686645508,29.540000915527344,28.81999969482422,29.01000022888184,18.65333366394043,343400,0.0,0.0,EVR,EVR
2007-05-02,29.06999969482422,29.350000381469727,28.75,28.89999961853028,18.582603454589844,58000,0.0,0.0,EVR,EVR
2007-05-03,28.979999542236328,30.5,28.75,28.989999771118164,18.640474319458008,119700,0.0,0.0,EVR,EVR
2007-05-04,29.0,29.299999237060547,28.790000915527344,29.299999237060547,18.83980369567871,78000,0.0,0.0,EVR,EVR
2007-05-07,29.31999969482422,30.25,29.100000381469727,29.90999984741211,19.23203659057617,73000,0.0,0.0,EVR,EVR
2007-05-08,30.0,30.100000381469727,29.61000061035156,29.84000015258789,19.1870231628418,38400,0.0,0.0,EVR,EVR
2007-05-09,30.0,30.75,29.450000762939453,30.0,19.289905548095703,76100,0.0,0.0,EVR,EVR
2007-05-10,30.09000015258789,30.18000030517578,29.06999969482422,29.200000762939453,18.77549743652344,33400,0.0,0.0,EVR,EVR
2007-05-11,29.21999931335449,29.76000022888184,28.950000762939453,29.299999237060547,18.83980369567871,85100,0.0,0.0,EVR,EVR
2007-05-14,28.799999237060547,30.479999542236328,28.75,30.34000015258789,19.50851821899414,117700,0.0,0.0,EVR,EVR
2007-05-15,32.380001068115234,32.970001220703125,30.0,30.36000061035156,19.521381378173828,171300,0.0,0.0,EVR,EVR
2007-05-16,30.32999992370605,30.350000381469727,29.200000762939453,30.309999465942383,19.489229202270508,126400,0.0,0.0,EVR,EVR
2007-05-17,30.309999465942383,30.780000686645508,29.549999237060547,30.350000381469727,19.514949798583984,161600,0.0,0.0,EVR,EVR
2007-05-18,30.14999961853028,30.8799991607666,29.549999237060547,29.549999237060547,19.00054931640625,1680500,0.0,0.0,EVR,EVR
2007-05-21,29.6299991607666,30.809999465942383,29.6299991607666,30.32999992370605,19.502086639404297,372400,0.0,0.0,EVR,EVR
2007-05-22,30.299999237060547,30.299999237060547,29.89999961853028,30.100000381469727,19.354209899902344,103600,0.0,0.0,EVR,EVR
2007-05-23,30.100000381469727,30.39999961853028,29.01000022888184,29.520000457763672,18.98126220703125,247000,0.0,0.0,EVR,EVR
2007-05-24,29.51000022888184,30.13999938964844,29.440000534057617,29.739999771118164,19.12272453308105,130100,0.0,0.0,EVR,EVR
2007-05-25,29.739999771118164,29.89999961853028,29.51000022888184,29.81999969482422,19.17416000366211,37800,0.0,0.0,EVR,EVR
2007-05-29,29.950000762939453,31.0,29.8700008392334,30.959999084472656,19.907182693481445,126900,0.0,0.0,EVR,EVR
2007-05-30,30.799999237060547,31.920000076293945,30.799999237060547,31.68000030517578,20.436147689819336,175800,0.1,0.0,EVR,EVR
2007-05-31,31.729999542236328,32.400001525878906,30.93000030517578,31.709999084472656,20.45549392700196,204000,0.0,0.0,EVR,EVR
2007-06-01,31.950000762939453,32.70000076293945,31.799999237060547,32.52000045776367,20.978012084960938,117300,0.0,0.0,EVR,EVR
2007-06-04,32.52000045776367,33.0,32.290000915527344,32.65999984741211,21.06831741333008,68600,0.0,0.0,EVR,EVR
2007-06-05,32.630001068115234,33.0,31.780000686645508,33.0,21.28765106201172,30700,0.0,0.0,EVR,EVR
2007-06-06,32.54999923706055,32.54999923706055,31.270000457763672,31.729999542236328,20.468402862548828,125300,0.0,0.0,EVR,EVR
2007-06-07,31.8700008392334,32.099998474121094,30.799999237060547,30.979999542236328,19.984582901000977,115600,0.0,0.0,EVR,EVR
2007-06-08,31.100000381469727,31.40999984741211,30.729999542236328,31.0,19.997493743896484,94000,0.0,0.0,EVR,EVR
2007-06-11,31.14999961853028,31.170000076293945,30.709999084472656,31.01000022888184,20.00394058227539,57200,0.0,0.0,EVR,EVR
2007-06-12,30.3700008392334,31.0,29.81999969482422,30.709999084472656,19.810426712036133,59900,0.0,0.0,EVR,EVR
2007-06-13,30.959999084472656,31.350000381469727,30.459999084472656,31.049999237060547,20.02973937988281,47100,0.0,0.0,EVR,EVR
2007-06-14,30.799999237060547,31.350000381469727,30.68000030517578,30.739999771118164,19.82976150512696,64900,0.0,0.0,EVR,EVR
2007-06-15,31.190000534057617,32.040000915527344,30.299999237060547,30.51000022888184,19.68140411376953,367100,0.0,0.0,EVR,EVR
2007-06-18,30.51000022888184,30.61000061035156,29.15999984741211,29.309999465942383,18.907310485839844,314600,0.0,0.0,EVR,EVR
2007-06-19,29.309999465942383,30.11000061035156,29.309999465942383,29.86000061035156,19.26210021972656,166100,0.0,0.0,EVR,EVR
2007-06-20,30.09000015258789,30.489999771118164,29.25,29.440000534057617,18.99116516113281,151500,0.0,0.0,EVR,EVR
2007-06-21,29.670000076293945,29.670000076293945,28.850000381469727,29.170000076293945,18.81699562072754,96700,0.0,0.0,EVR,EVR
2007-06-22,29.229999542236328,29.229999542236328,27.61000061035156,27.780000686645508,17.92033576965332,507200,0.0,0.0,EVR,EVR
2007-06-25,27.850000381469727,28.18000030517578,27.739999771118164,28.18000030517578,18.178369522094727,167100,0.0,0.0,EVR,EVR
2007-06-26,28.200000762939453,28.459999084472656,27.81999969482422,28.39999961853028,18.320281982421875,63100,0.0,0.0,EVR,EVR
2007-06-27,28.209999084472656,28.739999771118164,28.01000022888184,28.299999237060547,18.25576400756836,107700,0.0,0.0,EVR,EVR
2007-06-28,28.299999237060547,29.11000061035156,28.270000457763672,28.8799991607666,18.629919052124023,121000,0.0,0.0,EVR,EVR
2007-06-29,29.0,29.950000762939453,29.0,29.770000457763672,19.204042434692383,106900,0.0,0.0,EVR,EVR
2007-07-02,29.770000457763672,29.850000381469727,29.559999465942383,29.850000381469727,19.255651473999023,179500,0.0,0.0,EVR,EVR
2007-07-03,30.030000686645508,30.76000022888184,29.88999938964844,30.07999992370605,19.404014587402344,45600,0.0,0.0,EVR,EVR
2007-07-05,30.1299991607666,30.170000076293945,29.790000915527344,30.01000022888184,19.35886001586914,35900,0.0,0.0,EVR,EVR
2007-07-06,29.93000030517578,30.040000915527344,29.64999961853028,29.90999984741211,19.294353485107425,70000,0.0,0.0,EVR,EVR
2007-07-09,29.89999961853028,29.90999984741211,28.959999084472656,29.299999237060547,18.90085792541504,66800,0.0,0.0,EVR,EVR
2007-07-10,29.100000381469727,29.959999084472656,29.030000686645508,29.350000381469727,18.93310546875,97000,0.0,0.0,EVR,EVR
2007-07-11,29.209999084472656,29.709999084472656,29.209999084472656,29.5,19.029878616333008,40300,0.0,0.0,EVR,EVR
2007-07-12,29.64999961853028,30.36000061035156,29.64999961853028,30.0,19.35240936279297,57300,0.0,0.0,EVR,EVR
2007-07-13,29.850000381469727,29.850000381469727,29.39999961853028,29.76000022888184,19.197586059570312,28700,0.0,0.0,EVR,EVR
2007-07-16,29.600000381469727,29.96999931335449,29.21999931335449,29.350000381469727,18.93310546875,55900,0.0,0.0,EVR,EVR
2007-07-17,29.290000915527344,29.5,29.020000457763672,29.020000457763672,18.720230102539062,68900,0.0,0.0,EVR,EVR
2007-07-18,28.799999237060547,28.799999237060547,27.5,28.040000915527344,18.088058471679688,92200,0.0,0.0,EVR,EVR
2007-07-19,28.299999237060547,28.780000686645508,28.049999237060547,28.51000022888184,18.391244888305664,46100,0.0,0.0,EVR,EVR
2007-07-20,28.450000762939453,28.450000762939453,26.57999992370605,26.739999771118164,17.249452590942383,200900,0.0,0.0,EVR,EVR
2007-07-23,26.739999771118164,27.07999992370605,25.84000015258789,26.01000022888184,16.778539657592773,174900,0.0,0.0,EVR,EVR
2007-07-24,26.549999237060547,27.670000076293945,25.13999938964844,25.3799991607666,16.372142791748047,424100,0.0,0.0,EVR,EVR
2007-07-25,25.670000076293945,25.989999771118164,25.299999237060547,25.8700008392334,16.68822479248047,85700,0.0,0.0,EVR,EVR
2007-07-26,25.75,25.75,23.0,24.15999984741211,15.585142135620115,238900,0.0,0.0,EVR,EVR
2007-07-27,23.93000030517578,24.59000015258789,23.040000915527344,24.459999084472656,15.77866554260254,110400,0.0,0.0,EVR,EVR
2007-07-30,24.450000762939453,25.25,23.64999961853028,25.030000686645508,16.1463623046875,69800,0.0,0.0,EVR,EVR
2007-07-31,25.350000381469727,25.450000762939453,23.549999237060547,24.040000915527344,15.507731437683104,138300,0.0,0.0,EVR,EVR
2007-08-01,23.950000762939453,24.170000076293945,22.700000762939453,23.450000762939453,15.1271390914917,120700,0.0,0.0,EVR,EVR
2007-08-02,23.489999771118164,23.6200008392334,22.1299991607666,22.1299991607666,14.275629043579102,138300,0.0,0.0,EVR,EVR
2007-08-03,22.14999961853028,22.14999961853028,19.93000030517578,20.049999237060547,12.933857917785645,180700,0.0,0.0,EVR,EVR
2007-08-06,20.09000015258789,20.5,18.64999961853028,20.0,12.901604652404783,381700,0.0,0.0,EVR,EVR
2007-08-07,19.5,23.059999465942383,19.5,20.549999237060547,13.256403923034668,435300,0.0,0.0,EVR,EVR
2007-08-08,20.600000381469727,22.01000022888184,19.1299991607666,20.600000381469727,13.28865909576416,313000,0.0,0.0,EVR,EVR
2007-08-09,20.299999237060547,21.31999969482422,20.100000381469727,21.13999938964844,13.637002944946287,349100,0.0,0.0,EVR,EVR
2007-08-10,21.030000686645508,22.0,20.89999961853028,21.64999961853028,13.965993881225586,387600,0.0,0.0,EVR,EVR
2007-08-13,22.0,22.86000061035156,21.600000381469727,21.76000022888184,14.036952018737791,196600,0.0,0.0,EVR,EVR
2007-08-14,21.71999931335449,21.84000015258789,20.46999931335449,20.950000762939453,13.51443862915039,303100,0.0,0.0,EVR,EVR
2007-08-15,21.01000022888184,21.39999961853028,19.920000076293945,20.14999961853028,12.998367309570312,442700,0.0,0.0,EVR,EVR
2007-08-16,20.350000381469727,22.61000061035156,20.32999992370605,21.559999465942383,13.907933235168455,443700,0.0,0.0,EVR,EVR
2007-08-17,22.40999984741211,26.06999969482422,21.39999961853028,23.059999465942383,14.875558853149414,201400,0.0,0.0,EVR,EVR
2007-08-20,23.100000381469727,23.200000762939453,21.209999084472656,22.0,14.191767692565918,97200,0.0,0.0,EVR,EVR
2007-08-21,22.100000381469727,23.76000022888184,21.86000061035156,23.18000030517578,14.952959060668944,86700,0.0,0.0,EVR,EVR
2007-08-22,23.39999961853028,23.549999237060547,22.46999931335449,22.979999542236328,14.82394790649414,120200,0.0,0.0,EVR,EVR
2007-08-23,23.100000381469727,23.8700008392334,22.71999931335449,22.799999237060547,14.707826614379885,124800,0.0,0.0,EVR,EVR
2007-08-24,22.770000457763672,23.06999969482422,21.8700008392334,22.0,14.191767692565918,71200,0.0,0.0,EVR,EVR
2007-08-27,21.700000762939453,22.0,20.920000076293945,21.239999771118164,13.701505661010742,98700,0.0,0.0,EVR,EVR
2007-08-28,21.07999992370605,21.200000762939453,20.479999542236328,20.56999969482422,13.269302368164062,164000,0.0,0.0,EVR,EVR
2007-08-29,20.64999961853028,21.36000061035156,20.459999084472656,21.15999984741211,13.729997634887695,206800,0.12,0.0,EVR,EVR
2007-08-30,21.15999984741211,21.59000015258789,20.940000534057617,21.21999931335449,13.768930435180664,67400,0.0,0.0,EVR,EVR
2007-08-31,21.43000030517578,21.43000030517578,20.809999465942383,20.950000762939453,13.593740463256836,84700,0.0,0.0,EVR,EVR
2007-09-04,20.989999771118164,21.200000762939453,20.950000762939453,21.13999938964844,13.717026710510254,131000,0.0,0.0,EVR,EVR
2007-09-05,21.350000381469727,21.350000381469727,21.040000915527344,21.049999237060547,13.658621788024902,116900,0.0,0.0,EVR,EVR
2007-09-06,21.31999969482422,21.75,21.01000022888184,21.229999542236328,13.775416374206545,54500,0.0,0.0,EVR,EVR
2007-09-07,21.049999237060547,21.280000686645508,20.84000015258789,20.86000061035156,13.535334587097168,118900,0.0,0.0,EVR,EVR
2007-09-10,21.14999961853028,21.75,20.88999938964844,20.959999084472656,13.600218772888184,77300,0.0,0.0,EVR,EVR
2007-09-11,21.0,21.450000762939453,20.979999542236328,21.40999984741211,13.892217636108398,77500,0.0,0.0,EVR,EVR
2007-09-12,21.239999771118164,22.239999771118164,21.239999771118164,22.030000686645508,14.294508934020996,63600,0.0,0.0,EVR,EVR
2007-09-13,22.0,22.09000015258789,21.459999084472656,21.979999542236328,14.262067794799805,71200,0.0,0.0,EVR,EVR
2007-09-14,21.63999938964844,21.82999992370605,20.940000534057617,21.46999931335449,13.931147575378418,63200,0.0,0.0,EVR,EVR
2007-09-17,21.440000534057617,21.82999992370605,20.8799991607666,21.049999237060547,13.658621788024902,94400,0.0,0.0,EVR,EVR
2007-09-18,21.239999771118164,23.25,21.0,23.15999984741211,15.027725219726562,137700,0.0,0.0,EVR,EVR
2007-09-19,23.25,24.06999969482422,23.09000015258789,23.86000061035156,15.481934547424316,116700,0.0,0.0,EVR,EVR
2007-09-20,23.940000534057617,24.0,23.209999084472656,23.299999237060547,15.118568420410156,76800,0.0,0.0,EVR,EVR
2007-09-21,23.520000457763672,24.309999465942383,22.790000915527344,23.81999969482422,15.455978393554688,87100,0.0,0.0,EVR,EVR
2007-09-24,23.63999938964844,23.8700008392334,23.1200008392334,23.540000915527344,15.274300575256348,102600,0.0,0.0,EVR,EVR
2007-09-25,23.440000534057617,24.40999984741211,23.25,24.32999992370605,15.786906242370604,119200,0.0,0.0,EVR,EVR
2007-09-26,24.440000534057617,24.979999542236328,23.8799991607666,24.84000015258789,16.117828369140625,133800,0.0,0.0,EVR,EVR
2007-09-27,24.96999931335449,26.059999465942383,24.850000381469727,25.46999931335449,16.52660369873047,150000,0.0,0.0,EVR,EVR
2007-09-28,25.46999931335449,26.88999938964844,24.88999938964844,26.290000915527344,17.058673858642578,138300,0.0,0.0,EVR,EVR
2007-10-01,26.21999931335449,26.21999931335449,25.14999961853028,25.979999542236328,16.857526779174805,226900,0.0,0.0,EVR,EVR
2007-10-02,26.100000381469727,26.739999771118164,25.450000762939453,25.540000915527344,16.57202911376953,196600,0.0,0.0,EVR,EVR
2007-10-03,25.540000915527344,26.8799991607666,25.450000762939453,25.770000457763672,16.721271514892578,148800,0.0,0.0,EVR,EVR
2007-10-04,25.8700008392334,26.14999961853028,25.239999771118164,26.11000061035156,16.941877365112305,93800,0.0,0.0,EVR,EVR
2007-10-05,26.450000762939453,26.96999931335449,25.770000457763672,26.799999237060547,17.38960075378418,106000,0.0,0.0,EVR,EVR
2007-10-08,26.6299991607666,26.809999465942383,26.0,26.670000076293945,17.30525779724121,60300,0.0,0.0,EVR,EVR
2007-10-09,26.700000762939453,27.88999938964844,26.459999084472656,27.88999938964844,18.09687232971192,174000,0.0,0.0,EVR,EVR
2007-10-10,27.780000686645508,27.780000686645508,26.36000061035156,26.90999984741211,17.460973739624023,127000,0.0,0.0,EVR,EVR
2007-10-11,27.06999969482422,27.11000061035156,25.850000381469727,26.56999969482422,17.240360260009766,55100,0.0,0.0,EVR,EVR
2007-10-12,26.65999984741211,27.030000686645508,26.479999542236328,26.81999969482422,17.40257453918457,53100,0.0,0.0,EVR,EVR
2007-10-15,26.799999237060547,27.280000686645508,25.709999084472656,25.8799991607666,16.79264259338379,68200,0.0,0.0,EVR,EVR
2007-10-16,25.93000030517578,26.3700008392334,25.65999984741211,26.270000457763672,17.045700073242188,69300,0.0,0.0,EVR,EVR
2007-10-17,26.479999542236328,26.479999542236328,25.170000076293945,25.6299991607666,16.63042640686035,50100,0.0,0.0,EVR,EVR
2007-10-18,25.530000686645508,25.530000686645508,24.190000534057617,24.5,15.897204399108888,131100,0.0,0.0,EVR,EVR
2007-10-19,24.309999465942383,24.5,22.76000022888184,23.25,15.086129188537598,157000,0.0,0.0,EVR,EVR
2007-10-22,22.88999938964844,24.170000076293945,22.88999938964844,24.09000015258789,15.631180763244627,37900,0.0,0.0,EVR,EVR
2007-10-23,24.25,24.25,22.90999984741211,23.780000686645508,15.430028915405272,34400,0.0,0.0,EVR,EVR
2007-10-24,23.64999961853028,23.670000076293945,22.690000534057617,23.040000915527344,14.949870109558104,74700,0.0,0.0,EVR,EVR
2007-10-25,23.21999931335449,23.76000022888184,22.700000762939453,23.63999938964844,15.339190483093262,36400,0.0,0.0,EVR,EVR
2007-10-26,24.11000061035156,25.0,23.809999465942383,25.0,16.221633911132812,39600,0.0,0.0,EVR,EVR
2007-10-29,25.0,25.200000762939453,24.190000534057617,25.049999237060547,16.254085540771484,74400,0.0,0.0,EVR,EVR
2007-10-30,24.989999771118164,25.670000076293945,24.82999992370605,25.200000762939453,16.351415634155273,41400,0.0,0.0,EVR,EVR
2007-10-31,25.11000061035156,26.459999084472656,25.11000061035156,25.93000030517578,16.82508659362793,99700,0.0,0.0,EVR,EVR
2007-11-01,25.299999237060547,27.200000762939453,25.299999237060547,25.520000457763672,16.559051513671875,163900,0.0,0.0,EVR,EVR
2007-11-02,25.729999542236328,25.729999542236328,23.93000030517578,24.239999771118164,15.728508949279783,121700,0.0,0.0,EVR,EVR
2007-11-05,24.13999938964844,25.36000061035156,24.07999992370605,25.21999931335449,16.364391326904297,104100,0.0,0.0,EVR,EVR
2007-11-06,25.0,26.100000381469727,25.0,25.84000015258789,16.766691207885742,65800,0.0,0.0,EVR,EVR
2007-11-07,25.549999237060547,25.950000762939453,25.049999237060547,25.520000457763672,16.559051513671875,64900,0.0,0.0,EVR,EVR
2007-11-08,25.520000457763672,25.780000686645508,24.71999931335449,25.56999969482422,16.59149169921875,141900,0.0,0.0,EVR,EVR
2007-11-09,25.049999237060547,26.479999542236328,24.350000381469727,25.700000762939453,16.675853729248047,202400,0.0,0.0,EVR,EVR
2007-11-12,25.799999237060547,26.479999542236328,25.5,25.690000534057617,16.669361114501953,59700,0.0,0.0,EVR,EVR
2007-11-13,25.770000457763672,26.200000762939453,24.81999969482422,26.020000457763672,16.883487701416016,105500,0.0,0.0,EVR,EVR
2007-11-14,26.020000457763672,26.989999771118164,25.559999465942383,25.850000381469727,16.773178100585938,72300,0.0,0.0,EVR,EVR
2007-11-15,25.68000030517578,26.209999084472656,23.920000076293945,24.809999465942383,16.098358154296875,75600,0.0,0.0,EVR,EVR
2007-11-16,24.86000061035156,26.21999931335449,24.690000534057617,24.690000534057617,16.02048683166504,64700,0.0,0.0,EVR,EVR
2007-11-19,24.299999237060547,24.440000534057617,22.57999992370605,22.90999984741211,14.865513801574709,139500,0.0,0.0,EVR,EVR
2007-11-20,23.0,23.40999984741211,21.549999237060547,21.989999771118164,14.268562316894531,110000,0.0,0.0,EVR,EVR
2007-11-21,21.82999992370605,22.030000686645508,19.559999465942383,20.059999465942383,13.016246795654297,319500,0.0,0.0,EVR,EVR
2007-11-23,20.059999465942383,20.3799991607666,19.3799991607666,20.3700008392334,13.217392921447754,140700,0.0,0.0,EVR,EVR
2007-11-26,20.3700008392334,20.5,18.549999237060547,18.559999465942383,12.04294776916504,321600,0.0,0.0,EVR,EVR
2007-11-27,18.559999465942383,20.65999984741211,18.51000022888184,20.520000457763672,13.31472873687744,229200,0.0,0.0,EVR,EVR
2007-11-28,20.600000381469727,22.26000022888184,20.309999465942383,22.11000061035156,14.43081283569336,323100,0.12,0.0,EVR,EVR
2007-11-29,21.93000030517578,21.93000030517578,20.170000076293945,21.049999237060547,13.738967895507812,178800,0.0,0.0,EVR,EVR
2007-11-30,21.31999969482422,22.739999771118164,20.940000534057617,20.96999931335449,13.686750411987305,226300,0.0,0.0,EVR,EVR
2007-12-03,20.96999931335449,21.32999992370605,19.86000061035156,20.25,13.21682071685791,156500,0.0,0.0,EVR,EVR
2007-12-04,19.940000534057617,21.40999984741211,19.940000534057617,20.850000381469727,13.608430862426758,82100,0.0,0.0,EVR,EVR
2007-12-05,21.290000915527344,21.739999771118164,20.39999961853028,21.51000022888184,14.039203643798828,162900,0.0,0.0,EVR,EVR
2007-12-06,21.43000030517578,22.06999969482422,21.31999969482422,22.06999969482422,14.404704093933104,164300,0.0,0.0,EVR,EVR
2007-12-07,21.940000534057617,22.61000061035156,21.239999771118164,22.38999938964844,14.61355686187744,184200,0.0,0.0,EVR,EVR
2007-12-10,22.36000061035156,23.770000457763672,22.36000061035156,23.07999992370605,15.06391716003418,220700,0.0,0.0,EVR,EVR
2007-12-11,23.229999542236328,23.729999542236328,22.3799991607666,22.39999961853028,14.62008571624756,159800,0.0,0.0,EVR,EVR
2007-12-12,22.850000381469727,23.549999237060547,21.350000381469727,21.76000022888184,14.202373504638672,93600,0.0,0.0,EVR,EVR
2007-12-13,21.3799991607666,21.46999931335449,20.239999771118164,21.059999465942383,13.74549388885498,85300,0.0,0.0,EVR,EVR
2007-12-14,20.6299991607666,20.8799991607666,20.059999465942383,20.100000381469727,13.11891746520996,86900,0.0,0.0,EVR,EVR
2007-12-17,20.14999961853028,20.700000762939453,19.3700008392334,19.950000762939453,13.021016120910645,74100,0.0,0.0,EVR,EVR
2007-12-18,20.0,20.40999984741211,19.200000762939453,20.11000061035156,13.125443458557127,55500,0.0,0.0,EVR,EVR
2007-12-19,20.11000061035156,20.56999969482422,19.64999961853028,20.34000015258789,13.275562286376951,81700,0.0,0.0,EVR,EVR
2007-12-20,20.39999961853028,20.39999961853028,19.420000076293945,19.989999771118164,13.047126770019531,71400,0.0,0.0,EVR,EVR
2007-12-21,20.020000457763672,21.040000915527344,20.020000457763672,20.81999969482422,13.588850021362305,117400,0.0,0.0,EVR,EVR
2007-12-24,20.809999465942383,21.39999961853028,20.809999465942383,21.39999961853028,13.96741008758545,19900,0.0,0.0,EVR,EVR
2007-12-26,21.39999961853028,22.1299991607666,21.200000762939453,21.65999984741211,14.137103080749512,62800,0.0,0.0,EVR,EVR
2007-12-27,21.96999931335449,22.1299991607666,21.09000015258789,21.09000015258789,13.76507568359375,109400,0.0,0.0,EVR,EVR
2007-12-28,21.229999542236328,21.559999465942383,21.14999961853028,21.39999961853028,13.96741008758545,106900,0.0,0.0,EVR,EVR
2007-12-31,21.26000022888184,21.90999984741211,20.75,21.549999237060547,14.06530475616455,49700,0.0,0.0,EVR,EVR
2008-01-02,21.39999961853028,21.799999237060547,20.270000457763672,20.3799991607666,13.301671028137209,96200,0.0,0.0,EVR,EVR
2008-01-03,20.530000686645508,20.75,19.950000762939453,20.200000762939453,13.184189796447754,80500,0.0,0.0,EVR,EVR
2008-01-04,20.0,20.14999961853028,19.25,19.440000534057617,12.688148498535156,302300,0.0,0.0,EVR,EVR
2008-01-07,19.700000762939453,20.39999961853028,19.440000534057617,19.90999984741211,12.99490737915039,144200,0.0,0.0,EVR,EVR
2008-01-08,19.96999931335449,20.0,18.96999931335449,19.06999969482422,12.4466552734375,326600,0.0,0.0,EVR,EVR
2008-01-09,18.93000030517578,18.940000534057617,17.84000015258789,18.32999992370605,11.963668823242188,228100,0.0,0.0,EVR,EVR
2008-01-10,18.299999237060547,19.40999984741211,18.170000076293945,18.71999931335449,12.218217849731444,161100,0.0,0.0,EVR,EVR
2008-01-11,18.71999931335449,19.200000762939453,17.969999313354492,18.13999938964844,11.839661598205566,120500,0.0,0.0,EVR,EVR
2008-01-14,18.459999084472656,18.459999084472656,17.920000076293945,18.190000534057617,11.872295379638672,90500,0.0,0.0,EVR,EVR
2008-01-15,18.26000022888184,18.26000022888184,17.43000030517578,17.8700008392334,11.663436889648438,140800,0.0,0.0,EVR,EVR
2008-01-16,17.950000762939453,18.68000030517578,17.34000015258789,17.979999542236328,11.73523235321045,84500,0.0,0.0,EVR,EVR
2008-01-17,18.31999969482422,18.88999938964844,17.639999389648438,18.13999938964844,11.839661598205566,120700,0.0,0.0,EVR,EVR
2008-01-18,18.010000228881836,18.729999542236328,17.670000076293945,18.290000915527344,11.937562942504885,166300,0.0,0.0,EVR,EVR
2008-01-22,17.649999618530273,19.43000030517578,17.389999389648438,18.3700008392334,11.989779472351074,72200,0.0,0.0,EVR,EVR
2008-01-23,17.8799991607666,19.57999992370605,17.170000076293945,19.459999084472656,12.701200485229492,124400,0.0,0.0,EVR,EVR
2008-01-24,19.670000076293945,19.799999237060547,18.90999984741211,19.56999969482422,12.772995948791504,64500,0.0,0.0,EVR,EVR
2008-01-25,19.979999542236328,19.989999771118164,18.040000915527344,18.6299991607666,12.159473419189451,76700,0.0,0.0,EVR,EVR
2008-01-28,18.56999969482422,18.709999084472656,17.049999237060547,18.11000061035156,11.820087432861328,257700,0.0,0.0,EVR,EVR
2008-01-29,18.239999771118164,19.670000076293945,17.540000915527344,19.5,12.727304458618164,149700,0.0,0.0,EVR,EVR
2008-01-30,19.5,19.93000030517578,18.43000030517578,19.15999984741211,12.505400657653809,104800,0.0,0.0,EVR,EVR
2008-01-31,18.89999961853028,18.89999961853028,18.020000457763672,18.200000762939453,11.878823280334473,203700,0.0,0.0,EVR,EVR
2008-02-01,18.290000915527344,19.39999961853028,18.059999465942383,19.350000381469727,12.629412651062012,141600,0.0,0.0,EVR,EVR
2008-02-04,19.190000534057617,20.71999931335449,19.1200008392334,20.5,13.379998207092283,144000,0.0,0.0,EVR,EVR
2008-02-05,20.25,20.350000381469727,19.059999465942383,19.25,12.56414031982422,100500,0.0,0.0,EVR,EVR
2008-02-06,19.34000015258789,19.34000015258789,18.440000534057617,18.5,12.074626922607422,123500,0.0,0.0,EVR,EVR
2008-02-07,18.25,19.01000022888184,17.520000457763672,18.96999931335449,12.381385803222656,153400,0.0,0.0,EVR,EVR
2008-02-08,18.799999237060547,18.799999237060547,17.5,17.649999618530273,11.519845962524414,111200,0.0,0.0,EVR,EVR
2008-02-11,17.6200008392334,18.440000534057617,17.299999237060547,17.6200008392334,11.500268936157228,131400,0.0,0.0,EVR,EVR
2008-02-12,18.5,20.729999542236328,18.420000076293945,19.21999931335449,12.544560432434082,333600,0.0,0.0,EVR,EVR
2008-02-13,19.38999938964844,20.5,18.64999961853028,20.5,13.379998207092283,150000,0.0,0.0,EVR,EVR
2008-02-14,20.5,21.209999084472656,19.540000915527344,19.88999938964844,12.981856346130373,213600,0.0,0.0,EVR,EVR
2008-02-15,19.729999542236328,20.040000915527344,19.209999084472656,19.799999237060547,12.92311191558838,71600,0.0,0.0,EVR,EVR
2008-02-19,19.81999969482422,20.36000061035156,19.32999992370605,19.75,12.89047908782959,133800,0.0,0.0,EVR,EVR
2008-02-20,19.690000534057617,20.600000381469727,19.51000022888184,20.540000915527344,13.40610122680664,77400,0.0,0.0,EVR,EVR
2008-02-21,20.700000762939453,20.89999961853028,19.81999969482422,20.39999961853028,13.31472873687744,75700,0.0,0.0,EVR,EVR
2008-02-22,20.39999961853028,20.450000762939453,19.020000457763672,20.01000022888184,13.060173988342283,85900,0.0,0.0,EVR,EVR
2008-02-25,20.01000022888184,21.030000686645508,19.489999771118164,20.96999931335449,13.686750411987305,109800,0.0,0.0,EVR,EVR
2008-02-26,20.8700008392334,21.1200008392334,20.450000762939453,20.89999961853028,13.641064643859863,96900,0.0,0.0,EVR,EVR
2008-02-27,20.559999465942383,21.809999465942383,20.450000762939453,21.25,13.94959545135498,127000,0.12,0.0,EVR,EVR
2008-02-28,21.0,21.40999984741211,19.940000534057617,20.280000686645508,13.312838554382324,172200,0.0,0.0,EVR,EVR
2008-02-29,20.049999237060547,20.21999931335449,19.21999931335449,19.63999938964844,12.892707824707031,153000,0.0,0.0,EVR,EVR
2008-03-03,19.63999938964844,19.8700008392334,19.229999542236328,19.65999984741211,12.905838012695312,105800,0.0,0.0,EVR,EVR
2008-03-04,19.420000076293945,19.700000762939453,18.68000030517578,19.18000030517578,12.590737342834473,108600,0.0,0.0,EVR,EVR
2008-03-05,19.350000381469727,20.15999984741211,18.63999938964844,19.020000457763672,12.485708236694336,113800,0.0,0.0,EVR,EVR
2008-03-06,18.82999992370605,19.1200008392334,17.649999618530273,17.700000762939453,11.619195938110352,78300,0.0,0.0,EVR,EVR
2008-03-07,17.75,18.0,16.799999237060547,17.579999923706055,11.540419578552246,135900,0.0,0.0,EVR,EVR
2008-03-10,17.6200008392334,17.6200008392334,16.399999618530273,16.81999969482422,11.041515350341797,98600,0.0,0.0,EVR,EVR
2008-03-11,17.200000762939453,18.3799991607666,17.200000762939453,18.3799991607666,12.065581321716309,137800,0.0,0.0,EVR,EVR
2008-03-12,18.420000076293945,18.46999931335449,17.360000610351562,17.360000610351562,11.396000862121582,90400,0.0,0.0,EVR,EVR
2008-03-13,17.1299991607666,17.6299991607666,16.899999618530273,17.440000534057617,11.448518753051758,134800,0.0,0.0,EVR,EVR
2008-03-14,17.559999465942383,17.559999465942383,16.709999084472656,17.1299991607666,11.24501609802246,185100,0.0,0.0,EVR,EVR
2008-03-17,16.68000030517578,16.700000762939453,15.760000228881836,16.43000030517578,10.78550148010254,186200,0.0,0.0,EVR,EVR
2008-03-18,16.899999618530273,17.0,16.479999542236328,16.8700008392334,11.0743408203125,188500,0.0,0.0,EVR,EVR
2008-03-19,16.959999084472656,17.299999237060547,16.540000915527344,16.75,10.995565414428713,296500,0.0,0.0,EVR,EVR
2008-03-20,16.600000381469727,17.790000915527344,16.489999771118164,17.790000915527344,11.678277015686035,240500,0.0,0.0,EVR,EVR
2008-03-24,17.90999984741211,19.39999961853028,17.90999984741211,18.43000030517578,12.098411560058594,149700,0.0,0.0,EVR,EVR
2008-03-25,18.38999938964844,18.959999084472656,18.1299991607666,18.299999237060547,12.01306438446045,105800,0.0,0.0,EVR,EVR
2008-03-26,18.059999465942383,18.56999969482422,17.700000762939453,18.440000534057617,12.104976654052734,169700,0.0,0.0,EVR,EVR
2008-03-27,18.440000534057617,18.450000762939453,17.40999984741211,17.40999984741211,11.42881965637207,94400,0.0,0.0,EVR,EVR
2008-03-28,17.469999313354492,18.020000457763672,17.309999465942383,17.309999465942383,11.363179206848145,97200,0.0,0.0,EVR,EVR
2008-03-31,17.3799991607666,17.989999771118164,17.3799991607666,17.75,11.652013778686523,82800,0.0,0.0,EVR,EVR
2008-04-01,18.170000076293945,18.65999984741211,17.799999237060547,18.440000534057617,12.104976654052734,175000,0.0,0.0,EVR,EVR
2008-04-02,18.239999771118164,18.39999961853028,17.709999084472656,18.100000381469727,11.8817777633667,145400,0.0,0.0,EVR,EVR
2008-04-03,18.010000228881836,19.34000015258789,17.770000457763672,19.01000022888184,12.47914981842041,105600,0.0,0.0,EVR,EVR
2008-04-04,19.01000022888184,19.270000457763672,18.309999465942383,18.46999931335449,12.124662399291992,106900,0.0,0.0,EVR,EVR
2008-04-07,18.46999931335449,18.540000915527344,17.6299991607666,18.030000686645508,11.83582592010498,82900,0.0,0.0,EVR,EVR
2008-04-08,17.850000381469727,17.90999984741211,17.389999389648438,17.579999923706055,11.540419578552246,82000,0.0,0.0,EVR,EVR
2008-04-09,17.540000915527344,17.540000915527344,16.700000762939453,16.760000228881836,11.00212860107422,92500,0.0,0.0,EVR,EVR
2008-04-10,16.760000228881836,17.059999465942383,16.6299991607666,16.639999389648438,10.923357963562012,68300,0.0,0.0,EVR,EVR
2008-04-11,16.6200008392334,16.6200008392334,15.93000030517578,15.989999771118164,10.496663093566896,155500,0.0,0.0,EVR,EVR
2008-04-14,15.880000114440918,15.989999771118164,15.050000190734863,15.609999656677246,10.247214317321776,138700,0.0,0.0,EVR,EVR
2008-04-15,15.68000030517578,15.760000228881836,15.34000015258789,15.34000015258789,10.069968223571776,103100,0.0,0.0,EVR,EVR
2008-04-16,15.539999961853027,16.350000381469727,15.489999771118164,16.299999237060547,10.70016098022461,102100,0.0,0.0,EVR,EVR
2008-04-17,16.18000030517578,16.18000030517578,15.489999771118164,15.960000038146973,10.476966857910156,104600,0.0,0.0,EVR,EVR
2008-04-18,16.290000915527344,16.690000534057617,16.100000381469727,16.649999618530273,10.929920196533203,132400,0.0,0.0,EVR,EVR
2008-04-21,16.469999313354492,16.75,15.949999809265137,15.960000038146973,10.476966857910156,96000,0.0,0.0,EVR,EVR
2008-04-22,15.93000030517578,15.949999809265137,15.0600004196167,15.149999618530272,9.94524097442627,105500,0.0,0.0,EVR,EVR
2008-04-23,15.199999809265137,15.5,14.779999732971191,14.9399995803833,9.807390213012695,95900,0.0,0.0,EVR,EVR
2008-04-24,14.789999961853027,16.040000915527344,14.68000030517578,15.359999656677246,10.083100318908691,181000,0.0,0.0,EVR,EVR
2008-04-25,15.359999656677246,15.81999969482422,14.93000030517578,15.710000038146973,10.312853813171388,44200,0.0,0.0,EVR,EVR
2008-04-28,15.789999961853027,17.079999923706055,15.779999732971191,16.670000076293945,10.943053245544434,120000,0.0,0.0,EVR,EVR
2008-04-29,16.690000534057617,16.989999771118164,16.299999237060547,16.850000381469727,11.061209678649902,227100,0.0,0.0,EVR,EVR
2008-04-30,16.940000534057617,17.43000030517578,16.670000076293945,16.860000610351562,11.067774772644045,80600,0.0,0.0,EVR,EVR
2008-05-01,16.8799991607666,17.950000762939453,16.770000457763672,17.75,11.652013778686523,214100,0.0,0.0,EVR,EVR
2008-05-02,17.959999084472656,18.040000915527344,17.360000610351562,17.389999389648438,11.41569995880127,321500,0.0,0.0,EVR,EVR
2008-05-05,17.5,18.09000015258789,17.329999923706055,17.969999313354492,11.79643726348877,285900,0.0,0.0,EVR,EVR
2008-05-06,17.770000457763672,17.8700008392334,16.889999389648438,17.190000534057617,11.284405708312988,211800,0.0,0.0,EVR,EVR
2008-05-07,17.200000762939453,17.200000762939453,16.010000228881836,16.020000457763672,10.516355514526367,124600,0.0,0.0,EVR,EVR
2008-05-08,16.049999237060547,16.200000762939453,15.539999961853027,15.65999984741211,10.280035018920898,212300,0.0,0.0,EVR,EVR
2008-05-09,15.5,15.739999771118164,14.5,14.899999618530272,9.781129837036133,182100,0.0,0.0,EVR,EVR
2008-05-12,14.6899995803833,14.699999809265137,12.539999961853027,13.369999885559082,8.776758193969727,492300,0.0,0.0,EVR,EVR
2008-05-13,13.640000343322754,13.640000343322754,12.93000030517578,13.270000457763672,8.711115837097168,407800,0.0,0.0,EVR,EVR
2008-05-14,13.170000076293944,13.579999923706056,12.970000267028809,13.020000457763672,8.547000885009766,311000,0.0,0.0,EVR,EVR
2008-05-15,13.029999732971191,13.65999984741211,12.75,13.34000015258789,8.757063865661621,391000,0.0,0.0,EVR,EVR
2008-05-16,13.449999809265137,14.210000038146973,13.420000076293944,14.020000457763672,9.203453063964844,463800,0.0,0.0,EVR,EVR
2008-05-19,14.109999656677246,14.380000114440918,13.880000114440918,14.279999732971191,9.374125480651855,300600,0.0,0.0,EVR,EVR
2008-05-20,14.130000114440918,14.59000015258789,14.0,14.3100004196167,9.393821716308594,656800,0.0,0.0,EVR,EVR
2008-05-21,14.3100004196167,14.489999771118164,14.1899995803833,14.220000267028809,9.334742546081545,303200,0.0,0.0,EVR,EVR
2008-05-22,14.100000381469728,14.59000015258789,13.90999984741211,14.25,9.354434967041016,205400,0.0,0.0,EVR,EVR
2008-05-23,14.199999809265137,14.369999885559082,14.109999656677246,14.1899995803833,9.31505012512207,159100,0.0,0.0,EVR,EVR
2008-05-27,14.15999984741211,14.25,13.75,14.0600004196167,9.22970962524414,123800,0.0,0.0,EVR,EVR
2008-05-28,14.130000114440918,14.229999542236328,13.65999984741211,14.15999984741211,9.375373840332031,171400,0.12,0.0,EVR,EVR
2008-05-29,14.100000381469728,14.1899995803833,13.899999618530272,14.149999618530272,9.368749618530272,92800,0.0,0.0,EVR,EVR
2008-05-30,14.300000190734863,14.579999923706056,13.960000038146973,14.5600004196167,9.640215873718262,195000,0.0,0.0,EVR,EVR
2008-06-02,14.539999961853027,14.779999732971191,13.6899995803833,14.0,9.269433975219728,132900,0.0,0.0,EVR,EVR
2008-06-03,14.130000114440918,14.130000114440918,13.260000228881836,13.59000015258789,8.997974395751953,146000,0.0,0.0,EVR,EVR
2008-06-04,13.510000228881836,13.989999771118164,13.260000228881836,13.489999771118164,8.931766510009766,174600,0.0,0.0,EVR,EVR
2008-06-05,13.359999656677246,13.770000457763672,13.149999618530272,13.6899995803833,9.064181327819824,94700,0.0,0.0,EVR,EVR
2008-06-06,13.539999961853027,13.81999969482422,13.3100004196167,13.4399995803833,8.898656845092773,262600,0.0,0.0,EVR,EVR
2008-06-09,13.579999923706056,13.579999923706056,12.949999809265137,13.239999771118164,8.766241073608398,164800,0.0,0.0,EVR,EVR
2008-06-10,13.130000114440918,13.130000114440918,12.630000114440918,12.81999969482422,8.488152503967285,718900,0.0,0.0,EVR,EVR
2008-06-11,12.789999961853027,12.789999961853027,12.109999656677246,12.210000038146973,8.084275245666504,394000,0.0,0.0,EVR,EVR
2008-06-12,12.43000030517578,12.649999618530272,12.15999984741211,12.15999984741211,8.051166534423828,191300,0.0,0.0,EVR,EVR
2008-06-13,12.289999961853027,12.539999961853027,12.079999923706056,12.1899995803833,8.071029663085938,165400,0.0,0.0,EVR,EVR
2008-06-16,12.119999885559082,12.420000076293944,12.119999885559082,12.220000267028809,8.090892791748047,149300,0.0,0.0,EVR,EVR
2008-06-17,12.0,12.270000457763672,11.850000381469728,11.869999885559082,7.859158039093018,111200,0.0,0.0,EVR,EVR
2008-06-18,11.75,11.760000228881836,11.1899995803833,11.220000267028809,7.428790092468262,153400,0.0,0.0,EVR,EVR
2008-06-19,11.220000267028809,11.260000228881836,10.760000228881836,11.149999618530272,7.382445812225342,218400,0.0,0.0,EVR,EVR
2008-06-20,11.119999885559082,11.119999885559082,10.579999923706056,10.829999923706056,7.170567512512207,165100,0.0,0.0,EVR,EVR
2008-06-23,10.800000190734863,10.800000190734863,10.020000457763672,10.029999732971191,6.640886306762695,199000,0.0,0.0,EVR,EVR
2008-06-24,10.140000343322754,10.289999961853027,9.779999732971191,10.210000038146973,6.760064601898193,359400,0.0,0.0,EVR,EVR
2008-06-25,10.25,10.81999969482422,10.15999984741211,10.59000015258789,7.011666774749756,238400,0.0,0.0,EVR,EVR
2008-06-26,10.43000030517578,10.529999732971191,9.859999656677246,10.0600004196167,6.660752296447754,283600,0.0,0.0,EVR,EVR
2008-06-27,10.06999969482422,10.06999969482422,9.65999984741211,9.850000381469728,6.521710395812988,282100,0.0,0.0,EVR,EVR
2008-06-30,9.880000114440918,9.93000030517578,9.460000038146973,9.5,6.289973735809326,96200,0.0,0.0,EVR,EVR
2008-07-01,9.390000343322754,9.390000343322754,8.920000076293945,9.31999969482422,6.17079496383667,301700,0.0,0.0,EVR,EVR
2008-07-02,9.260000228881836,9.350000381469728,8.489999771118164,8.569999694824219,5.674219608306885,239000,0.0,0.0,EVR,EVR
2008-07-03,8.699999809265137,9.59000015258789,8.569999694824219,9.350000381469728,6.190659999847412,92800,0.0,0.0,EVR,EVR
2008-07-07,9.3100004196167,9.3100004196167,8.670000076293945,9.010000228881836,5.965544700622559,226400,0.0,0.0,EVR,EVR
2008-07-08,9.0600004196167,9.350000381469728,8.300000190734863,9.010000228881836,5.965544700622559,383700,0.0,0.0,EVR,EVR
2008-07-09,9.0,9.270000457763672,8.710000038146973,8.800000190734863,5.826503753662109,215700,0.0,0.0,EVR,EVR
2008-07-10,8.760000228881836,8.779999732971191,8.34000015258789,8.510000228881836,5.63449239730835,216800,0.0,0.0,EVR,EVR
2008-07-11,8.15999984741211,8.510000228881836,7.659999847412109,7.949999809265137,5.263717174530029,254700,0.0,0.0,EVR,EVR
2008-07-14,8.390000343322754,8.699999809265137,7.610000133514404,7.739999771118164,5.124672889709473,213400,0.0,0.0,EVR,EVR
2008-07-15,7.809999942779541,7.989999771118164,7.460000038146973,7.699999809265137,5.098189830780029,291700,0.0,0.0,EVR,EVR
2008-07-16,7.71999979019165,8.399999618530273,7.510000228881836,8.199999809265137,5.42924165725708,191700,0.0,0.0,EVR,EVR
2008-07-17,8.270000457763672,8.699999809265137,8.149999618530273,8.460000038146973,5.60138750076294,238700,0.0,0.0,EVR,EVR
2008-07-18,8.600000381469727,8.850000381469727,8.15999984741211,8.720000267028809,5.773536682128906,138800,0.0,0.0,EVR,EVR
2008-07-21,8.770000457763672,9.579999923706056,8.65999984741211,9.3100004196167,6.164175987243652,158900,0.0,0.0,EVR,EVR
2008-07-22,8.899999618530273,10.510000228881836,8.8100004196167,10.5,6.952079772949219,231800,0.0,0.0,EVR,EVR
2008-07-23,10.59000015258789,11.25,10.399999618530272,11.15999984741211,7.389065742492676,358900,0.0,0.0,EVR,EVR
2008-07-24,11.010000228881836,11.949999809265137,10.550000190734863,11.489999771118164,7.607558727264404,651700,0.0,0.0,EVR,EVR
2008-07-25,11.579999923706056,11.890000343322754,11.5,11.81999969482422,7.826053619384766,197500,0.0,0.0,EVR,EVR
2008-07-28,11.699999809265137,11.829999923706056,11.40999984741211,11.56999969482422,7.660524845123291,199300,0.0,0.0,EVR,EVR
2008-07-29,11.529999732971191,12.550000190734863,11.40999984741211,12.470000267028809,8.25641918182373,213700,0.0,0.0,EVR,EVR
2008-07-30,12.539999961853027,13.630000114440918,12.40999984741211,13.15999984741211,8.713268280029297,362400,0.0,0.0,EVR,EVR
2008-07-31,12.859999656677246,13.149999618530272,12.649999618530272,13.0600004196167,8.64706039428711,246700,0.0,0.0,EVR,EVR
2008-08-01,12.970000267028809,13.149999618530272,12.779999732971191,12.920000076293944,8.554367065429688,238500,0.0,0.0,EVR,EVR
2008-08-04,12.920000076293944,13.289999961853027,12.800000190734863,13.18000030517578,8.726510047912598,387800,0.0,0.0,EVR,EVR
2008-08-05,13.260000228881836,13.43000030517578,12.390000343322754,13.130000114440918,8.69340705871582,201200,0.0,0.0,EVR,EVR
2008-08-06,12.920000076293944,13.25,12.640000343322754,13.0600004196167,8.64706039428711,96500,0.0,0.0,EVR,EVR
2008-08-07,12.899999618530272,13.0,12.510000228881836,12.729999542236328,8.428566932678223,84800,0.0,0.0,EVR,EVR
2008-08-08,12.850000381469728,13.710000038146973,12.75,13.260000228881836,8.7794771194458,119500,0.0,0.0,EVR,EVR
2008-08-11,13.260000228881836,14.859999656677246,13.260000228881836,14.329999923706056,9.487929344177246,276600,0.0,0.0,EVR,EVR
2008-08-12,14.18000030517578,14.739999771118164,13.779999732971191,14.1899995803833,9.395235061645508,163200,0.0,0.0,EVR,EVR
2008-08-13,14.050000190734863,14.3100004196167,13.6899995803833,13.960000038146973,9.242950439453123,109500,0.0,0.0,EVR,EVR
2008-08-14,14.3100004196167,15.399999618530272,14.3100004196167,14.359999656677246,9.507790565490724,267400,0.0,0.0,EVR,EVR
2008-08-15,14.649999618530272,15.09000015258789,14.31999969482422,14.5,9.600486755371094,166900,0.0,0.0,EVR,EVR
2008-08-18,14.56999969482422,14.670000076293944,13.710000038146973,14.029999732971191,9.289299964904783,121900,0.0,0.0,EVR,EVR
2008-08-19,13.979999542236328,14.029999732971191,13.25,13.34000015258789,8.83244514465332,61700,0.0,0.0,EVR,EVR
2008-08-20,13.449999809265137,13.649999618530272,12.5,12.84000015258789,8.501398086547852,110900,0.0,0.0,EVR,EVR
2008-08-21,12.619999885559082,13.640000343322754,12.609999656677246,13.369999885559082,8.852313041687012,187300,0.0,0.0,EVR,EVR
2008-08-22,13.699999809265137,14.260000228881836,13.31999969482422,13.649999618530272,9.037701606750488,101600,0.0,0.0,EVR,EVR
2008-08-25,13.5,13.699999809265137,13.050000190734863,13.09000015258789,8.666922569274902,144900,0.0,0.0,EVR,EVR
2008-08-26,13.119999885559082,13.130000114440918,12.399999618530272,12.850000381469728,8.50801944732666,94500,0.0,0.0,EVR,EVR
2008-08-27,12.739999771118164,13.350000381469728,12.729999542236328,13.0,8.688467025756836,95500,0.12,0.0,EVR,EVR
2008-08-28,12.899999618530272,13.1899995803833,12.68000030517578,13.149999618530272,8.788719177246094,144500,0.0,0.0,EVR,EVR
2008-08-29,13.100000381469728,13.40999984741211,12.949999809265137,13.260000228881836,8.8622407913208,227700,0.0,0.0,EVR,EVR
2008-09-02,13.510000228881836,13.75,12.710000038146973,13.199999809265137,8.822139739990234,134100,0.0,0.0,EVR,EVR
2008-09-03,13.15999984741211,13.84000015258789,13.0,13.829999923706056,9.24319553375244,125900,0.0,0.0,EVR,EVR
2008-09-04,13.59000015258789,14.140000343322754,13.140000343322754,13.239999771118164,8.848873138427734,167000,0.0,0.0,EVR,EVR
2008-09-05,13.050000190734863,13.529999732971191,13.029999732971191,13.3100004196167,8.895659446716309,210400,0.0,0.0,EVR,EVR
2008-09-08,13.8100004196167,14.0600004196167,12.800000190734863,12.90999984741211,8.628320693969727,192400,0.0,0.0,EVR,EVR
2008-09-09,12.90999984741211,13.300000190734863,12.239999771118164,12.239999771118164,8.18053150177002,190700,0.0,0.0,EVR,EVR
2008-09-10,12.470000267028809,12.989999771118164,11.729999542236328,12.699999809265137,8.487969398498535,96500,0.0,0.0,EVR,EVR
2008-09-11,12.199999809265137,12.960000038146973,12.199999809265137,12.84000015258789,8.581536293029785,72600,0.0,0.0,EVR,EVR
2008-09-12,12.59000015258789,13.369999885559082,12.239999771118164,13.220000267028809,8.8355073928833,109600,0.0,0.0,EVR,EVR
2008-09-15,13.079999923706056,13.729999542236328,13.0,13.5,9.02264404296875,298200,0.0,0.0,EVR,EVR
2008-09-16,13.350000381469728,13.890000343322754,13.3100004196167,13.539999961853027,9.04937744140625,245000,0.0,0.0,EVR,EVR
2008-09-17,13.5,13.5,12.390000343322754,13.170000076293944,8.802088737487793,154400,0.0,0.0,EVR,EVR
2008-09-18,13.25,16.989999771118164,12.06999969482422,14.0,9.356810569763184,710300,0.0,0.0,EVR,EVR
2008-09-19,16.790000915527344,17.700000762939453,15.0,15.899999618530272,10.626672744750977,768500,0.0,0.0,EVR,EVR
2008-09-22,16.25,16.5,15.729999542236328,16.06999969482422,10.74028205871582,79600,0.0,0.0,EVR,EVR
2008-09-23,16.110000610351562,17.290000915527344,16.110000610351562,16.989999771118164,11.35516357421875,182200,0.0,0.0,EVR,EVR
2008-09-24,17.5,17.75,17.260000228881836,17.420000076293945,11.642549514770508,128500,0.0,0.0,EVR,EVR
2008-09-25,17.3700008392334,18.15999984741211,17.190000534057617,17.420000076293945,11.642549514770508,148400,0.0,0.0,EVR,EVR
2008-09-26,17.110000610351562,17.770000457763672,17.0,17.469999313354492,11.675968170166016,272700,0.0,0.0,EVR,EVR
2008-09-29,17.149999618530273,18.64999961853028,15.850000381469728,16.299999237060547,10.894004821777344,78600,0.0,0.0,EVR,EVR
2008-09-30,16.5,18.299999237060547,16.200000762939453,17.979999542236328,12.016825675964355,93600,0.0,0.0,EVR,EVR
2008-10-01,17.649999618530273,18.14999961853028,17.649999618530273,18.0,12.030190467834473,172100,0.0,0.0,EVR,EVR
2008-10-02,17.969999313354492,17.989999771118164,17.649999618530273,17.989999771118164,12.023503303527832,130300,0.0,0.0,EVR,EVR
2008-10-03,18.040000915527344,18.170000076293945,17.139999389648438,17.610000610351562,11.769538879394531,73000,0.0,0.0,EVR,EVR
2008-10-06,16.979999542236328,17.200000762939453,13.869999885559082,14.979999542236328,10.01179027557373,128600,0.0,0.0,EVR,EVR
2008-10-07,15.020000457763672,15.239999771118164,13.050000190734863,13.050000190734863,8.72188663482666,84500,0.0,0.0,EVR,EVR
2008-10-08,12.800000190734863,13.539999961853027,11.619999885559082,12.510000228881836,8.360980987548828,166400,0.0,0.0,EVR,EVR
2008-10-09,12.8100004196167,12.93000030517578,12.220000267028809,12.289999961853027,8.213944435119629,206200,0.0,0.0,EVR,EVR
2008-10-10,11.789999961853027,13.010000228881836,11.449999809265137,12.4399995803833,8.314197540283203,315200,0.0,0.0,EVR,EVR
2008-10-13,13.199999809265137,13.449999809265137,11.989999771118164,12.5,8.354296684265137,84400,0.0,0.0,EVR,EVR
2008-10-14,13.75,13.75,12.649999618530272,13.229999542236328,8.84218978881836,286500,0.0,0.0,EVR,EVR
2008-10-15,13.029999732971191,13.029999732971191,11.40999984741211,11.4399995803833,7.645853519439697,90000,0.0,0.0,EVR,EVR
2008-10-16,11.539999961853027,13.170000076293944,10.960000038146973,12.90999984741211,8.628320693969727,160000,0.0,0.0,EVR,EVR
2008-10-17,12.1899995803833,13.489999771118164,12.010000228881836,12.020000457763672,8.03349494934082,97000,0.0,0.0,EVR,EVR
2008-10-20,12.199999809265137,12.960000038146973,11.619999885559082,12.220000267028809,8.16716480255127,128700,0.0,0.0,EVR,EVR
2008-10-21,12.0,13.199999809265137,12.0,12.770000457763672,8.534750938415527,92200,0.0,0.0,EVR,EVR
2008-10-22,12.369999885559082,13.770000457763672,12.300000190734863,12.649999618530272,8.454553604125977,161600,0.0,0.0,EVR,EVR
2008-10-23,12.760000228881836,12.920000076293944,12.15999984741211,12.460000038146973,8.327567100524902,121300,0.0,0.0,EVR,EVR
2008-10-24,11.56999969482422,12.59000015258789,11.0,12.1899995803833,8.147111892700195,84400,0.0,0.0,EVR,EVR
2008-10-27,12.119999885559082,12.4399995803833,11.710000038146973,11.739999771118164,7.846357822418213,72400,0.0,0.0,EVR,EVR
2008-10-28,12.100000381469728,12.15999984741211,11.050000190734863,12.130000114440918,8.107011795043945,131900,0.0,0.0,EVR,EVR
2008-10-29,12.31999969482422,12.489999771118164,11.529999732971191,11.619999885559082,7.766157150268555,170200,0.0,0.0,EVR,EVR
2008-10-30,10.649999618530272,12.079999923706056,10.649999618530272,11.800000190734863,7.886456489562988,122700,0.0,0.0,EVR,EVR
2008-10-31,11.699999809265137,12.25,11.170000076293944,12.170000076293944,8.133742332458496,168100,0.0,0.0,EVR,EVR
2008-11-03,11.93000030517578,11.93000030517578,11.399999618530272,11.479999542236328,7.672588348388672,103500,0.0,0.0,EVR,EVR
2008-11-04,11.40999984741211,11.859999656677246,10.65999984741211,10.800000190734863,7.218114852905273,147600,0.0,0.0,EVR,EVR
2008-11-05,10.609999656677246,10.6899995803833,9.760000228881836,9.989999771118164,6.676758289337158,173200,0.0,0.0,EVR,EVR
2008-11-06,9.829999923706056,9.989999771118164,8.710000038146973,9.210000038146973,6.155447006225586,177100,0.0,0.0,EVR,EVR
2008-11-07,9.199999809265137,9.300000190734863,8.949999809265137,9.170000076293944,6.128714561462402,103300,0.0,0.0,EVR,EVR
2008-11-10,9.300000190734863,9.380000114440918,8.59000015258789,8.989999771118164,6.008412837982178,107400,0.0,0.0,EVR,EVR
2008-11-11,8.819999694824219,8.890000343322754,8.100000381469727,8.520000457763672,5.694291114807129,133000,0.0,0.0,EVR,EVR
2008-11-12,8.350000381469727,8.430000305175781,7.380000114440918,8.020000457763672,5.360118389129639,170500,0.0,0.0,EVR,EVR
2008-11-13,8.199999809265137,8.270000457763672,7.429999828338623,8.119999885559082,5.426951885223389,180600,0.0,0.0,EVR,EVR
2008-11-14,7.980000019073486,8.15999984741211,7.570000171661377,7.71999979019165,5.15961503982544,84400,0.0,0.0,EVR,EVR
2008-11-17,7.630000114440918,7.920000076293945,7.349999904632568,7.570000171661377,5.059364318847656,78300,0.0,0.0,EVR,EVR
2008-11-18,7.590000152587891,7.71999979019165,6.949999809265137,7.71999979019165,5.15961503982544,137300,0.0,0.0,EVR,EVR
2008-11-19,7.619999885559082,7.829999923706055,7.429999828338623,7.550000190734863,5.0459980964660645,207700,0.0,0.0,EVR,EVR
2008-11-20,7.449999809265137,7.449999809265137,6.760000228881836,7.0,4.678405284881592,90600,0.0,0.0,EVR,EVR
2008-11-21,7.289999961853027,7.289999961853027,6.300000190734863,7.110000133514404,4.751924514770508,148700,0.0,0.0,EVR,EVR
2008-11-24,7.389999866485596,8.09000015258789,7.170000076293945,7.690000057220459,5.139565944671631,116600,0.0,0.0,EVR,EVR
2008-11-25,7.869999885559082,8.449999809265137,7.869999885559082,8.40999984741211,5.709872722625732,96500,0.12,0.0,EVR,EVR
2008-11-26,8.199999809265137,10.390000343322754,8.199999809265137,10.329999923706056,7.013434886932373,76600,0.0,0.0,EVR,EVR
2008-11-28,10.199999809265137,10.329999923706056,9.779999732971191,10.010000228881836,6.796172618865967,79200,0.0,0.0,EVR,EVR
2008-12-01,9.760000228881836,10.119999885559082,9.710000038146973,9.960000038146973,6.762227535247803,277700,0.0,0.0,EVR,EVR
2008-12-02,10.0,10.90999984741211,9.850000381469728,10.84000015258789,7.359695911407471,125800,0.0,0.0,EVR,EVR
2008-12-03,10.550000190734863,10.899999618530272,10.109999656677246,10.84000015258789,7.359695911407471,117200,0.0,0.0,EVR,EVR
2008-12-04,10.600000381469728,11.510000228881836,10.399999618530272,11.3100004196167,7.67879581451416,90100,0.0,0.0,EVR,EVR
2008-12-05,11.34000015258789,12.420000076293944,11.06999969482422,12.0,8.147259712219238,164500,0.0,0.0,EVR,EVR
2008-12-08,12.350000381469728,13.010000228881836,12.270000457763672,12.899999618530272,8.758306503295898,243000,0.0,0.0,EVR,EVR
2008-12-09,12.779999732971191,14.31999969482422,12.699999809265137,13.079999923706056,8.880516052246094,452400,0.0,0.0,EVR,EVR
2008-12-10,13.039999961853027,13.800000190734863,12.960000038146973,13.229999542236328,8.982354164123535,188800,0.0,0.0,EVR,EVR
2008-12-11,12.93000030517578,13.020000457763672,11.720000267028809,11.869999885559082,8.058999061584473,154500,0.0,0.0,EVR,EVR
2008-12-12,11.600000381469728,12.34000015258789,11.329999923706056,12.34000015258789,8.378101348876953,143900,0.0,0.0,EVR,EVR
2008-12-15,12.81999969482422,13.100000381469728,12.100000381469728,12.460000038146973,8.459573745727539,115500,0.0,0.0,EVR,EVR
2008-12-16,12.710000038146973,13.34000015258789,12.0600004196167,13.34000015258789,9.057040214538574,94600,0.0,0.0,EVR,EVR
2008-12-17,13.18000030517578,13.56999969482422,12.949999809265137,13.390000343322754,9.090987205505373,78900,0.0,0.0,EVR,EVR
2008-12-18,13.390000343322754,13.56999969482422,12.81999969482422,13.229999542236328,8.982354164123535,150600,0.0,0.0,EVR,EVR
2008-12-19,13.40999984741211,14.079999923706056,13.40999984741211,14.0,9.505139350891112,117900,0.0,0.0,EVR,EVR
2008-12-22,14.34000015258789,14.34000015258789,12.619999885559082,13.369999885559082,9.077406883239746,191800,0.0,0.0,EVR,EVR
2008-12-23,13.5,13.850000381469728,13.0,13.84000015258789,9.396509170532228,84000,0.0,0.0,EVR,EVR
2008-12-24,13.850000381469728,13.850000381469728,13.270000457763672,13.579999923706056,9.219985961914062,81800,0.0,0.0,EVR,EVR
2008-12-26,13.65999984741211,13.789999961853027,12.34000015258789,13.3100004196167,9.036675453186035,74500,0.0,0.0,EVR,EVR
2008-12-29,13.15999984741211,13.359999656677246,12.5600004196167,13.199999809265137,8.961990356445312,96500,0.0,0.0,EVR,EVR
2008-12-30,12.449999809265137,12.539999961853027,11.850000381469728,12.43000030517578,8.439208030700684,157800,0.0,0.0,EVR,EVR
2008-12-31,12.229999542236328,12.550000190734863,12.100000381469728,12.489999771118164,8.479937553405762,96100,0.0,0.0,EVR,EVR
2009-01-02,12.369999885559082,12.390000343322754,12.0600004196167,12.220000267028809,8.296627044677734,53300,0.0,0.0,EVR,EVR
2009-01-05,12.260000228881836,12.40999984741211,11.970000267028809,12.34000015258789,8.378101348876953,66000,0.0,0.0,EVR,EVR
2009-01-06,12.449999809265137,12.489999771118164,11.75,12.479999542236328,8.473153114318848,151800,0.0,0.0,EVR,EVR
2009-01-07,12.210000038146973,12.760000228881836,12.050000190734863,12.5,8.486729621887207,101100,0.0,0.0,EVR,EVR
2009-01-08,12.43000030517578,14.279999732971191,12.43000030517578,13.289999961853027,9.023096084594728,97500,0.0,0.0,EVR,EVR
2009-01-09,13.300000190734863,13.300000190734863,11.789999961853027,11.949999809265137,8.113314628601074,91100,0.0,0.0,EVR,EVR
2009-01-12,11.869999885559082,11.920000076293944,11.420000076293944,11.4399995803833,7.767055988311768,42000,0.0,0.0,EVR,EVR
2009-01-13,11.539999961853027,12.260000228881836,11.539999961853027,12.199999809265137,8.283055305480957,57700,0.0,0.0,EVR,EVR
2009-01-14,12.0,12.0,11.0,11.010000228881836,7.475114822387695,76700,0.0,0.0,EVR,EVR
2009-01-15,11.0,12.170000076293944,10.579999923706056,11.710000038146973,7.950370311737059,123800,0.0,0.0,EVR,EVR
2009-01-16,11.9399995803833,11.9399995803833,11.050000190734863,11.789999961853027,8.004687309265137,67800,0.0,0.0,EVR,EVR
2009-01-20,11.600000381469728,11.600000381469728,10.300000190734863,10.3100004196167,6.999856948852539,71300,0.0,0.0,EVR,EVR
2009-01-21,10.420000076293944,11.550000190734863,10.350000381469728,11.460000038146973,7.780638217926025,49300,0.0,0.0,EVR,EVR
2009-01-22,11.199999809265137,11.75,10.899999618530272,11.4399995803833,7.767055988311768,38300,0.0,0.0,EVR,EVR
2009-01-23,11.0,12.119999885559082,11.0,11.539999961853027,7.834950447082519,54800,0.0,0.0,EVR,EVR
2009-01-26,11.529999732971191,12.239999771118164,11.390000343322754,11.979999542236328,8.133684158325195,156600,0.0,0.0,EVR,EVR
2009-01-27,11.960000038146973,12.239999771118164,11.300000190734863,11.40999984741211,7.746687412261963,171600,0.0,0.0,EVR,EVR
2009-01-28,11.619999885559082,12.079999923706056,11.550000190734863,12.050000190734863,8.181211471557617,189800,0.0,0.0,EVR,EVR
2009-01-29,11.970000267028809,12.18000030517578,10.84000015258789,10.84000015258789,7.359695911407471,47400,0.0,0.0,EVR,EVR
2009-01-30,10.989999771118164,11.329999923706056,10.989999771118164,11.229999542236328,7.624481201171875,52100,0.0,0.0,EVR,EVR
2009-02-02,11.119999885559082,12.390000343322754,11.06999969482422,12.210000038146973,8.289840698242188,70900,0.0,0.0,EVR,EVR
2009-02-03,12.34000015258789,12.34000015258789,10.890000343322754,11.5,7.807792186737059,163800,0.0,0.0,EVR,EVR
2009-02-04,11.479999542236328,12.300000190734863,11.329999923706056,12.010000228881836,8.154051780700684,108200,0.0,0.0,EVR,EVR
2009-02-05,11.300000190734863,13.079999923706056,10.800000190734863,12.020000457763672,8.16084098815918,159400,0.0,0.0,EVR,EVR
2009-02-06,11.93000030517578,12.949999809265137,11.859999656677246,12.710000038146973,8.62930965423584,257200,0.0,0.0,EVR,EVR
2009-02-09,12.699999809265137,12.949999809265137,12.260000228881836,12.6899995803833,8.615731239318848,94200,0.0,0.0,EVR,EVR
2009-02-10,12.630000114440918,13.199999809265137,11.9399995803833,12.010000228881836,8.154051780700684,90900,0.0,0.0,EVR,EVR
2009-02-11,12.130000114440918,12.470000267028809,11.81999969482422,11.979999542236328,8.133684158325195,167100,0.0,0.0,EVR,EVR
2009-02-12,11.850000381469728,12.279999732971191,11.529999732971191,12.279999732971191,8.33736515045166,114600,0.0,0.0,EVR,EVR
2009-02-13,12.31999969482422,12.720000267028809,11.779999732971191,11.869999885559082,8.058999061584473,160900,0.0,0.0,EVR,EVR
2009-02-17,11.65999984741211,12.149999618530272,11.609999656677246,11.760000228881836,7.984318256378174,266100,0.0,0.0,EVR,EVR
2009-02-18,11.880000114440918,12.609999656677246,11.649999618530272,12.529999732971191,8.507100105285645,185600,0.0,0.0,EVR,EVR
2009-02-19,12.5600004196167,12.75,12.220000267028809,12.3100004196167,8.357734680175781,139000,0.0,0.0,EVR,EVR
2009-02-20,12.09000015258789,12.760000228881836,11.739999771118164,12.5,8.486729621887207,310800,0.0,0.0,EVR,EVR
2009-02-23,12.5600004196167,13.0600004196167,11.960000038146973,12.029999732971191,8.167632102966309,122900,0.0,0.0,EVR,EVR
2009-02-24,12.229999542236328,12.859999656677246,11.920000076293944,12.539999961853027,8.513887405395508,233500,0.0,0.0,EVR,EVR
2009-02-25,12.470000267028809,12.470000267028809,11.670000076293944,11.720000267028809,8.034045219421387,181300,0.12,0.0,EVR,EVR
2009-02-26,11.850000381469728,12.239999771118164,11.770000457763672,12.0,8.225981712341309,232400,0.0,0.0,EVR,EVR
2009-02-27,11.859999656677246,12.5600004196167,11.859999656677246,12.210000038146973,8.369935989379883,149500,0.0,0.0,EVR,EVR
2009-03-02,11.93000030517578,12.09000015258789,10.93000030517578,11.5600004196167,7.924361228942871,353300,0.0,0.0,EVR,EVR
2009-03-03,11.609999656677246,11.619999885559082,10.699999809265137,10.899999618530272,7.471929550170898,120500,0.0,0.0,EVR,EVR
2009-03-04,11.039999961853027,11.239999771118164,10.40999984741211,10.539999961853027,7.225153923034668,369800,0.0,0.0,EVR,EVR
2009-03-05,10.09000015258789,10.829999923706056,9.5600004196167,10.710000038146973,7.341687202453613,301400,0.0,0.0,EVR,EVR
2009-03-06,10.789999961853027,11.0600004196167,10.460000038146973,10.710000038146973,7.341687202453613,196600,0.0,0.0,EVR,EVR
2009-03-09,10.609999656677246,10.960000038146973,10.399999618530272,10.5,7.197732925415039,184000,0.0,0.0,EVR,EVR
2009-03-10,10.760000228881836,11.239999771118164,10.729999542236328,11.09000015258789,7.602175712585449,311500,0.0,0.0,EVR,EVR
2009-03-11,11.0,11.760000228881836,10.920000076293944,11.56999969482422,7.931212425231934,186000,0.0,0.0,EVR,EVR
2009-03-12,11.56999969482422,12.460000038146973,11.399999618530272,12.270000457763672,8.411066055297852,321100,0.0,0.0,EVR,EVR
2009-03-13,12.289999961853027,13.119999885559082,12.109999656677246,13.06999969482422,8.959465026855469,89900,0.0,0.0,EVR,EVR
2009-03-16,13.229999542236328,14.229999542236328,12.619999885559082,12.68000030517578,8.692120552062988,102600,0.0,0.0,EVR,EVR
2009-03-17,12.640000343322754,13.880000114440918,12.550000190734863,13.800000190734863,9.459875106811523,89400,0.0,0.0,EVR,EVR
2009-03-18,13.789999961853027,14.18000030517578,13.40999984741211,14.0,9.596976280212402,107400,0.0,0.0,EVR,EVR
2009-03-19,14.0,14.300000190734863,13.359999656677246,13.789999961853027,9.453022003173828,115700,0.0,0.0,EVR,EVR
2009-03-20,13.93000030517578,13.93000030517578,13.380000114440918,13.460000038146973,9.226808547973633,88000,0.0,0.0,EVR,EVR
2009-03-23,13.699999809265137,15.25,13.199999809265137,15.239999771118164,10.44699478149414,199000,0.0,0.0,EVR,EVR
2009-03-24,15.149999618530272,15.640000343322754,14.970000267028809,15.239999771118164,10.44699478149414,207600,0.0,0.0,EVR,EVR
2009-03-25,15.4399995803833,16.709999084472656,15.1899995803833,16.020000457763672,10.981683731079102,208200,0.0,0.0,EVR,EVR
2009-03-26,16.709999084472656,16.950000762939453,15.4399995803833,16.1299991607666,11.057088851928713,90100,0.0,0.0,EVR,EVR
2009-03-27,15.899999618530272,16.09000015258789,15.149999618530272,15.25,10.453850746154783,96700,0.0,0.0,EVR,EVR
2009-03-30,14.920000076293944,15.300000190734863,14.56999969482422,15.06999969482422,10.330462455749512,167300,0.0,0.0,EVR,EVR
2009-03-31,15.09000015258789,15.609999656677246,14.93000030517578,15.449999809265137,10.590950012207031,118400,0.0,0.0,EVR,EVR
2009-04-01,15.229999542236328,16.15999984741211,15.109999656677246,15.81999969482422,10.844586372375488,75300,0.0,0.0,EVR,EVR
2009-04-02,16.399999618530273,16.700000762939453,16.0,16.399999618530273,11.242173194885254,143400,0.0,0.0,EVR,EVR
2009-04-03,16.40999984741211,16.969999313354492,16.309999465942383,16.75,11.482097625732422,136400,0.0,0.0,EVR,EVR
2009-04-06,16.579999923706055,16.770000457763672,15.970000267028809,16.639999389648438,11.406692504882812,46000,0.0,0.0,EVR,EVR
2009-04-07,16.3700008392334,16.729999542236328,16.020000457763672,16.020000457763672,10.981683731079102,67900,0.0,0.0,EVR,EVR
2009-04-08,16.049999237060547,16.079999923706055,15.0,15.300000190734863,10.488123893737791,134300,0.0,0.0,EVR,EVR
2009-04-09,15.729999542236328,15.84000015258789,15.210000038146973,15.600000381469728,10.693772315979004,167200,0.0,0.0,EVR,EVR
2009-04-13,15.529999732971191,16.09000015258789,15.520000457763672,15.949999809265137,10.933703422546388,183900,0.0,0.0,EVR,EVR
2009-04-14,15.65999984741211,16.139999389648438,15.40999984741211,15.84000015258789,10.858294486999512,205100,0.0,0.0,EVR,EVR
2009-04-15,15.789999961853027,16.110000610351562,15.40999984741211,15.899999618530272,10.899426460266112,80500,0.0,0.0,EVR,EVR
2009-04-16,15.899999618530272,15.949999809265137,15.390000343322754,15.890000343322754,10.892570495605469,194800,0.0,0.0,EVR,EVR
2009-04-17,15.970000267028809,16.25,15.90999984741211,16.030000686645508,10.988536834716797,97700,0.0,0.0,EVR,EVR
2009-04-20,15.550000190734863,15.789999961853027,14.3100004196167,14.3100004196167,9.809480667114258,139700,0.0,0.0,EVR,EVR
2009-04-21,14.260000228881836,15.239999771118164,14.260000228881836,15.239999771118164,10.44699478149414,75000,0.0,0.0,EVR,EVR
2009-04-22,14.9399995803833,16.860000610351562,14.9399995803833,16.149999618530273,11.070799827575684,130400,0.0,0.0,EVR,EVR
2009-04-23,16.1200008392334,16.350000381469727,15.869999885559082,16.15999984741211,11.07765293121338,89800,0.0,0.0,EVR,EVR
2009-04-24,16.350000381469727,17.489999771118164,16.200000762939453,17.479999542236328,11.98251247406006,139500,0.0,0.0,EVR,EVR
2009-04-27,17.200000762939453,17.309999465942383,16.559999465942383,16.739999771118164,11.47524070739746,145400,0.0,0.0,EVR,EVR
2009-04-28,16.56999969482422,17.059999465942383,16.389999389648438,17.0,11.653471946716309,224800,0.0,0.0,EVR,EVR
2009-04-29,17.049999237060547,17.559999465942383,16.75,17.530000686645508,12.016786575317385,266800,0.0,0.0,EVR,EVR
2009-04-30,18.0,19.59000015258789,17.799999237060547,18.8799991607666,12.942209243774414,426500,0.0,0.0,EVR,EVR
2009-05-01,18.920000076293945,19.799999237060547,16.670000076293945,16.950000762939453,11.619199752807615,199300,0.0,0.0,EVR,EVR
2009-05-04,17.299999237060547,18.86000061035156,17.18000030517578,18.700000762939453,12.818817138671877,173800,0.0,0.0,EVR,EVR
2009-05-05,18.739999771118164,19.600000381469727,18.739999771118164,18.979999542236328,13.010754585266112,233400,0.0,0.0,EVR,EVR
2009-05-06,19.030000686645508,19.14999961853028,18.450000762939453,19.0,13.024468421936035,85400,0.0,0.0,EVR,EVR
2009-05-07,19.1299991607666,19.1299991607666,18.5,19.0,13.024468421936035,111800,0.0,0.0,EVR,EVR
2009-05-08,18.799999237060547,18.93000030517578,18.280000686645508,18.729999542236328,12.839384078979492,124700,0.0,0.0,EVR,EVR
2009-05-11,18.43000030517578,18.43000030517578,17.200000762939453,17.399999618530273,11.9276704788208,119000,0.0,0.0,EVR,EVR
2009-05-12,17.469999313354492,17.829999923706055,16.489999771118164,17.079999923706055,11.708311080932615,100400,0.0,0.0,EVR,EVR
2009-05-13,16.700000762939453,16.700000762939453,15.710000038146973,15.75,10.796598434448242,130000,0.0,0.0,EVR,EVR
2009-05-14,15.869999885559082,16.030000686645508,14.59000015258789,15.9399995803833,10.926841735839844,203300,0.0,0.0,EVR,EVR
2009-05-15,15.920000076293944,17.06999969482422,15.550000190734863,16.559999465942383,11.351850509643556,181100,0.0,0.0,EVR,EVR
2009-05-18,16.530000686645508,17.049999237060547,16.260000228881836,17.040000915527344,11.68089485168457,87800,0.0,0.0,EVR,EVR
2009-05-19,16.93000030517578,17.299999237060547,16.780000686645508,16.969999313354492,11.632905960083008,63100,0.0,0.0,EVR,EVR
2009-05-20,17.149999618530273,17.969999313354492,16.579999923706055,16.719999313354492,11.46153163909912,74800,0.0,0.0,EVR,EVR
2009-05-21,16.450000762939453,16.850000381469727,16.329999923706055,16.850000381469727,11.550652503967283,62700,0.0,0.0,EVR,EVR
2009-05-22,16.899999618530273,17.079999923706055,16.270000457763672,16.670000076293945,11.427260398864746,57100,0.0,0.0,EVR,EVR
2009-05-26,16.420000076293945,17.139999389648438,16.329999923706055,17.139999389648438,11.74944305419922,147700,0.0,0.0,EVR,EVR
2009-05-27,17.09000015258789,17.579999923706055,16.950000762939453,17.200000762939453,11.873703002929688,118400,0.12,0.0,EVR,EVR
2009-05-28,17.270000457763672,18.07999992370605,16.700000762939453,18.06999969482422,12.474288940429688,135000,0.0,0.0,EVR,EVR
2009-05-29,17.940000534057617,19.5,17.850000381469727,19.31999969482422,13.337207794189451,415800,0.0,0.0,EVR,EVR
2009-06-01,19.31999969482422,19.89999961853028,19.020000457763672,19.239999771118164,13.28197193145752,105700,0.0,0.0,EVR,EVR
2009-06-02,19.31999969482422,19.559999465942383,18.96999931335449,19.520000457763672,13.47527027130127,75600,0.0,0.0,EVR,EVR
2009-06-03,19.280000686645508,19.64999961853028,19.09000015258789,19.520000457763672,13.47527027130127,86800,0.0,0.0,EVR,EVR
2009-06-04,19.39999961853028,19.75,18.59000015258789,19.68000030517578,13.585728645324709,63300,0.0,0.0,EVR,EVR
2009-06-05,19.780000686645508,20.600000381469727,19.3799991607666,20.51000022888184,14.158695220947266,72800,0.0,0.0,EVR,EVR
2009-06-08,20.229999542236328,20.25,18.950000762939453,19.34000015258789,13.3510160446167,128700,0.0,0.0,EVR,EVR
2009-06-09,19.32999992370605,19.88999938964844,19.229999542236328,19.63999938964844,13.558110237121582,31800,0.0,0.0,EVR,EVR
2009-06-10,19.729999542236328,19.770000457763672,18.93000030517578,19.25,13.288878440856934,57800,0.0,0.0,EVR,EVR
2009-06-11,19.39999961853028,19.64999961853028,19.170000076293945,19.420000076293945,13.40623664855957,43600,0.0,0.0,EVR,EVR
2009-06-12,19.200000762939453,19.65999984741211,18.920000076293945,19.59000015258789,13.523594856262209,25400,0.0,0.0,EVR,EVR
2009-06-15,19.1299991607666,19.979999542236328,19.0,19.6299991607666,13.551202774047852,131600,0.0,0.0,EVR,EVR
2009-06-16,19.82999992370605,19.989999771118164,18.790000915527344,19.07999992370605,13.17151927947998,103900,0.0,0.0,EVR,EVR
2009-06-17,19.06999969482422,19.700000762939453,19.06999969482422,19.440000534057617,13.420045852661133,178900,0.0,0.0,EVR,EVR
2009-06-18,19.440000534057617,19.790000915527344,19.26000022888184,19.39999961853028,13.39242935180664,49600,0.0,0.0,EVR,EVR
2009-06-19,19.559999465942383,19.93000030517578,19.3799991607666,19.71999931335449,13.613335609436035,111200,0.0,0.0,EVR,EVR
2009-06-22,19.64999961853028,19.64999961853028,18.530000686645508,18.709999084472656,12.916099548339844,127200,0.0,0.0,EVR,EVR
2009-06-23,18.780000686645508,19.15999984741211,18.64999961853028,18.940000534057617,13.07487964630127,50900,0.0,0.0,EVR,EVR
2009-06-24,19.14999961853028,19.920000076293945,19.020000457763672,19.40999984741211,13.399336814880373,88000,0.0,0.0,EVR,EVR
2009-06-25,19.32999992370605,19.86000061035156,19.049999237060547,19.59000015258789,13.523594856262209,111800,0.0,0.0,EVR,EVR
2009-06-26,19.57999992370605,20.190000534057617,19.43000030517578,20.190000534057617,13.93779182434082,321200,0.0,0.0,EVR,EVR
2009-06-29,20.100000381469727,20.8799991607666,19.799999237060547,20.420000076293945,14.096563339233398,109700,0.0,0.0,EVR,EVR
2009-06-30,20.520000457763672,20.520000457763672,19.06999969482422,19.63999938964844,13.558110237121582,87200,0.0,0.0,EVR,EVR
2009-07-01,19.75,20.020000457763672,19.61000061035156,19.940000534057617,13.765210151672363,36000,0.0,0.0,EVR,EVR
2009-07-02,19.700000762939453,19.950000762939453,19.51000022888184,19.700000762939453,13.599532127380373,82200,0.0,0.0,EVR,EVR
2009-07-06,19.68000030517578,19.790000915527344,18.61000061035156,19.270000457763672,13.302690505981444,190900,0.0,0.0,EVR,EVR
2009-07-07,19.229999542236328,19.84000015258789,19.11000061035156,19.420000076293945,13.40623664855957,84500,0.0,0.0,EVR,EVR
2009-07-08,19.440000534057617,19.700000762939453,18.549999237060547,18.729999542236328,12.929908752441406,87400,0.0,0.0,EVR,EVR
2009-07-09,18.770000457763672,18.850000381469727,18.31999969482422,18.520000457763672,12.784937858581545,96800,0.0,0.0,EVR,EVR
2009-07-10,18.51000022888184,18.739999771118164,18.059999465942383,18.200000762939453,12.56403923034668,106600,0.0,0.0,EVR,EVR
2009-07-13,18.43000030517578,18.520000457763672,17.6299991607666,18.46999931335449,12.750422477722168,189200,0.0,0.0,EVR,EVR
2009-07-14,18.34000015258789,18.670000076293945,17.989999771118164,18.46999931335449,12.750422477722168,87600,0.0,0.0,EVR,EVR
2009-07-15,18.59000015258789,18.96999931335449,18.479999542236328,18.59000015258789,12.833259582519531,101300,0.0,0.0,EVR,EVR
2009-07-16,18.520000457763672,18.809999465942383,18.11000061035156,18.68000030517578,12.895390510559082,60300,0.0,0.0,EVR,EVR
2009-07-17,18.700000762939453,19.07999992370605,18.700000762939453,18.8700008392334,13.026556015014648,80000,0.0,0.0,EVR,EVR
2009-07-20,18.8700008392334,19.06999969482422,18.75,19.0,13.116300582885742,46300,0.0,0.0,EVR,EVR
2009-07-21,19.030000686645508,19.09000015258789,18.670000076293945,19.01000022888184,13.123199462890623,25100,0.0,0.0,EVR,EVR
2009-07-22,19.0,19.489999771118164,19.0,19.14999961853028,13.219846725463867,47100,0.0,0.0,EVR,EVR
2009-07-23,19.07999992370605,20.0,19.07999992370605,19.76000022888184,13.640949249267578,75500,0.0,0.0,EVR,EVR
2009-07-24,19.71999931335449,19.89999961853028,19.3799991607666,19.600000381469727,13.53049373626709,36400,0.0,0.0,EVR,EVR
2009-07-27,19.6200008392334,19.739999771118164,19.030000686645508,19.57999992370605,13.516691207885742,39700,0.0,0.0,EVR,EVR
2009-07-28,19.520000457763672,19.68000030517578,19.07999992370605,19.479999542236328,13.447661399841309,54800,0.0,0.0,EVR,EVR
2009-07-29,19.38999938964844,19.459999084472656,18.21999931335449,18.979999542236328,13.102487564086914,90800,0.0,0.0,EVR,EVR
2009-07-30,19.11000061035156,19.90999984741211,18.93000030517578,19.809999465942383,13.675460815429688,111200,0.0,0.0,EVR,EVR
2009-07-31,19.68000030517578,20.43000030517578,19.59000015258789,19.670000076293945,13.578818321228027,232000,0.0,0.0,EVR,EVR
2009-08-03,19.76000022888184,21.36000061035156,19.76000022888184,21.25,14.669544219970703,194100,0.0,0.0,EVR,EVR
2009-08-04,21.32999992370605,21.549999237060547,19.5,20.26000022888184,13.98612117767334,315600,0.0,0.0,EVR,EVR
2009-08-05,21.200000762939453,22.5,20.770000457763672,22.450000762939453,15.497941970825195,2117100,0.0,0.0,EVR,EVR
2009-08-06,22.270000457763672,24.059999465942383,22.229999542236328,23.170000076293945,15.994975090026855,649300,0.0,0.0,EVR,EVR
2009-08-07,23.81999969482422,24.209999084472656,22.690000534057617,22.850000381469727,15.774070739746094,556400,0.0,0.0,EVR,EVR
2009-08-10,22.46999931335449,23.309999465942383,22.46999931335449,23.06999969482422,15.925946235656738,212300,0.0,0.0,EVR,EVR
2009-08-11,23.06999969482422,23.350000381469727,22.739999771118164,23.25,16.050209045410156,144400,0.0,0.0,EVR,EVR
2009-08-12,23.309999465942383,23.979999542236328,23.06999969482422,23.38999938964844,16.146854400634766,109400,0.0,0.0,EVR,EVR
2009-08-13,23.559999465942383,23.670000076293945,22.700000762939453,23.440000534057617,16.18137550354004,133800,0.0,0.0,EVR,EVR
2009-08-14,23.65999984741211,23.700000762939453,22.71999931335449,22.89999961853028,15.808589935302734,131600,0.0,0.0,EVR,EVR
2009-08-17,22.5,22.780000686645508,21.780000686645508,22.350000381469727,15.428912162780762,157000,0.0,0.0,EVR,EVR
2009-08-18,22.38999938964844,22.61000061035156,21.88999938964844,22.31999969482422,15.408204078674316,111600,0.0,0.0,EVR,EVR
2009-08-19,22.229999542236328,22.309999465942383,21.700000762939453,22.270000457763672,15.37368106842041,94000,0.0,0.0,EVR,EVR
2009-08-20,22.270000457763672,23.13999938964844,22.270000457763672,22.51000022888184,15.539361953735352,111800,0.0,0.0,EVR,EVR
2009-08-21,22.82999992370605,23.700000762939453,22.82999992370605,23.309999465942383,16.091623306274414,114500,0.0,0.0,EVR,EVR
2009-08-24,23.3700008392334,23.90999984741211,23.3700008392334,23.84000015258789,16.45750617980957,113600,0.0,0.0,EVR,EVR
2009-08-25,23.84000015258789,25.15999984741211,23.71999931335449,24.93000030517578,17.20996856689453,177200,0.0,0.0,EVR,EVR
2009-08-26,24.8799991607666,25.36000061035156,24.36000061035156,25.290000915527344,17.542924880981445,118700,0.12,0.0,EVR,EVR
2009-08-27,25.14999961853028,25.440000534057617,24.809999465942383,25.299999237060547,17.549861907958984,113600,0.0,0.0,EVR,EVR
2009-08-28,25.420000076293945,25.6299991607666,25.06999969482422,25.34000015258789,17.577608108520508,113100,0.0,0.0,EVR,EVR
2009-08-31,25.26000022888184,25.43000030517578,24.979999542236328,25.18000030517578,17.46661376953125,245000,0.0,0.0,EVR,EVR
2009-09-01,25.170000076293945,25.420000076293945,24.530000686645508,24.799999237060547,17.203027725219727,392100,0.0,0.0,EVR,EVR
2009-09-02,24.56999969482422,24.790000915527344,24.290000915527344,24.39999961853028,16.925565719604492,248400,0.0,0.0,EVR,EVR
2009-09-03,24.440000534057617,24.440000534057617,22.40999984741211,23.0,15.954424858093262,324900,0.0,0.0,EVR,EVR
2009-09-04,23.229999542236328,23.5,22.989999771118164,23.18000030517578,16.07927703857422,132300,0.0,0.0,EVR,EVR
2009-09-08,23.39999961853028,23.959999084472656,22.959999084472656,23.920000076293945,16.592592239379883,216900,0.0,0.0,EVR,EVR
2009-09-09,24.34000015258789,25.5,24.229999542236328,25.100000381469727,17.4111270904541,231200,0.0,0.0,EVR,EVR
2009-09-10,25.14999961853028,26.34000015258789,24.989999771118164,25.440000534057617,17.646976470947266,114600,0.0,0.0,EVR,EVR
2009-09-11,25.600000381469727,26.190000534057617,25.420000076293945,26.15999984741211,18.146413803100582,154500,0.0,0.0,EVR,EVR
2009-09-14,25.84000015258789,25.84000015258789,25.0,25.5,17.6885986328125,99700,0.0,0.0,EVR,EVR
2009-09-15,25.6200008392334,26.18000030517578,25.09000015258789,26.030000686645508,18.05624771118164,122500,0.0,0.0,EVR,EVR
2009-09-16,26.18000030517578,28.82999992370605,26.14999961853028,28.82999992370605,19.998523712158203,296600,0.0,0.0,EVR,EVR
2009-09-17,28.61000061035156,29.76000022888184,28.01000022888184,29.07999992370605,20.17194175720215,279000,0.0,0.0,EVR,EVR
2009-09-18,29.14999961853028,29.61000061035156,28.40999984741211,28.920000076293945,20.06094741821289,296900,0.0,0.0,EVR,EVR
2009-09-21,28.600000381469727,29.14999961853028,27.64999961853028,27.770000457763672,19.26323699951172,161500,0.0,0.0,EVR,EVR
2009-09-22,28.030000686645508,28.56999969482422,27.46999931335449,28.46999931335449,19.74879646301269,135200,0.0,0.0,EVR,EVR
2009-09-23,28.46999931335449,29.89999961853028,28.46999931335449,29.020000457763672,20.13031959533692,196200,0.0,0.0,EVR,EVR
2009-09-24,29.01000022888184,29.299999237060547,27.690000534057617,28.350000381469727,19.665557861328125,128800,0.0,0.0,EVR,EVR
2009-09-25,28.36000061035156,29.09000015258789,27.670000076293945,28.3799991607666,19.68636512756348,116600,0.0,0.0,EVR,EVR
2009-09-28,28.43000030517578,29.93000030517578,28.299999237060547,29.88999938964844,20.733810424804688,155800,0.0,0.0,EVR,EVR
2009-09-29,29.799999237060547,30.209999084472656,28.459999084472656,28.5,19.76960563659668,339800,0.0,0.0,EVR,EVR
2009-09-30,28.65999984741211,29.709999084472656,27.670000076293945,29.21999931335449,20.26905059814453,136900,0.0,0.0,EVR,EVR
2009-10-01,29.0,29.030000686645508,27.799999237060547,28.809999465942383,19.98464775085449,275100,0.0,0.0,EVR,EVR
2009-10-02,28.489999771118164,29.540000915527344,27.93000030517578,28.850000381469727,20.01239585876465,151300,0.0,0.0,EVR,EVR
2009-10-05,28.81999969482422,29.850000381469727,28.59000015258789,29.229999542236328,20.275983810424805,283300,0.0,0.0,EVR,EVR
2009-10-06,29.46999931335449,29.8799991607666,28.68000030517578,29.07999992370605,20.17194175720215,183700,0.0,0.0,EVR,EVR
2009-10-07,29.100000381469727,29.459999084472656,28.82999992370605,29.13999938964844,20.213565826416016,71200,0.0,0.0,EVR,EVR
2009-10-08,29.1299991607666,29.440000534057617,28.459999084472656,28.479999542236328,19.755735397338867,307900,0.0,0.0,EVR,EVR
2009-10-09,28.299999237060547,30.0,28.25,30.0,20.81011390686035,138200,0.0,0.0,EVR,EVR
2009-10-12,30.1200008392334,30.68000030517578,29.799999237060547,30.36000061035156,21.05984306335449,138800,0.0,0.0,EVR,EVR
2009-10-13,30.3700008392334,30.700000762939453,29.86000061035156,30.299999237060547,21.018211364746094,213200,0.0,0.0,EVR,EVR
2009-10-14,30.850000381469727,32.689998626708984,30.700000762939453,32.5,22.544288635253903,337200,0.0,0.0,EVR,EVR
2009-10-15,32.369998931884766,33.400001525878906,31.5,32.9900016784668,22.884191513061523,197700,0.0,0.0,EVR,EVR
2009-10-16,32.79999923706055,33.02000045776367,32.15999984741211,32.869998931884766,22.800949096679688,153200,0.0,0.0,EVR,EVR
2009-10-19,33.060001373291016,33.060001373291016,32.11000061035156,32.81999969482422,22.766263961791992,111300,0.0,0.0,EVR,EVR
2009-10-20,32.81999969482422,32.90999984741211,31.18000030517578,32.119998931884766,22.280696868896484,107400,0.0,0.0,EVR,EVR
2009-10-21,32.11000061035156,32.81999969482422,30.799999237060547,30.89999961853028,21.434419631958008,217700,0.0,0.0,EVR,EVR
2009-10-22,30.88999938964844,31.26000022888184,29.729999542236328,30.799999237060547,21.365053176879883,286400,0.0,0.0,EVR,EVR
2009-10-23,30.790000915527344,31.190000534057617,30.209999084472656,30.700000762939453,21.295679092407227,57800,0.0,0.0,EVR,EVR
2009-10-26,30.57999992370605,31.6200008392334,30.46999931335449,31.14999961853028,21.60783576965332,226000,0.0,0.0,EVR,EVR
2009-10-27,30.84000015258789,31.5,30.82999992370605,31.350000381469727,21.746564865112305,115100,0.0,0.0,EVR,EVR
2009-10-28,30.26000022888184,33.25,30.26000022888184,31.14999961853028,21.60783576965332,265800,0.0,0.0,EVR,EVR
2009-10-29,31.56999969482422,32.959999084472656,31.56999969482422,32.7400016784668,22.71077346801757,152300,0.0,0.0,EVR,EVR
2009-10-30,32.689998626708984,33.560001373291016,32.369998931884766,32.63999938964844,22.64139938354492,281600,0.0,0.0,EVR,EVR
2009-11-02,32.970001220703125,33.060001373291016,32.0099983215332,32.47999954223633,22.530414581298828,131400,0.0,0.0,EVR,EVR
2009-11-03,32.2400016784668,33.11000061035156,32.06999969482422,33.0,22.891128540039062,152700,0.0,0.0,EVR,EVR
2009-11-04,33.2599983215332,33.65999984741211,32.459999084472656,32.5,22.544288635253903,98300,0.0,0.0,EVR,EVR
2009-11-05,32.86000061035156,33.09000015258789,32.36000061035156,32.58000183105469,22.59979057312012,254000,0.0,0.0,EVR,EVR
2009-11-06,32.47999954223633,32.900001525878906,31.6200008392334,32.06999969482422,22.246007919311523,187200,0.0,0.0,EVR,EVR
2009-11-09,32.400001525878906,33.709999084472656,32.400001525878906,33.599998474121094,23.30732536315918,92300,0.0,0.0,EVR,EVR
2009-11-10,33.25,34.04999923706055,33.040000915527344,33.959999084472656,23.55704498291016,169700,0.0,0.0,EVR,EVR
2009-11-11,34.119998931884766,34.5,33.97999954223633,34.15999984741211,23.69577980041504,70800,0.0,0.0,EVR,EVR
2009-11-12,33.939998626708984,34.63999938964844,33.68000030517578,33.939998626708984,23.543174743652344,76100,0.0,0.0,EVR,EVR
2009-11-13,33.83000183105469,35.619998931884766,33.7599983215332,35.0,24.278467178344727,243200,0.0,0.0,EVR,EVR
2009-11-16,35.310001373291016,35.400001525878906,34.290000915527344,34.709999084472656,24.07730293273925,141200,0.0,0.0,EVR,EVR
2009-11-17,34.45000076293945,35.0,34.380001068115234,34.689998626708984,24.063419342041016,156300,0.0,0.0,EVR,EVR
2009-11-18,34.59000015258789,34.59000015258789,32.45000076293945,32.66999816894531,22.66221237182617,137600,0.0,0.0,EVR,EVR
2009-11-19,32.540000915527344,32.540000915527344,31.34000015258789,31.64999961853028,21.954673767089844,67800,0.0,0.0,EVR,EVR
2009-11-20,31.540000915527344,31.88999938964844,31.030000686645508,31.3700008392334,21.760440826416016,55600,0.0,0.0,EVR,EVR
2009-11-23,32.38999938964844,33.880001068115234,32.38999938964844,32.81999969482422,22.766263961791992,278600,0.0,0.0,EVR,EVR
2009-11-24,32.75,33.04999923706055,30.950000762939453,32.849998474121094,22.891700744628903,121000,0.15,0.0,EVR,EVR
2009-11-25,33.189998626708984,33.189998626708984,31.700000762939453,31.920000076293945,22.24361801147461,63500,0.0,0.0,EVR,EVR
2009-11-27,30.90999984741211,31.6299991607666,30.90999984741211,31.21999931335449,21.755828857421875,35500,0.0,0.0,EVR,EVR
2009-11-30,31.07999992370605,31.14999961853028,29.90999984741211,31.01000022888184,21.60948371887207,90500,0.0,0.0,EVR,EVR
2009-12-01,31.32999992370605,31.780000686645508,30.32999992370605,31.239999771118164,21.769758224487305,104100,0.0,0.0,EVR,EVR
2009-12-02,31.3700008392334,32.63999938964844,31.299999237060547,31.540000915527344,21.97881317138672,71600,0.0,0.0,EVR,EVR
2009-12-03,31.76000022888184,32.08000183105469,31.0,31.13999938964844,21.700071334838867,87700,0.0,0.0,EVR,EVR
2009-12-04,31.76000022888184,31.790000915527344,30.739999771118164,31.020000457763672,21.6164493560791,156200,0.0,0.0,EVR,EVR
2009-12-07,31.0,31.09000015258789,28.71999931335449,29.40999984741211,20.494518280029297,203100,0.0,0.0,EVR,EVR
2009-12-08,29.059999465942383,29.68000030517578,27.43000030517578,29.3799991607666,20.47360610961914,426700,0.0,0.0,EVR,EVR
2009-12-09,29.280000686645508,29.299999237060547,28.84000015258789,29.0,20.20880889892578,84300,0.0,0.0,EVR,EVR
2009-12-10,28.950000762939453,29.15999984741211,28.84000015258789,29.020000457763672,20.222745895385746,115700,0.0,0.0,EVR,EVR
2009-12-11,29.239999771118164,29.520000457763672,28.530000686645508,28.559999465942383,19.90218544006348,145000,0.0,0.0,EVR,EVR
2009-12-14,28.549999237060547,29.18000030517578,27.64999961853028,29.07999992370605,20.264554977416992,168500,0.0,0.0,EVR,EVR
2009-12-15,29.100000381469727,30.059999465942383,28.799999237060547,29.549999237060547,20.59207534790039,164300,0.0,0.0,EVR,EVR
2009-12-16,29.850000381469727,31.729999542236328,29.84000015258789,31.549999237060547,21.98578453063965,289800,0.0,0.0,EVR,EVR
2009-12-17,31.489999771118164,31.75,30.8700008392334,31.6200008392334,22.034568786621094,115100,0.0,0.0,EVR,EVR
2009-12-18,31.88999938964844,33.34000015258789,31.68000030517578,32.77000045776367,22.83595848083496,606400,0.0,0.0,EVR,EVR
2009-12-21,33.02000045776367,33.15999984741211,31.96999931335449,32.06999969482422,22.34814643859864,141900,0.0,0.0,EVR,EVR
2009-12-22,32.02000045776367,32.33000183105469,30.770000457763672,31.520000457763672,21.964879989624023,128800,0.0,0.0,EVR,EVR
2009-12-23,31.520000457763672,31.63999938964844,30.84000015258789,30.920000076293945,21.546770095825195,100900,0.0,0.0,EVR,EVR
2009-12-24,30.93000030517578,30.96999931335449,30.440000534057617,30.600000381469727,21.323774337768555,26200,0.0,0.0,EVR,EVR
2009-12-28,30.64999961853028,30.64999961853028,30.100000381469727,30.26000022888184,21.086843490600582,52300,0.0,0.0,EVR,EVR
2009-12-29,30.18000030517578,30.18000030517578,29.15999984741211,29.38999938964844,20.48057556152344,65600,0.0,0.0,EVR,EVR
2009-12-30,29.43000030517578,30.51000022888184,29.040000915527344,29.82999992370605,20.78719520568848,59400,0.0,0.0,EVR,EVR
2009-12-31,29.88999938964844,30.489999771118164,29.88999938964844,30.39999961853028,21.18439674377441,87800,0.0,0.0,EVR,EVR
2010-01-04,30.61000061035156,31.729999542236328,30.43000030517578,31.549999237060547,21.98578453063965,136100,0.0,0.0,EVR,EVR
2010-01-05,31.540000915527344,31.540000915527344,31.06999969482422,31.209999084472656,21.74885368347168,41100,0.0,0.0,EVR,EVR
2010-01-06,31.020000457763672,31.799999237060547,31.01000022888184,31.280000686645508,21.79763984680176,66200,0.0,0.0,EVR,EVR
2010-01-07,31.34000015258789,31.729999542236328,30.559999465942383,31.690000534057617,22.083341598510746,108100,0.0,0.0,EVR,EVR
2010-01-08,31.51000022888184,31.63999938964844,30.739999771118164,31.57999992370605,22.006690979003903,57800,0.0,0.0,EVR,EVR
2010-01-11,31.6299991607666,31.799999237060547,30.739999771118164,31.420000076293945,21.89518928527832,89000,0.0,0.0,EVR,EVR
2010-01-12,31.14999961853028,31.90999984741211,30.90999984741211,31.170000076293945,21.72098159790039,72500,0.0,0.0,EVR,EVR
2010-01-13,31.170000076293945,32.459999084472656,30.81999969482422,32.33000183105469,22.52933120727539,145600,0.0,0.0,EVR,EVR
2010-01-14,32.400001525878906,32.970001220703125,32.2599983215332,32.54999923706055,22.6826400756836,90900,0.0,0.0,EVR,EVR
2010-01-15,32.720001220703125,32.93000030517578,32.13999938964844,32.88999938964844,22.919567108154297,91900,0.0,0.0,EVR,EVR
2010-01-19,33.0,33.97999954223633,32.849998474121094,33.88999938964844,23.61642837524414,169300,0.0,0.0,EVR,EVR
2010-01-20,33.58000183105469,34.349998474121094,33.08000183105469,33.099998474121094,23.06590843200684,146500,0.0,0.0,EVR,EVR
2010-01-21,33.08000183105469,33.27000045776367,32.130001068115234,32.689998626708984,22.780197143554688,248400,0.0,0.0,EVR,EVR
2010-01-22,32.900001525878906,33.060001373291016,32.439998626708984,32.709999084472656,22.79413795471192,230900,0.0,0.0,EVR,EVR
2010-01-25,32.88999938964844,32.88999938964844,31.88999938964844,32.040000915527344,22.32724380493164,63700,0.0,0.0,EVR,EVR
2010-01-26,31.850000381469727,31.850000381469727,30.200000762939453,30.270000457763672,21.093812942504883,78100,0.0,0.0,EVR,EVR
2010-01-27,30.1299991607666,30.65999984741211,30.020000457763672,30.489999771118164,21.247116088867188,66100,0.0,0.0,EVR,EVR
2010-01-28,30.450000762939453,30.88999938964844,30.030000686645508,30.07999992370605,20.96140480041504,74300,0.0,0.0,EVR,EVR
2010-01-29,30.26000022888184,30.64999961853028,29.790000915527344,29.8700008392334,20.815073013305664,69000,0.0,0.0,EVR,EVR
2010-02-01,29.8700008392334,30.309999465942383,29.790000915527344,30.209999084472656,21.052000045776367,183400,0.0,0.0,EVR,EVR
2010-02-02,30.07999992370605,30.43000030517578,28.3799991607666,29.0,20.20880889892578,356000,0.0,0.0,EVR,EVR
2010-02-03,28.82999992370605,29.11000061035156,28.530000686645508,29.059999465942383,20.25061416625977,147600,0.0,0.0,EVR,EVR
2010-02-04,28.76000022888184,28.940000534057617,27.76000022888184,27.790000915527344,19.36561393737793,117200,0.0,0.0,EVR,EVR
2010-02-05,27.799999237060547,28.670000076293945,27.34000015258789,28.600000381469727,19.930063247680664,123900,0.0,0.0,EVR,EVR
2010-02-08,28.57999992370605,29.01000022888184,28.57999992370605,28.780000686645508,20.05550003051757,93600,0.0,0.0,EVR,EVR
2010-02-09,29.200000762939453,29.489999771118164,28.690000534057617,29.26000022888184,20.38998413085937,68700,0.0,0.0,EVR,EVR
2010-02-10,29.25,29.979999542236328,28.979999542236328,29.739999771118164,20.724475860595703,104000,0.0,0.0,EVR,EVR
2010-02-11,29.59000015258789,30.21999931335449,29.209999084472656,30.09000015258789,20.968372344970703,54300,0.0,0.0,EVR,EVR
2010-02-12,29.940000534057617,30.75,29.63999938964844,30.739999771118164,21.421329498291016,87100,0.0,0.0,EVR,EVR
2010-02-16,30.8700008392334,31.86000061035156,30.46999931335449,31.809999465942383,22.166967391967773,71700,0.0,0.0,EVR,EVR
2010-02-17,31.989999771118164,32.02000045776367,31.040000915527344,31.209999084472656,21.74885368347168,61700,0.0,0.0,EVR,EVR
2010-02-18,31.09000015258789,31.68000030517578,30.450000762939453,31.5,21.950937271118164,80000,0.0,0.0,EVR,EVR
2010-02-19,31.32999992370605,31.36000061035156,30.440000534057617,30.549999237060547,21.288923263549805,92900,0.0,0.0,EVR,EVR
2010-02-22,30.65999984741211,31.239999771118164,30.61000061035156,31.18000030517578,21.72795486450196,151100,0.0,0.0,EVR,EVR
2010-02-23,31.040000915527344,31.040000915527344,29.780000686645508,30.0,20.90566062927246,105200,0.0,0.0,EVR,EVR
2010-02-24,30.0,30.71999931335449,29.93000030517578,30.36000061035156,21.262845993041992,168000,0.15,0.0,EVR,EVR
2010-02-25,30.1200008392334,30.459999084472656,29.8799991607666,30.36000061035156,21.262845993041992,61400,0.0,0.0,EVR,EVR
2010-02-26,30.36000061035156,30.780000686645508,30.0,30.11000061035156,21.087759017944336,177300,0.0,0.0,EVR,EVR
2010-03-01,30.15999984741211,30.75,30.15999984741211,30.690000534057617,21.493955612182617,121600,0.0,0.0,EVR,EVR
2010-03-02,30.690000534057617,31.049999237060547,30.61000061035156,31.020000457763672,21.725086212158203,71100,0.0,0.0,EVR,EVR
2010-03-03,31.1200008392334,31.959999084472656,30.979999542236328,31.049999237060547,21.74608421325684,53900,0.0,0.0,EVR,EVR
2010-03-04,31.049999237060547,31.489999771118164,31.049999237060547,31.290000915527344,21.91417121887207,41900,0.0,0.0,EVR,EVR
2010-03-05,31.549999237060547,32.189998626708984,31.540000915527344,32.0,22.411422729492188,127100,0.0,0.0,EVR,EVR
2010-03-08,32.09000015258789,32.20000076293945,31.790000915527344,31.940000534057617,22.3694076538086,219700,0.0,0.0,EVR,EVR
2010-03-09,31.75,32.31999969482422,31.51000022888184,32.31999969482422,22.635543823242188,200400,0.0,0.0,EVR,EVR
2010-03-10,32.900001525878906,34.41999816894531,32.849998474121094,33.099998474121094,23.18181610107422,753800,0.0,0.0,EVR,EVR
2010-03-11,33.18000030517578,33.45000076293945,32.4900016784668,32.70000076293945,22.90167999267578,345000,0.0,0.0,EVR,EVR
2010-03-12,32.90999984741211,33.029998779296875,32.2599983215332,32.45000076293945,22.72658920288086,261900,0.0,0.0,EVR,EVR
2010-03-15,32.18000030517578,32.5,31.799999237060547,32.11000061035156,22.48847007751465,204900,0.0,0.0,EVR,EVR
2010-03-16,32.310001373291016,33.040000915527344,31.940000534057617,33.040000915527344,23.13980484008789,225000,0.0,0.0,EVR,EVR
2010-03-17,33.13999938964844,34.150001525878906,32.900001525878906,33.880001068115234,23.72810935974121,152100,0.0,0.0,EVR,EVR
2010-03-18,34.0099983215332,34.20000076293945,33.369998931884766,33.5,23.46196556091309,124300,0.0,0.0,EVR,EVR
2010-03-19,32.70000076293945,33.68000030517578,32.0099983215332,32.70000076293945,22.90167999267578,174300,0.0,0.0,EVR,EVR
2010-03-22,32.5,32.72999954223633,32.36000061035156,32.40999984741211,22.698575973510746,157700,0.0,0.0,EVR,EVR
2010-03-23,32.31999969482422,32.529998779296875,31.850000381469727,32.119998931884766,22.49546813964844,141400,0.0,0.0,EVR,EVR
2010-03-24,31.90999984741211,32.220001220703125,31.63999938964844,31.850000381469727,22.306377410888672,209600,0.0,0.0,EVR,EVR
2010-03-25,32.119998931884766,32.38999938964844,31.420000076293945,31.5,22.06124496459961,70500,0.0,0.0,EVR,EVR
2010-03-26,31.690000534057617,31.71999931335449,30.89999961853028,31.38999938964844,21.98419952392578,169700,0.0,0.0,EVR,EVR
2010-03-29,31.3799991607666,31.6299991607666,30.36000061035156,30.64999961853028,21.46594619750977,215000,0.0,0.0,EVR,EVR
2010-03-30,30.71999931335449,31.290000915527344,30.350000381469727,30.75,21.53598022460937,107900,0.0,0.0,EVR,EVR
2010-03-31,30.729999542236328,30.780000686645508,29.89999961853028,30.0,21.010719299316406,85700,0.0,0.0,EVR,EVR
2010-04-01,30.040000915527344,30.209999084472656,29.11000061035156,29.440000534057617,20.61851692199707,150600,0.0,0.0,EVR,EVR
2010-04-05,29.6200008392334,30.36000061035156,29.01000022888184,30.34000015258789,21.248836517333984,91700,0.0,0.0,EVR,EVR
2010-04-06,30.290000915527344,30.420000076293945,30.0,30.290000915527344,21.21381378173828,103300,0.0,0.0,EVR,EVR
2010-04-07,30.170000076293945,30.81999969482422,30.170000076293945,30.68000030517578,21.48695945739746,89900,0.0,0.0,EVR,EVR
2010-04-08,30.690000534057617,30.8700008392334,30.190000534057617,30.280000686645508,21.20681381225586,88800,0.0,0.0,EVR,EVR
2010-04-09,31.030000686645508,32.790000915527344,31.030000686645508,32.369998931884766,22.670562744140625,338400,0.0,0.0,EVR,EVR
2010-04-12,32.529998779296875,33.0099983215332,31.950000762939453,32.54999923706055,22.79662322998047,209500,0.0,0.0,EVR,EVR
2010-04-13,32.47999954223633,32.790000915527344,31.81999969482422,32.7400016784668,22.9296932220459,133700,0.0,0.0,EVR,EVR
2010-04-14,32.9900016784668,33.86000061035156,32.58000183105469,33.83000183105469,23.69308280944824,134200,0.0,0.0,EVR,EVR
2010-04-15,33.970001220703125,34.880001068115234,33.68000030517578,34.849998474121094,24.40743827819824,167100,0.0,0.0,EVR,EVR
2010-04-16,34.52000045776367,34.869998931884766,33.58000183105469,34.38999938964844,24.08527374267578,188500,0.0,0.0,EVR,EVR
2010-04-19,34.04999923706055,34.20000076293945,32.86000061035156,33.470001220703125,23.44095802307129,162300,0.0,0.0,EVR,EVR
2010-04-20,33.58000183105469,33.66999816894531,31.39999961853028,32.150001525878906,22.51648712158203,387900,0.0,0.0,EVR,EVR
2010-04-21,32.13999938964844,34.33000183105469,32.13999938964844,34.02000045776367,23.826152801513672,311200,0.0,0.0,EVR,EVR
2010-04-22,33.66999816894531,35.529998779296875,33.43000030517578,35.5099983215332,24.86968421936035,205500,0.0,0.0,EVR,EVR
2010-04-23,35.59000015258789,37.11000061035156,35.59000015258789,37.08000183105469,25.96924018859864,284600,0.0,0.0,EVR,EVR
2010-04-26,37.08000183105469,37.66999816894531,36.29999923706055,36.540000915527344,25.591045379638672,306600,0.0,0.0,EVR,EVR
2010-04-27,36.310001373291016,36.84999847412109,35.84000015258789,36.36000061035156,25.464984893798828,209700,0.0,0.0,EVR,EVR
2010-04-28,36.650001525878906,37.15999984741211,36.18999862670898,36.459999084472656,25.53500938415528,238000,0.0,0.0,EVR,EVR
2010-04-29,36.560001373291016,36.65999984741211,36.22999954223633,36.33000183105469,25.4439697265625,228900,0.0,0.0,EVR,EVR
2010-04-30,36.220001220703125,36.31999969482422,35.25,35.84000015258789,25.100801467895508,117900,0.0,0.0,EVR,EVR
2010-05-03,35.939998626708984,38.22999954223633,35.70000076293945,38.22999954223633,26.77465438842773,130900,0.0,0.0,EVR,EVR
2010-05-04,37.83000183105469,38.13999938964844,36.52000045776367,36.59999847412109,25.63306427001953,301000,0.0,0.0,EVR,EVR
2010-05-05,36.02999877929688,37.41999816894531,35.540000915527344,36.810001373291016,25.780139923095703,188500,0.0,0.0,EVR,EVR
2010-05-06,36.459999084472656,36.91999816894531,33.349998474121094,35.47999954223633,24.848670959472656,210600,0.0,0.0,EVR,EVR
2010-05-07,35.20000076293945,35.20000076293945,33.529998779296875,34.11000061035156,23.8891830444336,206900,0.0,0.0,EVR,EVR
2010-05-10,35.88999938964844,36.650001525878906,34.650001525878906,35.459999084472656,24.834659576416016,244300,0.0,0.0,EVR,EVR
2010-05-11,35.11000061035156,36.91999816894531,35.11000061035156,36.459999084472656,25.53500938415528,170700,0.0,0.0,EVR,EVR
2010-05-12,36.45000076293945,38.150001525878906,36.43000030517578,37.7400016784668,26.431486129760746,93200,0.0,0.0,EVR,EVR
2010-05-13,37.54999923706055,38.0,37.13999938964844,37.5099983215332,26.27039909362793,110100,0.0,0.0,EVR,EVR
2010-05-14,37.22999954223633,37.4900016784668,36.400001525878906,36.880001068115234,25.829177856445312,101200,0.0,0.0,EVR,EVR
2010-05-17,37.16999816894531,37.16999816894531,34.119998931884766,34.540000915527344,24.190338134765625,219200,0.0,0.0,EVR,EVR
2010-05-18,34.970001220703125,35.16999816894531,33.5099983215332,33.849998474121094,23.707088470458984,143200,0.0,0.0,EVR,EVR
2010-05-19,33.66999816894531,33.79999923706055,31.96999931335449,33.290000915527344,23.31488609313965,144300,0.0,0.0,EVR,EVR
2010-05-20,32.58000183105469,32.58000183105469,30.61000061035156,31.1200008392334,21.79512405395508,174100,0.0,0.0,EVR,EVR
2010-05-21,30.56999969482422,32.099998474121094,30.51000022888184,31.71999931335449,22.21533203125,139600,0.0,0.0,EVR,EVR
2010-05-24,30.90999984741211,31.8799991607666,29.86000061035156,29.959999084472656,20.982704162597656,244200,0.0,0.0,EVR,EVR
2010-05-25,29.309999465942383,30.190000534057617,28.280000686645508,29.979999542236328,20.996702194213867,392300,0.0,0.0,EVR,EVR
2010-05-26,30.13999938964844,31.729999542236328,30.040000915527344,31.0,21.82024955749512,246100,0.15,0.0,EVR,EVR
2010-05-27,31.63999938964844,32.61000061035156,31.09000015258789,32.58000183105469,22.93236923217773,346500,0.0,0.0,EVR,EVR
2010-05-28,32.599998474121094,33.47999954223633,31.709999084472656,32.599998474121094,22.94645118713379,211600,0.0,0.0,EVR,EVR
2010-06-01,32.470001220703125,33.2400016784668,31.770000457763672,31.82999992370605,22.404464721679688,258300,0.0,0.0,EVR,EVR
2010-06-02,32.13999938964844,32.13999938964844,29.90999984741211,30.420000076293945,21.4119930267334,318200,0.0,0.0,EVR,EVR
2010-06-03,31.020000457763672,31.020000457763672,29.90999984741211,30.020000457763672,21.13043975830078,132600,0.0,0.0,EVR,EVR
2010-06-04,29.65999984741211,29.709999084472656,28.25,28.350000381469727,19.95496940612793,229100,0.0,0.0,EVR,EVR
2010-06-07,28.559999465942383,28.88999938964844,26.770000457763672,26.86000061035156,18.90618896484375,251600,0.0,0.0,EVR,EVR
2010-06-08,26.8799991607666,27.100000381469727,26.43000030517578,26.809999465942383,18.871002197265625,251400,0.0,0.0,EVR,EVR
2010-06-09,26.82999992370605,26.950000762939453,25.459999084472656,25.979999542236328,18.286773681640625,508200,0.0,0.0,EVR,EVR
2010-06-10,26.1200008392334,26.459999084472656,25.780000686645508,26.18000030517578,18.42755126953125,221300,0.0,0.0,EVR,EVR
2010-06-11,25.959999084472656,27.15999984741211,25.93000030517578,26.299999237060547,18.51201438903809,273000,0.0,0.0,EVR,EVR
2010-06-14,26.520000457763672,27.100000381469727,26.36000061035156,26.809999465942383,18.871002197265625,235700,0.0,0.0,EVR,EVR
2010-06-15,26.82999992370605,27.39999961853028,26.82999992370605,27.21999931335449,19.159587860107425,175200,0.0,0.0,EVR,EVR
2010-06-16,27.07999992370605,27.450000762939453,26.920000076293945,27.309999465942383,19.22293281555176,189800,0.0,0.0,EVR,EVR
2010-06-17,27.61000061035156,27.88999938964844,27.309999465942383,27.530000686645508,19.37778663635254,171900,0.0,0.0,EVR,EVR
2010-06-18,27.799999237060547,27.82999992370605,27.520000457763672,27.56999969482422,19.40594291687012,232900,0.0,0.0,EVR,EVR
2010-06-21,27.93000030517578,28.15999984741211,27.100000381469727,27.209999084472656,19.15254211425781,209400,0.0,0.0,EVR,EVR
2010-06-22,27.479999542236328,27.88999938964844,26.90999984741211,26.940000534057617,18.96250343322754,127600,0.0,0.0,EVR,EVR
2010-06-23,26.850000381469727,27.40999984741211,26.549999237060547,26.63999938964844,18.751333236694336,87300,0.0,0.0,EVR,EVR
2010-06-24,26.56999969482422,26.56999969482422,25.32999992370605,25.75,18.124879837036133,154300,0.0,0.0,EVR,EVR
2010-06-25,25.93000030517578,25.950000762939453,25.290000915527344,25.420000076293945,17.892601013183594,438900,0.0,0.0,EVR,EVR
2010-06-28,25.440000534057617,26.1200008392334,25.309999465942383,25.479999542236328,17.934825897216797,134000,0.0,0.0,EVR,EVR
2010-06-29,24.86000061035156,25.239999771118164,23.56999969482422,24.170000076293945,17.012754440307617,269800,0.0,0.0,EVR,EVR
2010-06-30,24.200000762939453,24.6200008392334,23.14999961853028,23.350000381469727,16.43556785583496,211200,0.0,0.0,EVR,EVR
2010-07-01,23.3700008392334,23.40999984741211,21.65999984741211,21.8700008392334,15.393828392028809,417200,0.0,0.0,EVR,EVR
2010-07-02,21.989999771118164,23.299999237060547,21.549999237060547,22.799999237060547,16.048433303833008,264400,0.0,0.0,EVR,EVR
2010-07-06,23.25,23.8700008392334,22.530000686645508,22.700000762939453,15.978052139282228,275300,0.0,0.0,EVR,EVR
2010-07-07,22.84000015258789,23.6200008392334,22.530000686645508,23.549999237060547,16.57634735107422,181700,0.0,0.0,EVR,EVR
2010-07-08,23.700000762939453,23.739999771118164,22.540000915527344,23.049999237060547,16.224403381347656,173000,0.0,0.0,EVR,EVR
2010-07-09,22.950000762939453,24.030000686645508,22.950000762939453,23.979999542236328,16.879016876220703,75400,0.0,0.0,EVR,EVR
2010-07-12,23.979999542236328,24.13999938964844,23.18000030517578,23.700000762939453,16.681930541992188,98700,0.0,0.0,EVR,EVR
2010-07-13,24.01000022888184,24.170000076293945,23.809999465942383,23.989999771118164,16.88605308532715,149900,0.0,0.0,EVR,EVR
2010-07-14,23.8700008392334,24.200000762939453,23.809999465942383,24.1299991607666,16.984594345092773,115900,0.0,0.0,EVR,EVR
2010-07-15,24.09000015258789,24.13999938964844,23.39999961853028,23.920000076293945,16.836782455444336,98800,0.0,0.0,EVR,EVR
2010-07-16,23.770000457763672,23.82999992370605,22.82999992370605,22.93000030517578,16.139938354492188,185400,0.0,0.0,EVR,EVR
2010-07-19,23.06999969482422,23.14999961853028,22.0,22.11000061035156,15.56276512145996,198000,0.0,0.0,EVR,EVR
2010-07-20,21.81999969482422,23.200000762939453,21.690000534057617,23.11000061035156,16.26664161682129,152400,0.0,0.0,EVR,EVR
2010-07-21,23.290000915527344,23.57999992370605,22.940000534057617,22.96999931335449,16.1680965423584,161100,0.0,0.0,EVR,EVR
2010-07-22,23.309999465942383,24.57999992370605,23.21999931335449,24.100000381469727,16.96347999572754,139600,0.0,0.0,EVR,EVR
2010-07-23,23.96999931335449,24.90999984741211,23.520000457763672,24.71999931335449,17.399885177612305,160400,0.0,0.0,EVR,EVR
2010-07-26,24.86000061035156,25.81999969482422,24.549999237060547,25.57999992370605,18.005220413208008,169700,0.0,0.0,EVR,EVR
2010-07-27,25.690000534057617,25.690000534057617,24.82999992370605,25.0,17.59697151184082,107400,0.0,0.0,EVR,EVR
2010-07-28,24.86000061035156,25.020000457763672,23.68000030517578,24.11000061035156,16.97051239013672,154500,0.0,0.0,EVR,EVR
2010-07-29,24.31999969482422,24.489999771118164,23.56999969482422,24.100000381469727,16.96347999572754,112600,0.0,0.0,EVR,EVR
2010-07-30,23.530000686645508,23.790000915527344,23.299999237060547,23.479999542236328,16.527076721191406,139300,0.0,0.0,EVR,EVR
2010-08-02,23.88999938964844,23.93000030517578,22.68000030517578,23.239999771118164,16.35814666748047,333200,0.0,0.0,EVR,EVR
2010-08-03,21.020000457763672,23.479999542236328,21.020000457763672,23.059999465942383,16.2314453125,558900,0.0,0.0,EVR,EVR
2010-08-04,23.030000686645508,23.280000686645508,22.850000381469727,22.950000762939453,16.15402603149414,305000,0.0,0.0,EVR,EVR
2010-08-05,22.88999938964844,24.030000686645508,22.88999938964844,23.75,16.717124938964844,175600,0.0,0.0,EVR,EVR
2010-08-06,23.450000762939453,24.299999237060547,23.280000686645508,24.1200008392334,16.977558135986328,245000,0.0,0.0,EVR,EVR
2010-08-09,24.25,25.46999931335449,23.84000015258789,25.040000915527344,17.625123977661133,297800,0.0,0.0,EVR,EVR
2010-08-10,24.86000061035156,25.43000030517578,24.68000030517578,24.96999931335449,17.575855255126953,170200,0.0,0.0,EVR,EVR
2010-08-11,24.479999542236328,25.049999237060547,24.200000762939453,24.5,17.24502944946289,278600,0.0,0.0,EVR,EVR
2010-08-12,24.350000381469727,25.36000061035156,24.170000076293945,25.0,17.59697151184082,200300,0.0,0.0,EVR,EVR
2010-08-13,24.850000381469727,25.229999542236328,24.799999237060547,24.799999237060547,17.456192016601562,151900,0.0,0.0,EVR,EVR
2010-08-16,24.6200008392334,25.200000762939453,24.6200008392334,24.950000762939453,17.56177520751953,82800,0.0,0.0,EVR,EVR
2010-08-17,25.15999984741211,25.39999961853028,24.75,24.780000686645508,17.44211769104004,93300,0.0,0.0,EVR,EVR
2010-08-18,24.850000381469727,25.5,24.6299991607666,25.0,17.59697151184082,123000,0.0,0.0,EVR,EVR
2010-08-19,24.84000015258789,25.13999938964844,24.56999969482422,24.65999984741211,17.357656478881836,152000,0.0,0.0,EVR,EVR
2010-08-20,24.559999465942383,26.06999969482422,24.559999465942383,26.020000457763672,18.31493377685547,226900,0.0,0.0,EVR,EVR
2010-08-23,26.239999771118164,26.3700008392334,25.18000030517578,25.3700008392334,17.857412338256836,160500,0.0,0.0,EVR,EVR
2010-08-24,25.13999938964844,25.350000381469727,24.88999938964844,25.01000022888184,17.604015350341797,284800,0.0,0.0,EVR,EVR
2010-08-25,24.799999237060547,25.299999237060547,24.489999771118164,24.89999961853028,17.632328033447266,263200,0.15,0.0,EVR,EVR
2010-08-26,25.059999465942383,25.530000686645508,24.75,24.96999931335449,17.681903839111328,126600,0.0,0.0,EVR,EVR
2010-08-27,25.13999938964844,25.90999984741211,24.850000381469727,25.790000915527344,18.2625732421875,150800,0.0,0.0,EVR,EVR
2010-08-30,25.76000022888184,25.76000022888184,24.81999969482422,24.82999992370605,17.582765579223633,85500,0.0,0.0,EVR,EVR
2010-08-31,24.790000915527344,25.040000915527344,24.270000457763672,24.489999771118164,17.34200668334961,97500,0.0,0.0,EVR,EVR
2010-09-01,24.799999237060547,25.90999984741211,24.64999961853028,25.89999961853028,18.340463638305664,160400,0.0,0.0,EVR,EVR
2010-09-02,25.89999961853028,27.25,25.709999084472656,27.200000762939453,19.26102828979492,164200,0.0,0.0,EVR,EVR
2010-09-03,27.290000915527344,29.1299991607666,27.290000915527344,28.670000076293945,20.301963806152344,240900,0.0,0.0,EVR,EVR
2010-09-07,28.6200008392334,28.8700008392334,27.690000534057617,27.90999984741211,19.76380157470703,250600,0.0,0.0,EVR,EVR
2010-09-08,28.059999465942383,29.13999938964844,28.049999237060547,28.88999938964844,20.4577579498291,165000,0.0,0.0,EVR,EVR
2010-09-09,29.31999969482422,29.75,28.309999465942383,28.46999931335449,20.16034507751465,225200,0.0,0.0,EVR,EVR
2010-09-10,28.46999931335449,28.96999931335449,28.190000534057617,28.38999938964844,20.10369682312012,153100,0.0,0.0,EVR,EVR
2010-09-13,28.770000457763672,30.0,28.36000061035156,29.350000381469727,20.783496856689453,181800,0.0,0.0,EVR,EVR
2010-09-14,28.61000061035156,28.89999961853028,27.51000022888184,27.850000381469727,19.7213077545166,289200,0.0,0.0,EVR,EVR
2010-09-15,27.68000030517578,28.059999465942383,27.170000076293945,27.75,19.65049934387207,223000,0.0,0.0,EVR,EVR
2010-09-16,28.200000762939453,28.549999237060547,26.229999542236328,26.75,18.94236946105957,2540600,0.0,0.0,EVR,EVR
2010-09-17,26.940000534057617,26.979999542236328,25.88999938964844,26.530000686645508,18.78657531738281,823300,0.0,0.0,EVR,EVR
2010-09-20,26.64999961853028,27.14999961853028,26.32999992370605,27.09000015258789,19.18313407897949,298400,0.0,0.0,EVR,EVR
2010-09-21,27.030000686645508,27.350000381469727,26.75,26.950000762939453,19.083999633789062,202100,0.0,0.0,EVR,EVR
2010-09-22,26.93000030517578,27.049999237060547,26.5,26.709999084472656,18.914043426513672,145300,0.0,0.0,EVR,EVR
2010-09-23,26.46999931335449,26.88999938964844,26.25,26.39999961853028,18.69452476501465,215900,0.0,0.0,EVR,EVR
2010-09-24,26.8700008392334,27.14999961853028,26.64999961853028,27.100000381469727,19.19021415710449,288800,0.0,0.0,EVR,EVR
2010-09-27,27.100000381469727,27.11000061035156,26.63999938964844,26.940000534057617,19.076913833618164,150800,0.0,0.0,EVR,EVR
2010-09-28,27.059999465942383,27.5,26.88999938964844,27.43000030517578,19.42389297485352,193800,0.0,0.0,EVR,EVR
2010-09-29,27.26000022888184,27.89999961853028,27.200000762939453,27.8700008392334,19.735471725463867,441600,0.0,0.0,EVR,EVR
2010-09-30,28.020000457763672,28.739999771118164,27.670000076293945,28.61000061035156,20.259477615356445,383200,0.0,0.0,EVR,EVR
2010-10-01,28.780000686645508,28.88999938964844,27.76000022888184,28.14999961853028,19.933738708496094,221800,0.0,0.0,EVR,EVR
2010-10-04,28.049999237060547,28.450000762939453,27.06999969482422,28.350000381469727,20.07537651062012,229800,0.0,0.0,EVR,EVR
2010-10-05,28.700000762939453,28.700000762939453,28.1299991607666,28.540000915527344,20.20990753173828,181800,0.0,0.0,EVR,EVR
2010-10-06,28.56999969482422,28.729999542236328,28.11000061035156,28.57999992370605,20.23824119567871,119700,0.0,0.0,EVR,EVR
2010-10-07,28.790000915527344,28.84000015258789,28.030000686645508,28.200000762939453,19.96915435791016,181000,0.0,0.0,EVR,EVR
2010-10-08,28.290000915527344,28.59000015258789,27.850000381469727,28.420000076293945,20.124935150146484,203200,0.0,0.0,EVR,EVR
2010-10-11,28.46999931335449,28.75,28.40999984741211,28.5,20.18159294128418,104800,0.0,0.0,EVR,EVR
2010-10-12,28.46999931335449,28.770000457763672,28.01000022888184,28.56999969482422,20.231157302856445,219700,0.0,0.0,EVR,EVR
2010-10-13,28.65999984741211,29.200000762939453,28.0,28.950000762939453,20.50024032592773,174100,0.0,0.0,EVR,EVR
2010-10-14,28.82999992370605,28.8799991607666,27.790000915527344,28.040000915527344,19.855852127075195,195000,0.0,0.0,EVR,EVR
2010-10-15,28.18000030517578,28.309999465942383,27.75,28.100000381469727,19.898338317871094,220300,0.0,0.0,EVR,EVR
2010-10-18,28.21999931335449,29.059999465942383,28.09000015258789,28.81999969482422,20.40818977355957,98500,0.0,0.0,EVR,EVR
2010-10-19,28.530000686645508,28.950000762939453,28.15999984741211,28.43000030517578,20.13201904296875,121100,0.0,0.0,EVR,EVR
2010-10-20,28.520000457763672,28.81999969482422,28.36000061035156,28.71999931335449,20.337373733520508,116200,0.0,0.0,EVR,EVR
2010-10-21,28.770000457763672,29.11000061035156,28.14999961853028,28.43000030517578,20.13201904296875,124000,0.0,0.0,EVR,EVR
2010-10-22,28.440000534057617,29.26000022888184,28.440000534057617,29.100000381469727,20.60646247863769,70200,0.0,0.0,EVR,EVR
2010-10-25,29.200000762939453,29.709999084472656,28.959999084472656,29.26000022888184,20.71976661682129,155800,0.0,0.0,EVR,EVR
2010-10-26,29.06999969482422,29.8799991607666,29.01000022888184,29.540000915527344,20.918041229248047,123200,0.0,0.0,EVR,EVR
2010-10-27,29.309999465942383,29.57999992370605,29.0,29.549999237060547,20.92512321472168,145400,0.0,0.0,EVR,EVR
2010-10-28,29.90999984741211,30.38999938964844,29.0,30.100000381469727,21.314592361450195,341100,0.0,0.0,EVR,EVR
2010-10-29,30.100000381469727,31.049999237060547,30.049999237060547,30.36000061035156,21.498703002929688,164700,0.0,0.0,EVR,EVR
2010-11-01,30.57999992370605,30.57999992370605,29.920000076293945,30.030000686645508,21.26502227783203,160600,0.0,0.0,EVR,EVR
2010-11-02,30.290000915527344,31.21999931335449,30.07999992370605,31.07999992370605,22.00855255126953,166400,0.0,0.0,EVR,EVR
2010-11-03,31.100000381469727,32.099998474121094,31.059999465942383,31.6200008392334,22.39093971252441,173200,0.0,0.0,EVR,EVR
2010-11-04,32.13999938964844,32.56999969482422,31.5,32.5,23.01409339904785,240000,0.0,0.0,EVR,EVR
2010-11-05,32.619998931884766,33.099998474121094,32.43000030517578,32.599998474121094,23.08490753173828,125200,0.0,0.0,EVR,EVR
2010-11-08,32.5099983215332,33.459999084472656,32.5099983215332,32.88999938964844,23.29025650024414,146400,0.0,0.0,EVR,EVR
2010-11-09,33.029998779296875,33.029998779296875,31.520000457763672,31.799999237060547,22.51840209960937,119000,0.0,0.0,EVR,EVR
2010-11-10,31.920000076293945,32.31999969482422,31.68000030517578,32.209999084472656,22.808734893798828,147800,0.0,0.0,EVR,EVR
2010-11-11,31.940000534057617,32.45000076293945,31.59000015258789,32.29999923706055,22.87247085571289,82000,0.0,0.0,EVR,EVR
2010-11-12,32.15999984741211,32.470001220703125,32.060001373291016,32.25,22.837055206298828,97800,0.0,0.0,EVR,EVR
2010-11-15,32.5099983215332,32.65999984741211,32.11000061035156,32.290000915527344,22.865385055541992,163800,0.0,0.0,EVR,EVR
2010-11-16,31.90999984741211,32.130001068115234,31.739999771118164,31.93000030517578,22.61046028137207,119400,0.0,0.0,EVR,EVR
2010-11-17,31.8700008392334,31.8700008392334,30.600000381469727,30.940000534057617,21.90941429138184,412700,0.0,0.0,EVR,EVR
2010-11-18,31.299999237060547,31.459999084472656,30.89999961853028,31.030000686645508,21.973148345947266,111700,0.0,0.0,EVR,EVR
2010-11-19,30.89999961853028,31.299999237060547,30.89999961853028,30.989999771118164,21.94482040405273,78900,0.0,0.0,EVR,EVR
2010-11-22,30.739999771118164,31.01000022888184,30.530000686645508,30.93000030517578,21.90233612060547,295200,0.0,0.0,EVR,EVR
2010-11-23,30.57999992370605,30.90999984741211,30.13999938964844,30.270000457763672,21.56045150756836,167600,0.18,0.0,EVR,EVR
2010-11-24,30.280000686645508,31.1200008392334,30.280000686645508,30.670000076293945,21.845355987548828,183500,0.0,0.0,EVR,EVR
2010-11-26,30.479999542236328,31.01000022888184,30.299999237060547,30.540000915527344,21.75275230407715,74900,0.0,0.0,EVR,EVR
2010-11-29,30.489999771118164,30.489999771118164,29.6200008392334,30.1299991607666,21.460731506347656,120100,0.0,0.0,EVR,EVR
2010-11-30,29.940000534057617,30.200000762939453,29.549999237060547,30.18000030517578,21.496341705322266,166700,0.0,0.0,EVR,EVR
2010-12-01,30.64999961853028,30.64999961853028,29.559999465942383,29.979999542236328,21.353883743286133,189500,0.0,0.0,EVR,EVR
2010-12-02,30.07999992370605,30.61000061035156,29.84000015258789,30.559999465942383,21.766996383666992,120800,0.0,0.0,EVR,EVR
2010-12-03,30.40999984741211,31.229999542236328,30.13999938964844,31.100000381469727,22.15162849426269,65800,0.0,0.0,EVR,EVR
2010-12-06,30.959999084472656,31.32999992370605,30.950000762939453,30.989999771118164,22.073280334472656,86100,0.0,0.0,EVR,EVR
2010-12-07,31.26000022888184,31.6299991607666,31.030000686645508,31.3799991607666,22.35106468200684,51300,0.0,0.0,EVR,EVR
2010-12-08,31.350000381469727,32.54999923706055,31.290000915527344,32.40999984741211,23.084705352783203,239500,0.0,0.0,EVR,EVR
2010-12-09,32.61000061035156,33.59000015258789,32.560001373291016,33.349998474121094,23.75424194335937,202100,0.0,0.0,EVR,EVR
2010-12-10,33.459999084472656,33.619998931884766,32.45000076293945,33.619998931884766,23.946557998657227,130500,0.0,0.0,EVR,EVR
2010-12-13,33.66999816894531,33.720001220703125,32.81999969482422,32.83000183105469,23.38385963439941,77900,0.0,0.0,EVR,EVR
2010-12-14,33.0099983215332,33.34000015258789,32.81999969482422,32.91999816894531,23.447959899902344,117900,0.0,0.0,EVR,EVR
2010-12-15,32.959999084472656,33.2599983215332,32.33000183105469,32.619998931884766,23.234283447265625,249700,0.0,0.0,EVR,EVR
2010-12-16,32.619998931884766,32.65999984741211,31.520000457763672,32.0,22.79266929626465,179400,0.0,0.0,EVR,EVR
2010-12-17,31.979999542236328,33.04999923706055,31.86000061035156,33.029998779296875,23.52631378173828,183700,0.0,0.0,EVR,EVR
2010-12-20,33.15999984741211,33.439998626708984,33.119998931884766,33.2599983215332,23.69013214111328,120800,0.0,0.0,EVR,EVR
2010-12-21,33.459999084472656,34.52000045776367,32.66999816894531,34.36000061035156,24.47363471984864,383700,0.0,0.0,EVR,EVR
2010-12-22,34.56999969482422,35.04999923706055,34.439998626708984,34.7400016784668,24.74429702758789,103700,0.0,0.0,EVR,EVR
2010-12-23,34.79999923706055,34.91999816894531,33.70000076293945,33.81999969482422,24.08900260925293,82800,0.0,0.0,EVR,EVR
2010-12-27,33.970001220703125,34.36000061035156,33.77000045776367,34.11000061035156,24.295568466186523,29300,0.0,0.0,EVR,EVR
2010-12-28,34.09000015258789,34.150001525878906,33.54999923706055,33.93000030517578,24.167360305786133,41900,0.0,0.0,EVR,EVR
2010-12-29,33.90999984741211,34.2400016784668,33.79999923706055,34.119998931884766,24.30269432067871,65600,0.0,0.0,EVR,EVR
2010-12-30,34.15999984741211,34.33000183105469,34.06999969482422,34.08000183105469,24.27420234680176,30000,0.0,0.0,EVR,EVR
2010-12-31,34.119998931884766,34.20000076293945,33.779998779296875,34.0,24.21721267700196,47500,0.0,0.0,EVR,EVR
2011-01-03,34.41999816894531,35.779998779296875,34.20000076293945,35.560001373291016,25.3283634185791,209300,0.0,0.0,EVR,EVR
2011-01-04,35.58000183105469,35.58000183105469,33.77000045776367,34.189998626708984,24.352548599243164,262000,0.0,0.0,EVR,EVR
2011-01-05,34.2400016784668,34.70000076293945,33.83000183105469,34.63999938964844,24.67306900024414,97500,0.0,0.0,EVR,EVR
2011-01-06,34.790000915527344,35.869998931884766,34.61000061035156,34.88999938964844,24.851131439208984,150500,0.0,0.0,EVR,EVR
2011-01-07,34.86000061035156,35.36000061035156,34.31999969482422,34.95000076293945,24.89388084411621,106900,0.0,0.0,EVR,EVR
2011-01-10,34.849998474121094,35.209999084472656,34.65999984741211,34.93000030517578,24.879621505737305,82000,0.0,0.0,EVR,EVR
2011-01-11,35.040000915527344,35.040000915527344,34.25,34.400001525878906,24.502126693725582,110900,0.0,0.0,EVR,EVR
2011-01-12,34.75,35.08000183105469,34.5,34.97999954223633,24.915246963500977,69600,0.0,0.0,EVR,EVR
2011-01-13,34.9900016784668,35.040000915527344,34.45000076293945,34.650001525878906,24.68019294738769,112000,0.0,0.0,EVR,EVR
2011-01-14,34.58000183105469,35.029998779296875,34.56999969482422,34.93000030517578,24.879621505737305,112400,0.0,0.0,EVR,EVR
2011-01-18,34.95000076293945,35.040000915527344,34.5,34.970001220703125,24.90812110900879,95700,0.0,0.0,EVR,EVR
2011-01-19,34.86000061035156,35.16999816894531,34.310001373291016,34.5099983215332,24.58046531677246,171000,0.0,0.0,EVR,EVR
2011-01-20,34.459999084472656,34.79999923706055,34.22999954223633,34.41999816894531,24.51637458801269,66700,0.0,0.0,EVR,EVR
2011-01-21,34.599998474121094,34.599998474121094,33.91999816894531,34.279998779296875,24.41664695739746,116500,0.0,0.0,EVR,EVR
2011-01-24,34.279998779296875,34.5,34.0099983215332,34.41999816894531,24.51637458801269,63200,0.0,0.0,EVR,EVR
2011-01-25,34.349998474121094,34.439998626708984,33.779998779296875,34.20000076293945,24.35967063903809,99600,0.0,0.0,EVR,EVR
2011-01-26,34.22999954223633,34.849998474121094,33.66999816894531,34.66999816894531,24.69443702697754,155000,0.0,0.0,EVR,EVR
2011-01-27,34.810001373291016,34.810001373291016,33.599998474121094,33.7599983215332,24.046266555786133,364300,0.0,0.0,EVR,EVR
2011-01-28,33.7599983215332,33.7599983215332,31.690000534057617,31.850000381469727,22.68583297729492,357800,0.0,0.0,EVR,EVR
2011-01-31,31.93000030517578,32.4900016784668,31.65999984741211,32.29999923706055,23.006357192993164,185400,0.0,0.0,EVR,EVR
2011-02-01,32.52000045776367,32.52000045776367,31.729999542236328,31.809999465942383,22.657346725463867,176200,0.0,0.0,EVR,EVR
2011-02-02,31.979999542236328,34.83000183105469,31.979999542236328,34.630001068115234,24.665956497192383,395300,0.0,0.0,EVR,EVR
2011-02-03,34.83000183105469,35.2599983215332,34.2599983215332,34.97999954223633,24.915246963500977,145800,0.0,0.0,EVR,EVR
2011-02-04,35.0,35.20000076293945,34.45000076293945,34.70000076293945,24.715805053710938,108400,0.0,0.0,EVR,EVR
2011-02-07,34.849998474121094,35.349998474121094,34.72999954223633,34.970001220703125,24.90812110900879,151400,0.0,0.0,EVR,EVR
2011-02-08,34.849998474121094,34.900001525878906,34.0099983215332,34.790000915527344,24.77991485595703,142800,0.0,0.0,EVR,EVR
2011-02-09,34.599998474121094,34.81999969482422,34.41999816894531,34.790000915527344,24.77991485595703,135100,0.0,0.0,EVR,EVR
2011-02-10,34.4900016784668,34.810001373291016,34.4900016784668,34.7400016784668,24.74429702758789,108600,0.0,0.0,EVR,EVR
2011-02-11,34.61000061035156,34.61000061035156,33.70000076293945,34.13999938964844,24.31692886352539,165600,0.0,0.0,EVR,EVR
2011-02-14,34.08000183105469,34.18000030517578,33.65999984741211,33.79999923706055,24.07476234436035,201700,0.0,0.0,EVR,EVR
2011-02-15,33.63999938964844,33.959999084472656,33.36000061035156,33.5,23.8610782623291,72900,0.0,0.0,EVR,EVR
2011-02-16,33.58000183105469,34.27000045776367,33.11000061035156,34.27000045776367,24.40953254699707,311400,0.0,0.0,EVR,EVR
2011-02-17,34.18000030517578,34.5,33.97999954223633,34.38999938964844,24.49500274658203,119000,0.0,0.0,EVR,EVR
2011-02-18,34.59000015258789,34.86000061035156,34.400001525878906,34.849998474121094,24.822641372680664,175900,0.0,0.0,EVR,EVR
2011-02-22,34.47999954223633,34.619998931884766,33.619998931884766,33.900001525878906,24.1459903717041,241600,0.0,0.0,EVR,EVR
2011-02-23,33.79999923706055,34.0099983215332,33.439998626708984,33.599998474121094,24.06005859375,84400,0.18,0.0,EVR,EVR
2011-02-24,33.54999923706055,33.880001068115234,33.20000076293945,33.779998779296875,24.188949584960938,151800,0.0,0.0,EVR,EVR
2011-02-25,33.869998931884766,35.22999954223633,33.869998931884766,34.97999954223633,25.04824447631836,182500,0.0,0.0,EVR,EVR
2011-02-28,35.220001220703125,35.25,34.040000915527344,34.47999954223633,24.690210342407227,151500,0.0,0.0,EVR,EVR
2011-03-01,34.529998779296875,34.529998779296875,33.150001525878906,33.459999084472656,23.95981407165528,144700,0.0,0.0,EVR,EVR
2011-03-02,33.34000015258789,33.70000076293945,33.0,33.29999923706055,23.8452377319336,99700,0.0,0.0,EVR,EVR
2011-03-03,33.619998931884766,34.040000915527344,33.29999923706055,33.77000045776367,24.18179512023925,102500,0.0,0.0,EVR,EVR
2011-03-04,33.63999938964844,33.70000076293945,32.97999954223633,33.380001068115234,23.90252685546875,57800,0.0,0.0,EVR,EVR
2011-03-07,33.279998779296875,33.560001373291016,32.11000061035156,32.540000915527344,23.30102729797364,137300,0.0,0.0,EVR,EVR
2011-03-08,32.540000915527344,33.47999954223633,32.43000030517578,33.25,23.809436798095703,104400,0.0,0.0,EVR,EVR
2011-03-09,33.15999984741211,33.369998931884766,32.91999816894531,32.939998626708984,23.587461471557617,76200,0.0,0.0,EVR,EVR
2011-03-10,32.56999969482422,32.599998474121094,32.20000076293945,32.29999923706055,23.129169464111328,104700,0.0,0.0,EVR,EVR
2011-03-11,32.16999816894531,32.41999816894531,31.670000076293945,32.15999984741211,23.028913497924805,101700,0.0,0.0,EVR,EVR
2011-03-14,31.96999931335449,32.06999969482422,31.049999237060547,31.75,22.735328674316406,137200,0.0,0.0,EVR,EVR
2011-03-15,31.020000457763672,31.34000015258789,30.75,31.030000686645508,22.21975517272949,112300,0.0,0.0,EVR,EVR
2011-03-16,30.950000762939453,31.34000015258789,30.51000022888184,30.530000686645508,21.861722946166992,134400,0.0,0.0,EVR,EVR
2011-03-17,30.989999771118164,31.34000015258789,30.40999984741211,30.46999931335449,21.81874656677246,132300,0.0,0.0,EVR,EVR
2011-03-18,30.670000076293945,30.700000762939453,30.170000076293945,30.39999961853028,21.76862525939941,169400,0.0,0.0,EVR,EVR
2011-03-21,32.5,34.220001220703125,32.0099983215332,34.060001373291016,24.389461517333984,531800,0.0,0.0,EVR,EVR
2011-03-22,34.22999954223633,34.70000076293945,33.310001373291016,33.41999816894531,23.931161880493164,94100,0.0,0.0,EVR,EVR
2011-03-23,33.36000061035156,34.380001068115234,33.29999923706055,34.25,24.52549743652344,132700,0.0,0.0,EVR,EVR
2011-03-24,34.59000015258789,34.70000076293945,34.04999923706055,34.560001373291016,24.747499465942383,119800,0.0,0.0,EVR,EVR
2011-03-25,34.7599983215332,35.369998931884766,34.40999984741211,34.959999084472656,25.033918380737305,123000,0.0,0.0,EVR,EVR
2011-03-28,35.15999984741211,35.15999984741211,33.630001068115234,33.84000015258789,24.231922149658203,182900,0.0,0.0,EVR,EVR
2011-03-29,33.70000076293945,34.130001068115234,33.470001220703125,33.7400016784668,24.16032218933105,67100,0.0,0.0,EVR,EVR
2011-03-30,33.939998626708984,34.45000076293945,33.5,34.38999938964844,24.6257553100586,66900,0.0,0.0,EVR,EVR
2011-03-31,34.34000015258789,34.470001220703125,34.27000045776367,34.290000915527344,24.55415153503418,42100,0.0,0.0,EVR,EVR
2011-04-01,34.619998931884766,35.15999984741211,34.15999984741211,34.66999816894531,24.82625961303711,97800,0.0,0.0,EVR,EVR
2011-04-04,34.83000183105469,34.91999816894531,34.220001220703125,34.70000076293945,24.847745895385746,115900,0.0,0.0,EVR,EVR
2011-04-05,34.5099983215332,34.689998626708984,34.11000061035156,34.27000045776367,24.539840698242188,54800,0.0,0.0,EVR,EVR
2011-04-06,34.45000076293945,34.45000076293945,33.869998931884766,34.31999969482422,24.57562828063965,44600,0.0,0.0,EVR,EVR
2011-04-07,34.31999969482422,34.95000076293945,34.150001525878906,34.310001373291016,24.5684757232666,66800,0.0,0.0,EVR,EVR
2011-04-08,34.61000061035156,34.61000061035156,33.81999969482422,34.029998779296875,24.36796760559082,68500,0.0,0.0,EVR,EVR
2011-04-11,33.9900016784668,34.18000030517578,33.72999954223633,33.970001220703125,24.32499885559082,75200,0.0,0.0,EVR,EVR
2011-04-12,33.599998474121094,33.88999938964844,33.439998626708984,33.70000076293945,24.131668090820312,174500,0.0,0.0,EVR,EVR
2011-04-13,33.900001525878906,33.900001525878906,33.43000030517578,33.5,23.98845291137696,100900,0.0,0.0,EVR,EVR
2011-04-14,33.349998474121094,33.66999816894531,33.31999969482422,33.470001220703125,23.96697235107422,60700,0.0,0.0,EVR,EVR
2011-04-15,33.349998474121094,34.40999984741211,33.290000915527344,34.2400016784668,24.51834487915039,77700,0.0,0.0,EVR,EVR
2011-04-18,33.959999084472656,34.25,33.779998779296875,33.97999954223633,24.33217430114746,73000,0.0,0.0,EVR,EVR
2011-04-19,34.209999084472656,34.5,33.11000061035156,33.209999084472656,23.780792236328125,136200,0.0,0.0,EVR,EVR
2011-04-20,33.630001068115234,33.939998626708984,33.150001525878906,33.939998626708984,24.30352783203125,77700,0.0,0.0,EVR,EVR
2011-04-21,34.34000015258789,34.45000076293945,33.779998779296875,33.97999954223633,24.33217430114746,73300,0.0,0.0,EVR,EVR
2011-04-25,33.959999084472656,34.20000076293945,33.779998779296875,34.15999984741211,24.461057662963867,78700,0.0,0.0,EVR,EVR
2011-04-26,34.25,34.29999923706055,33.81999969482422,34.119998931884766,24.43242645263672,87500,0.0,0.0,EVR,EVR
2011-04-27,34.08000183105469,34.16999816894531,33.77000045776367,34.099998474121094,24.4180965423584,106600,0.0,0.0,EVR,EVR
2011-04-28,34.29999923706055,34.5099983215332,33.93000030517578,34.29999923706055,24.56131935119629,75300,0.0,0.0,EVR,EVR
2011-04-29,34.47999954223633,34.9900016784668,34.130001068115234,34.88999938964844,24.98379707336425,107000,0.0,0.0,EVR,EVR
2011-05-02,35.38999938964844,36.43000030517578,35.349998474121094,35.959999084472656,25.74999046325684,265000,0.0,0.0,EVR,EVR
2011-05-03,35.900001525878906,36.36000061035156,35.72999954223633,36.130001068115234,25.87172508239746,163000,0.0,0.0,EVR,EVR
2011-05-04,36.13999938964844,36.150001525878906,34.5,34.91999816894531,25.00528335571289,132000,0.0,0.0,EVR,EVR
2011-05-05,34.90999984741211,36.31999969482422,34.5,36.0,25.778636932373047,249800,0.0,0.0,EVR,EVR
2011-05-06,36.34999847412109,36.5,35.11000061035156,35.369998931884766,25.327512741088867,95200,0.0,0.0,EVR,EVR
2011-05-09,35.779998779296875,36.02000045776367,35.20000076293945,35.72999954223633,25.585298538208008,140000,0.0,0.0,EVR,EVR
2011-05-10,35.91999816894531,36.45000076293945,35.79999923706055,36.06999969482422,25.82876205444336,119300,0.0,0.0,EVR,EVR
2011-05-11,36.09000015258789,36.29999923706055,35.470001220703125,35.9900016784668,25.77148056030273,138000,0.0,0.0,EVR,EVR
2011-05-12,35.77000045776367,36.4900016784668,35.65999984741211,36.33000183105469,26.014936447143555,113000,0.0,0.0,EVR,EVR
2011-05-13,36.41999816894531,36.59999847412109,36.20000076293945,36.47999954223633,26.122350692749023,192700,0.0,0.0,EVR,EVR
2011-05-16,36.380001068115234,37.130001068115234,36.18000030517578,36.72999954223633,26.30136680603028,264300,0.0,0.0,EVR,EVR
2011-05-17,36.4900016784668,36.869998931884766,36.22999954223633,36.790000915527344,26.344337463378903,202400,0.0,0.0,EVR,EVR
2011-05-18,36.79999923706055,37.2599983215332,35.90999984741211,35.93000030517578,25.728515625,156500,0.0,0.0,EVR,EVR
2011-05-19,36.150001525878906,36.59000015258789,35.560001373291016,35.72999954223633,25.585298538208008,115000,0.0,0.0,EVR,EVR
2011-05-20,35.54999923706055,35.709999084472656,35.0099983215332,35.41999816894531,25.36330986022949,166700,0.0,0.0,EVR,EVR
2011-05-23,35.060001373291016,35.630001068115234,34.689998626708984,35.40999984741211,25.35616111755371,225800,0.0,0.0,EVR,EVR
2011-05-24,35.470001220703125,35.77000045776367,35.31999969482422,35.459999084472656,25.39195442199707,167900,0.0,0.0,EVR,EVR
2011-05-25,35.130001068115234,36.25,35.0099983215332,35.689998626708984,25.68704605102539,141000,0.18,0.0,EVR,EVR
2011-05-26,35.689998626708984,35.790000915527344,35.380001068115234,35.59000015258789,25.61507606506348,90100,0.0,0.0,EVR,EVR
2011-05-27,35.77000045776367,36.2400016784668,35.56999969482422,36.209999084472656,26.06130790710449,69900,0.0,0.0,EVR,EVR
2011-05-31,36.470001220703125,37.0099983215332,36.380001068115234,37.0099983215332,26.637086868286133,189900,0.0,0.0,EVR,EVR
2011-06-01,36.88999938964844,36.9900016784668,35.83000183105469,35.86000061035156,25.80940055847168,165700,0.0,0.0,EVR,EVR
2011-06-02,35.86000061035156,36.11000061035156,35.470001220703125,35.779998779296875,25.75181579589844,109600,0.0,0.0,EVR,EVR
2011-06-03,35.40999984741211,35.560001373291016,35.0,35.060001373291016,25.23361587524414,310200,0.0,0.0,EVR,EVR
2011-06-06,35.02000045776367,35.220001220703125,33.88999938964844,34.20000076293945,24.61465644836425,227300,0.0,0.0,EVR,EVR
2011-06-07,34.459999084472656,34.68000030517578,34.16999816894531,34.2599983215332,24.657833099365234,110300,0.0,0.0,EVR,EVR
2011-06-08,34.13999938964844,34.939998626708984,34.13999938964844,34.36000061035156,24.729808807373047,219800,0.0,0.0,EVR,EVR
2011-06-09,34.56999969482422,35.599998474121094,34.52000045776367,35.459999084472656,25.52150535583496,128400,0.0,0.0,EVR,EVR
2011-06-10,35.15999984741211,35.15999984741211,34.18000030517578,34.56999969482422,24.880949020385746,187700,0.0,0.0,EVR,EVR
2011-06-13,34.75,35.84000015258789,34.75,35.650001525878906,25.65825653076172,367700,0.0,0.0,EVR,EVR
2011-06-14,33.5,34.54999923706055,33.16999816894531,34.380001068115234,24.74420738220215,806100,0.0,0.0,EVR,EVR
2011-06-15,34.04999923706055,34.119998931884766,32.9900016784668,33.119998931884766,23.83734130859375,478600,0.0,0.0,EVR,EVR
2011-06-16,32.709999084472656,33.119998931884766,32.2400016784668,33.119998931884766,23.83734130859375,475600,0.0,0.0,EVR,EVR
2011-06-17,33.58000183105469,33.72999954223633,32.91999816894531,33.52000045776367,24.1252384185791,2751000,0.0,0.0,EVR,EVR
2011-06-20,33.25,33.25,32.25,32.810001373291016,23.61423110961914,472700,0.0,0.0,EVR,EVR
2011-06-21,32.91999816894531,33.34000015258789,32.84000015258789,33.22999954223633,23.91651725769043,329100,0.0,0.0,EVR,EVR
2011-06-22,33.08000183105469,33.83000183105469,32.95000076293945,33.72999954223633,24.27638053894043,229300,0.0,0.0,EVR,EVR
2011-06-23,33.33000183105469,33.33000183105469,32.43000030517578,32.689998626708984,23.52786636352539,295600,0.0,0.0,EVR,EVR
2011-06-24,32.75,32.970001220703125,32.11000061035156,32.56999969482422,23.44149398803711,757500,0.0,0.0,EVR,EVR
2011-06-27,32.540000915527344,33.0,32.04999923706055,32.900001525878906,23.67900657653809,270400,0.0,0.0,EVR,EVR
2011-06-28,32.95000076293945,33.06999969482422,32.77000045776367,32.9900016784668,23.74377822875977,212000,0.0,0.0,EVR,EVR
2011-06-29,33.36000061035156,33.5099983215332,33.060001373291016,33.29999923706055,23.96689414978028,124700,0.0,0.0,EVR,EVR
2011-06-30,33.27000045776367,33.459999084472656,33.189998626708984,33.31999969482422,23.981294631958008,152300,0.0,0.0,EVR,EVR
2011-07-01,33.25,33.880001068115234,33.130001068115234,33.599998474121094,24.18281555175781,255100,0.0,0.0,EVR,EVR
2011-07-05,33.61000061035156,33.65999984741211,33.2400016784668,33.45000076293945,24.074865341186523,192500,0.0,0.0,EVR,EVR
2011-07-06,33.459999084472656,33.52000045776367,32.65999984741211,32.970001220703125,23.729394912719727,376500,0.0,0.0,EVR,EVR
2011-07-07,33.189998626708984,33.41999816894531,32.95000076293945,33.20000076293945,23.894927978515625,229700,0.0,0.0,EVR,EVR
2011-07-08,32.939998626708984,33.29999923706055,32.650001525878906,32.79999923706055,23.60703468322754,181800,0.0,0.0,EVR,EVR
2011-07-11,32.540000915527344,32.630001068115234,31.65999984741211,31.739999771118164,22.84412956237793,294100,0.0,0.0,EVR,EVR
2011-07-12,31.64999961853028,31.96999931335449,31.51000022888184,31.75,22.85132598876953,282200,0.0,0.0,EVR,EVR
2011-07-13,31.780000686645508,32.47999954223633,31.709999084472656,31.989999771118164,23.024066925048828,234000,0.0,0.0,EVR,EVR
2011-07-14,32.189998626708984,32.2400016784668,31.450000762939453,31.57999992370605,22.72896957397461,131900,0.0,0.0,EVR,EVR
2011-07-15,31.75,31.88999938964844,31.020000457763672,31.280000686645508,22.51305389404297,250900,0.0,0.0,EVR,EVR
2011-07-18,31.450000762939453,31.489999771118164,30.34000015258789,30.600000381469727,22.02363395690918,203900,0.0,0.0,EVR,EVR
2011-07-19,30.71999931335449,30.71999931335449,30.1200008392334,30.36000061035156,21.85089492797852,249600,0.0,0.0,EVR,EVR
2011-07-20,30.459999084472656,31.0,30.34000015258789,30.690000534057617,22.08841133117676,441100,0.0,0.0,EVR,EVR
2011-07-21,30.93000030517578,32.0,30.93000030517578,31.959999084472656,23.0024642944336,285100,0.0,0.0,EVR,EVR
2011-07-22,31.959999084472656,32.04999923706055,31.63999938964844,31.86000061035156,22.93048667907715,155400,0.0,0.0,EVR,EVR
2011-07-25,31.489999771118164,31.63999938964844,31.209999084472656,31.290000915527344,22.520246505737305,133700,0.0,0.0,EVR,EVR
2011-07-26,31.32999992370605,31.34000015258789,30.799999237060547,30.88999938964844,22.23235511779785,107400,0.0,0.0,EVR,EVR
2011-07-27,30.700000762939453,30.850000381469727,29.0,29.200000762939453,21.016016006469727,314400,0.0,0.0,EVR,EVR
2011-07-28,29.200000762939453,30.170000076293945,28.920000076293945,29.31999969482422,21.102388381958008,428500,0.0,0.0,EVR,EVR
2011-07-29,28.88999938964844,29.18000030517578,28.25,28.43000030517578,20.461828231811523,381400,0.0,0.0,EVR,EVR
2011-08-01,28.790000915527344,28.88999938964844,27.700000762939453,27.93000030517578,20.10196304321289,357600,0.0,0.0,EVR,EVR
2011-08-02,27.76000022888184,27.959999084472656,26.1200008392334,26.190000534057617,18.84964370727539,541700,0.0,0.0,EVR,EVR
2011-08-03,26.309999465942383,26.36000061035156,25.31999969482422,25.790000915527344,18.561756134033203,457600,0.0,0.0,EVR,EVR
2011-08-04,25.959999084472656,26.040000915527344,24.940000534057617,24.940000534057617,17.949987411499023,387800,0.0,0.0,EVR,EVR
2011-08-05,25.21999931335449,25.21999931335449,23.459999084472656,23.68000030517578,17.043121337890625,333100,0.0,0.0,EVR,EVR
2011-08-08,23.40999984741211,23.93000030517578,21.40999984741211,21.40999984741211,15.409347534179688,539500,0.0,0.0,EVR,EVR
2011-08-09,21.86000061035156,23.40999984741211,21.059999465942383,23.40999984741211,16.848798751831055,592300,0.0,0.0,EVR,EVR
2011-08-10,22.63999938964844,22.739999771118164,21.07999992370605,21.100000381469727,15.18622875213623,413100,0.0,0.0,EVR,EVR
2011-08-11,20.540000915527344,22.049999237060547,19.959999084472656,21.57999992370605,15.531699180603027,658200,0.0,0.0,EVR,EVR
2011-08-12,21.989999771118164,22.200000762939453,21.309999465942383,21.88999938964844,15.75481414794922,436600,0.0,0.0,EVR,EVR
2011-08-15,22.18000030517578,23.190000534057617,22.18000030517578,23.13999938964844,16.654470443725586,297100,0.0,0.0,EVR,EVR
2011-08-16,22.8799991607666,23.5,22.59000015258789,23.309999465942383,16.77683448791504,500900,0.0,0.0,EVR,EVR
2011-08-17,23.51000022888184,23.729999542236328,23.290000915527344,23.549999237060547,16.949565887451172,266700,0.0,0.0,EVR,EVR
2011-08-18,22.57999992370605,23.0,22.190000534057617,22.8700008392334,16.46014976501465,533000,0.0,0.0,EVR,EVR
2011-08-19,22.3799991607666,23.40999984741211,22.059999465942383,22.809999465942383,16.416963577270508,494600,0.0,0.0,EVR,EVR
2011-08-22,23.31999969482422,23.38999938964844,22.38999938964844,22.71999931335449,16.352188110351562,260900,0.0,0.0,EVR,EVR
2011-08-23,22.770000457763672,23.809999465942383,22.520000457763672,23.799999237060547,17.129499435424805,241500,0.0,0.0,EVR,EVR
2011-08-24,23.489999771118164,24.61000061035156,23.43000030517578,24.51000022888184,17.774932861328125,94000,0.18,0.0,EVR,EVR
2011-08-25,24.75,25.13999938964844,23.86000061035156,24.14999961853028,17.513858795166016,468200,0.0,0.0,EVR,EVR
2011-08-26,23.93000030517578,24.81999969482422,23.600000381469727,24.39999961853028,17.69516372680664,161800,0.0,0.0,EVR,EVR
2011-08-29,24.739999771118164,25.559999465942383,24.51000022888184,25.559999465942383,18.5363998413086,131700,0.0,0.0,EVR,EVR
2011-08-30,25.39999961853028,26.030000686645508,25.280000686645508,25.809999465942383,18.71771049499512,268000,0.0,0.0,EVR,EVR
2011-08-31,25.950000762939453,26.59000015258789,25.68000030517578,26.229999542236328,19.022294998168945,544300,0.0,0.0,EVR,EVR
2011-09-01,26.170000076293945,26.32999992370605,25.670000076293945,25.75,18.6741943359375,522500,0.0,0.0,EVR,EVR
2011-09-02,25.13999938964844,25.270000457763672,23.8700008392334,24.1200008392334,17.492095947265625,262500,0.0,0.0,EVR,EVR
2011-09-06,23.350000381469727,23.920000076293945,23.209999084472656,23.850000381469727,17.296289443969727,271600,0.0,0.0,EVR,EVR
2011-09-07,24.299999237060547,25.670000076293945,24.1299991607666,25.46999931335449,18.47113990783692,452500,0.0,0.0,EVR,EVR
2011-09-08,25.14999961853028,25.3700008392334,24.36000061035156,24.540000915527344,17.796689987182617,188800,0.0,0.0,EVR,EVR
2011-09-09,24.13999938964844,24.200000762939453,23.350000381469727,23.51000022888184,17.049724578857422,523100,0.0,0.0,EVR,EVR
2011-09-12,23.200000762939453,23.739999771118164,22.979999542236328,23.63999938964844,17.144001007080078,455200,0.0,0.0,EVR,EVR
2011-09-13,23.8799991607666,24.26000022888184,23.5,24.1299991607666,17.499361038208008,184600,0.0,0.0,EVR,EVR
2011-09-14,24.450000762939453,25.07999992370605,23.76000022888184,24.59000015258789,17.832950592041016,236800,0.0,0.0,EVR,EVR
2011-09-15,24.6299991607666,24.780000686645508,23.96999931335449,24.13999938964844,17.506607055664062,377000,0.0,0.0,EVR,EVR
2011-09-16,24.15999984741211,24.520000457763672,23.530000686645508,24.520000457763672,17.782190322875977,365700,0.0,0.0,EVR,EVR
2011-09-19,24.170000076293945,24.170000076293945,23.40999984741211,23.56999969482422,17.093231201171875,178900,0.0,0.0,EVR,EVR
2011-09-20,23.670000076293945,24.200000762939453,23.190000534057617,23.190000534057617,16.817657470703125,180200,0.0,0.0,EVR,EVR
2011-09-21,23.209999084472656,23.43000030517578,22.489999771118164,22.5,16.3172607421875,249200,0.0,0.0,EVR,EVR
2011-09-22,21.8799991607666,22.84000015258789,21.71999931335449,22.559999465942383,16.360769271850586,343100,0.0,0.0,EVR,EVR
2011-09-23,22.600000381469727,23.38999938964844,22.34000015258789,23.3700008392334,16.94818687438965,298400,0.0,0.0,EVR,EVR
2011-09-26,23.61000061035156,23.61000061035156,22.38999938964844,23.209999084472656,16.832164764404297,330200,0.0,0.0,EVR,EVR
2011-09-27,23.709999084472656,24.940000534057617,23.600000381469727,24.209999084472656,17.55736541748047,341000,0.0,0.0,EVR,EVR
2011-09-28,24.209999084472656,24.309999465942383,22.690000534057617,22.690000534057617,16.455049514770508,174800,0.0,0.0,EVR,EVR
2011-09-29,23.25,23.57999992370605,22.64999961853028,23.38999938964844,16.96269989013672,147500,0.0,0.0,EVR,EVR
2011-09-30,22.96999931335449,23.450000762939453,22.770000457763672,22.799999237060547,16.534826278686523,263600,0.0,0.0,EVR,EVR
2011-10-03,22.57999992370605,22.940000534057617,20.920000076293945,20.93000030517578,15.178678512573242,432000,0.0,0.0,EVR,EVR
2011-10-04,20.530000686645508,22.84000015258789,20.290000915527344,22.670000076293945,16.4405460357666,272900,0.0,0.0,EVR,EVR
2011-10-05,22.46999931335449,23.86000061035156,22.190000534057617,23.65999984741211,17.158496856689453,242000,0.0,0.0,EVR,EVR
2011-10-06,23.6200008392334,24.540000915527344,23.25,24.489999771118164,17.76042938232422,176000,0.0,0.0,EVR,EVR
2011-10-07,24.600000381469727,24.89999961853028,23.559999465942383,23.75,17.223770141601562,202200,0.0,0.0,EVR,EVR
2011-10-10,24.25,25.049999237060547,24.07999992370605,25.030000686645508,18.152042388916016,168100,0.0,0.0,EVR,EVR
2011-10-11,24.600000381469727,24.8700008392334,24.26000022888184,24.670000076293945,17.89097023010254,218100,0.0,0.0,EVR,EVR
2011-10-12,24.8799991607666,24.93000030517578,24.540000915527344,24.799999237060547,17.985252380371094,303100,0.0,0.0,EVR,EVR
2011-10-13,24.559999465942383,24.690000534057617,24.059999465942383,24.14999961853028,17.513858795166016,526800,0.0,0.0,EVR,EVR
2011-10-14,24.36000061035156,24.530000686645508,23.88999938964844,24.25,17.586381912231445,210400,0.0,0.0,EVR,EVR
2011-10-17,24.1299991607666,24.63999938964844,23.68000030517578,23.76000022888184,17.231027603149414,199800,0.0,0.0,EVR,EVR
2011-10-18,23.799999237060547,24.780000686645508,23.26000022888184,24.690000534057617,17.90546989440918,236700,0.0,0.0,EVR,EVR
2011-10-19,24.57999992370605,24.790000915527344,23.63999938964844,23.90999984741211,17.339805603027344,257300,0.0,0.0,EVR,EVR
2011-10-20,23.989999771118164,24.15999984741211,23.299999237060547,24.06999969482422,17.45583724975586,89900,0.0,0.0,EVR,EVR
2011-10-21,24.309999465942383,24.32999992370605,23.489999771118164,23.600000381469727,17.114994049072266,349900,0.0,0.0,EVR,EVR
2011-10-24,23.600000381469727,24.530000686645508,23.200000762939453,24.46999931335449,17.745927810668945,434700,0.0,0.0,EVR,EVR
2011-10-25,24.170000076293945,24.350000381469727,23.420000076293945,23.43000030517578,16.99170684814453,122400,0.0,0.0,EVR,EVR
2011-10-26,23.90999984741211,24.450000762939453,23.3700008392334,23.700000762939453,17.18751335144043,560700,0.0,0.0,EVR,EVR
2011-10-27,25.030000686645508,29.32999992370605,25.030000686645508,28.75,20.84983253479004,795200,0.0,0.0,EVR,EVR
2011-10-28,28.350000381469727,29.239999771118164,28.350000381469727,28.809999465942383,20.893341064453125,332300,0.0,0.0,EVR,EVR
2011-10-31,28.239999771118164,28.239999771118164,27.40999984741211,27.440000534057617,19.899803161621094,295700,0.0,0.0,EVR,EVR
2011-11-01,26.690000534057617,27.59000015258789,26.21999931335449,26.26000022888184,19.04405403137207,404800,0.0,0.0,EVR,EVR
2011-11-02,26.950000762939453,27.71999931335449,26.209999084472656,27.6299991607666,20.03759384155273,283300,0.0,0.0,EVR,EVR
2011-11-03,28.07999992370605,28.420000076293945,26.6200008392334,28.07999992370605,20.36394119262696,181500,0.0,0.0,EVR,EVR
2011-11-04,27.63999938964844,28.290000915527344,27.309999465942383,28.25,20.487218856811523,179000,0.0,0.0,EVR,EVR
2011-11-07,28.190000534057617,28.290000915527344,27.65999984741211,28.100000381469727,20.37845039367676,184400,0.0,0.0,EVR,EVR
2011-11-08,28.43000030517578,28.809999465942383,28.11000061035156,28.6299991607666,20.76279640197754,189900,0.0,0.0,EVR,EVR
2011-11-09,27.670000076293945,28.040000915527344,26.6200008392334,26.82999992370605,19.457427978515625,231100,0.0,0.0,EVR,EVR
2011-11-10,27.31999969482422,27.520000457763672,26.600000381469727,27.31999969482422,19.81278419494629,106300,0.0,0.0,EVR,EVR
2011-11-11,27.690000534057617,28.1200008392334,27.39999961853028,28.07999992370605,20.36394119262696,237100,0.0,0.0,EVR,EVR
2011-11-14,27.790000915527344,28.0,26.89999961853028,27.280000686645508,19.783767700195312,250200,0.0,0.0,EVR,EVR
2011-11-15,27.01000022888184,28.0,26.940000534057617,27.700000762939453,20.088359832763672,175500,0.0,0.0,EVR,EVR
2011-11-16,27.3700008392334,27.59000015258789,26.540000915527344,26.56999969482422,19.268871307373047,112100,0.0,0.0,EVR,EVR
2011-11-17,26.549999237060547,26.59000015258789,25.68000030517578,25.979999542236328,18.84099769592285,129700,0.0,0.0,EVR,EVR
2011-11-18,26.0,26.1299991607666,25.559999465942383,25.799999237060547,18.710458755493164,161600,0.0,0.0,EVR,EVR
2011-11-21,25.209999084472656,25.82999992370605,24.950000762939453,25.479999542236328,18.47838592529297,202300,0.0,0.0,EVR,EVR
2011-11-22,25.270000457763672,25.64999961853028,24.75,24.76000022888184,18.098295211791992,39200,0.2,0.0,EVR,EVR
2011-11-23,24.440000534057617,24.8799991607666,23.89999961853028,24.020000457763672,17.557397842407227,149100,0.0,0.0,EVR,EVR
2011-11-25,23.950000762939453,24.31999969482422,23.540000915527344,23.690000534057617,17.31618309020996,48100,0.0,0.0,EVR,EVR
2011-11-28,24.520000457763672,25.950000762939453,24.1299991607666,25.88999938964844,18.924272537231445,254100,0.0,0.0,EVR,EVR
2011-11-29,25.8700008392334,26.020000457763672,25.3799991607666,25.520000457763672,18.6538200378418,136100,0.0,0.0,EVR,EVR
2011-11-30,26.57999992370605,27.739999771118164,26.3700008392334,27.690000534057617,20.23997688293457,240800,0.0,0.0,EVR,EVR
2011-12-01,27.559999465942383,27.65999984741211,26.959999084472656,27.049999237060547,19.77216529846192,142400,0.0,0.0,EVR,EVR
2011-12-02,27.51000022888184,28.13999938964844,27.040000915527344,27.1200008392334,19.82333946228028,105800,0.0,0.0,EVR,EVR
2011-12-05,27.6200008392334,28.21999931335449,27.3799991607666,28.0,20.46656608581543,162400,0.0,0.0,EVR,EVR
2011-12-06,27.950000762939453,28.3799991607666,27.690000534057617,27.75,20.28384017944336,239200,0.0,0.0,EVR,EVR
2011-12-07,27.549999237060547,28.299999237060547,26.989999771118164,28.280000686645508,20.67123413085937,231200,0.0,0.0,EVR,EVR
2011-12-08,27.950000762939453,27.950000762939453,26.809999465942383,26.88999938964844,19.655214309692383,214900,0.0,0.0,EVR,EVR
2011-12-09,27.049999237060547,27.950000762939453,26.90999984741211,27.809999465942383,20.327686309814453,193600,0.0,0.0,EVR,EVR
2011-12-12,27.239999771118164,27.280000686645508,26.530000686645508,27.190000534057617,19.87450218200684,184500,0.0,0.0,EVR,EVR
2011-12-13,27.59000015258789,27.979999542236328,26.559999465942383,26.799999237060547,19.589431762695312,126000,0.0,0.0,EVR,EVR
2011-12-14,26.40999984741211,26.850000381469727,26.18000030517578,26.21999931335449,19.16547966003418,124900,0.0,0.0,EVR,EVR
2011-12-15,26.59000015258789,27.0,26.14999961853028,26.950000762939453,19.699079513549805,200500,0.0,0.0,EVR,EVR
2011-12-16,27.229999542236328,27.290000915527344,26.15999984741211,26.32999992370605,19.245887756347656,237100,0.0,0.0,EVR,EVR
2011-12-19,26.63999938964844,26.84000015258789,25.729999542236328,25.88999938964844,18.924272537231445,219300,0.0,0.0,EVR,EVR
2011-12-20,26.63999938964844,26.8700008392334,26.280000686645508,26.39999961853028,19.29705238342285,297400,0.0,0.0,EVR,EVR
2011-12-21,26.1299991607666,26.32999992370605,25.690000534057617,26.049999237060547,19.04121971130371,308400,0.0,0.0,EVR,EVR
2011-12-22,26.290000915527344,27.290000915527344,26.21999931335449,27.1200008392334,19.82333946228028,198600,0.0,0.0,EVR,EVR
2011-12-23,27.1299991607666,27.46999931335449,26.81999969482422,27.450000762939453,20.064558029174805,106400,0.0,0.0,EVR,EVR
2011-12-27,27.350000381469727,27.530000686645508,27.01000022888184,27.190000534057617,19.87450218200684,113100,0.0,0.0,EVR,EVR
2011-12-28,27.229999542236328,27.290000915527344,25.8700008392334,25.89999961853028,18.93157386779785,214000,0.0,0.0,EVR,EVR
2011-12-29,26.1200008392334,26.770000457763672,26.100000381469727,26.600000381469727,19.44324493408203,87200,0.0,0.0,EVR,EVR
2011-12-30,26.600000381469727,26.850000381469727,26.25,26.6200008392334,19.457862854003903,94700,0.0,0.0,EVR,EVR
2012-01-03,27.450000762939453,27.6299991607666,27.1299991607666,27.3799991607666,20.013378143310547,124400,0.0,0.0,EVR,EVR
2012-01-04,27.100000381469727,27.280000686645508,26.780000686645508,27.06999969482422,19.786785125732425,123900,0.0,0.0,EVR,EVR
2012-01-05,26.770000457763672,27.38999938964844,26.36000061035156,27.21999931335449,19.89642906188965,72800,0.0,0.0,EVR,EVR
2012-01-06,27.18000030517578,27.38999938964844,26.600000381469727,26.950000762939453,19.699079513549805,123300,0.0,0.0,EVR,EVR
2012-01-09,27.059999465942383,27.32999992370605,26.8700008392334,27.26000022888184,19.925670623779297,112100,0.0,0.0,EVR,EVR
2012-01-10,27.690000534057617,27.96999931335449,27.6200008392334,27.68000030517578,20.232664108276367,213300,0.0,0.0,EVR,EVR
2012-01-11,27.459999084472656,27.65999984741211,27.200000762939453,27.270000457763672,19.93297576904297,199900,0.0,0.0,EVR,EVR
2012-01-12,27.36000061035156,27.5,26.979999542236328,27.06999969482422,19.786785125732425,185100,0.0,0.0,EVR,EVR
2012-01-13,26.670000076293945,26.670000076293945,26.0,26.18000030517578,19.13623809814453,246300,0.0,0.0,EVR,EVR
2012-01-17,26.420000076293945,26.46999931335449,25.81999969482422,25.90999984741211,18.93888664245605,193500,0.0,0.0,EVR,EVR
2012-01-18,25.809999465942383,26.350000381469727,25.799999237060547,26.200000762939453,19.150863647460938,247300,0.0,0.0,EVR,EVR
2012-01-19,26.549999237060547,27.64999961853028,26.39999961853028,27.559999465942383,20.14494705200196,196200,0.0,0.0,EVR,EVR
2012-01-20,27.520000457763672,28.549999237060547,27.51000022888184,28.440000534057617,20.78818702697754,233600,0.0,0.0,EVR,EVR
2012-01-23,28.3799991607666,28.84000015258789,28.31999969482422,28.559999465942383,20.875900268554688,96000,0.0,0.0,EVR,EVR
2012-01-24,28.25,28.6200008392334,27.71999931335449,28.450000762939453,20.795503616333008,109800,0.0,0.0,EVR,EVR
2012-01-25,28.309999465942383,28.3700008392334,27.93000030517578,28.21999931335449,20.62737274169922,133600,0.0,0.0,EVR,EVR
2012-01-26,28.309999465942383,28.84000015258789,28.239999771118164,28.59000015258789,20.897829055786133,103700,0.0,0.0,EVR,EVR
2012-01-27,28.39999961853028,28.850000381469727,28.39999961853028,28.770000457763672,21.029407501220703,106600,0.0,0.0,EVR,EVR
2012-01-30,28.51000022888184,28.690000534057617,28.209999084472656,28.229999542236328,20.634685516357425,75500,0.0,0.0,EVR,EVR
2012-01-31,28.450000762939453,28.459999084472656,27.190000534057617,28.190000534057617,20.605449676513672,120800,0.0,0.0,EVR,EVR
2012-02-01,28.530000686645508,29.40999984741211,28.530000686645508,29.239999771118164,21.372949600219727,208600,0.0,0.0,EVR,EVR
2012-02-02,29.200000762939453,29.5,27.34000015258789,29.0,21.197519302368164,239000,0.0,0.0,EVR,EVR
2012-02-03,29.5,29.950000762939453,29.290000915527344,29.75,21.7457332611084,171200,0.0,0.0,EVR,EVR
2012-02-06,29.43000030517578,29.57999992370605,28.790000915527344,29.1200008392334,21.28523635864257,253700,0.0,0.0,EVR,EVR
2012-02-07,28.76000022888184,29.40999984741211,28.690000534057617,28.780000686645508,21.036720275878903,214600,0.0,0.0,EVR,EVR
2012-02-08,28.75,29.030000686645508,28.1299991607666,28.479999542236328,20.81742477416992,182700,0.0,0.0,EVR,EVR
2012-02-09,28.600000381469727,28.729999542236328,28.020000457763672,28.200000762939453,20.61276054382324,153300,0.0,0.0,EVR,EVR
2012-02-10,27.850000381469727,28.46999931335449,27.6299991607666,27.68000030517578,20.232664108276367,77700,0.0,0.0,EVR,EVR
2012-02-13,28.06999969482422,28.479999542236328,27.84000015258789,28.43000030517578,20.780881881713867,166200,0.0,0.0,EVR,EVR
2012-02-14,28.26000022888184,28.26000022888184,27.43000030517578,28.020000457763672,20.48119163513184,166900,0.0,0.0,EVR,EVR
2012-02-15,28.1200008392334,28.14999961853028,27.559999465942383,27.739999771118164,20.27652740478516,137700,0.0,0.0,EVR,EVR
2012-02-16,27.6299991607666,28.64999961853028,27.6299991607666,28.57999992370605,20.890525817871094,91700,0.0,0.0,EVR,EVR
2012-02-17,28.81999969482422,28.8799991607666,28.57999992370605,28.76000022888184,21.022092819213867,111900,0.0,0.0,EVR,EVR
2012-02-21,28.71999931335449,29.0,28.350000381469727,28.6200008392334,20.91975784301757,152300,0.0,0.0,EVR,EVR
2012-02-22,28.190000534057617,28.530000686645508,28.040000915527344,28.06999969482422,20.662124633789062,41800,0.2,0.0,EVR,EVR
2012-02-23,28.049999237060547,28.540000915527344,27.8799991607666,28.100000381469727,20.684215545654297,150000,0.0,0.0,EVR,EVR
2012-02-24,28.190000534057617,28.3700008392334,27.96999931335449,28.0,20.610593795776367,81700,0.0,0.0,EVR,EVR
2012-02-27,27.809999465942383,28.31999969482422,27.5,28.059999465942383,20.65476417541504,121600,0.0,0.0,EVR,EVR
2012-02-28,28.040000915527344,28.100000381469727,27.709999084472656,27.96999931335449,20.58851432800293,101700,0.0,0.0,EVR,EVR
2012-02-29,28.040000915527344,28.21999931335449,27.190000534057617,27.190000534057617,20.014366149902344,185500,0.0,0.0,EVR,EVR
2012-03-01,27.1200008392334,27.790000915527344,27.1200008392334,27.56999969482422,20.294086456298828,133000,0.0,0.0,EVR,EVR
2012-03-02,27.520000457763672,27.75,26.670000076293945,27.0,19.87450408935547,165800,0.0,0.0,EVR,EVR
2012-03-05,26.81999969482422,27.600000381469727,26.68000030517578,27.520000457763672,20.25727653503418,269800,0.0,0.0,EVR,EVR
2012-03-06,27.049999237060547,27.459999084472656,26.979999542236328,27.39999961853028,20.16894721984864,214700,0.0,0.0,EVR,EVR
2012-03-07,27.5,27.5,26.600000381469727,26.71999931335449,19.668397903442383,312300,0.0,0.0,EVR,EVR
2012-03-08,27.0,27.0,26.5,26.71999931335449,19.668397903442383,169800,0.0,0.0,EVR,EVR
2012-03-09,26.739999771118164,27.530000686645508,26.739999771118164,27.43000030517578,20.19102096557617,512200,0.0,0.0,EVR,EVR
2012-03-12,27.459999084472656,27.51000022888184,27.290000915527344,27.3700008392334,20.146860122680664,459400,0.0,0.0,EVR,EVR
2012-03-13,27.5,28.07999992370605,27.34000015258789,28.059999465942383,20.65476417541504,517700,0.0,0.0,EVR,EVR
2012-03-14,28.11000061035156,28.40999984741211,27.88999938964844,28.11000061035156,20.69157218933105,200200,0.0,0.0,EVR,EVR
2012-03-15,28.209999084472656,28.90999984741211,27.81999969482422,28.89999961853028,21.273082733154297,246100,0.0,0.0,EVR,EVR
2012-03-16,29.15999984741211,29.6299991607666,28.8700008392334,29.09000015258789,21.412946701049805,393900,0.0,0.0,EVR,EVR
2012-03-19,29.049999237060547,29.26000022888184,28.76000022888184,28.8799991607666,21.25836563110352,207800,0.0,0.0,EVR,EVR
2012-03-20,28.68000030517578,29.11000061035156,28.57999992370605,28.96999931335449,21.324604034423828,128300,0.0,0.0,EVR,EVR
2012-03-21,28.989999771118164,29.170000076293945,28.530000686645508,29.030000686645508,21.36876678466797,272100,0.0,0.0,EVR,EVR
2012-03-22,28.6299991607666,28.86000061035156,28.38999938964844,28.700000762939453,21.12586784362793,114700,0.0,0.0,EVR,EVR
2012-03-23,28.690000534057617,28.959999084472656,28.020000457763672,28.940000534057617,21.302526473999023,262800,0.0,0.0,EVR,EVR
2012-03-26,29.18000030517578,29.6299991607666,28.989999771118164,29.280000686645508,21.552797317504883,165500,0.0,0.0,EVR,EVR
2012-03-27,29.290000915527344,29.96999931335449,29.100000381469727,29.75,21.898765563964844,296600,0.0,0.0,EVR,EVR
2012-03-28,29.75,30.09000015258789,29.32999992370605,30.06999969482422,22.13430976867676,464400,0.0,0.0,EVR,EVR
2012-03-29,29.8799991607666,29.8799991607666,29.1299991607666,29.43000030517578,21.66321182250977,180600,0.0,0.0,EVR,EVR
2012-03-30,29.71999931335449,29.71999931335449,29.01000022888184,29.06999969482422,21.39822006225586,234600,0.0,0.0,EVR,EVR
2012-04-02,29.020000457763672,29.14999961853028,28.290000915527344,28.8700008392334,21.25099754333496,316800,0.0,0.0,EVR,EVR
2012-04-03,28.75,28.86000061035156,28.46999931335449,28.68000030517578,21.111146926879883,203000,0.0,0.0,EVR,EVR
2012-04-04,28.309999465942383,28.46999931335449,28.15999984741211,28.18000030517578,20.74309539794922,307700,0.0,0.0,EVR,EVR
2012-04-05,28.01000022888184,28.170000076293945,27.71999931335449,27.82999992370605,20.485462188720703,246700,0.0,0.0,EVR,EVR
2012-04-09,26.5,26.729999542236328,26.020000457763672,26.049999237060547,19.17521476745605,757300,0.0,0.0,EVR,EVR
2012-04-10,25.989999771118164,26.049999237060547,24.770000457763672,24.850000381469727,18.29190826416016,847400,0.0,0.0,EVR,EVR
2012-04-11,25.209999084472656,25.459999084472656,24.96999931335449,25.3700008392334,18.67467498779297,397300,0.0,0.0,EVR,EVR
2012-04-12,25.38999938964844,26.06999969482422,25.26000022888184,26.01000022888184,19.145776748657227,287900,0.0,0.0,EVR,EVR
2012-04-13,25.84000015258789,25.8799991607666,25.299999237060547,25.309999465942383,18.63050842285156,205300,0.0,0.0,EVR,EVR
2012-04-16,25.530000686645508,25.959999084472656,25.100000381469727,25.290000915527344,18.61579132080078,204000,0.0,0.0,EVR,EVR
2012-04-17,25.63999938964844,25.81999969482422,25.14999961853028,25.59000015258789,18.83661842346192,228600,0.0,0.0,EVR,EVR
2012-04-18,25.40999984741211,25.459999084472656,24.84000015258789,25.31999969482422,18.63786506652832,297500,0.0,0.0,EVR,EVR
2012-04-19,25.440000534057617,25.549999237060547,24.88999938964844,25.14999961853028,18.51273536682129,309600,0.0,0.0,EVR,EVR
2012-04-20,25.450000762939453,25.450000762939453,25.100000381469727,25.25,18.58634757995605,179400,0.0,0.0,EVR,EVR
2012-04-23,24.739999771118164,25.0,24.479999542236328,24.88999938964844,18.321352005004883,154600,0.0,0.0,EVR,EVR
2012-04-24,24.850000381469727,25.1200008392334,24.549999237060547,24.600000381469727,18.107885360717773,162800,0.0,0.0,EVR,EVR
2012-04-25,24.920000076293945,25.549999237060547,24.190000534057617,25.049999237060547,18.43912124633789,222300,0.0,0.0,EVR,EVR
2012-04-26,24.90999984741211,25.290000915527344,23.700000762939453,25.290000915527344,18.61579132080078,550100,0.0,0.0,EVR,EVR
2012-04-27,25.239999771118164,26.290000915527344,25.239999771118164,26.270000457763672,19.337158203125,555700,0.0,0.0,EVR,EVR
2012-04-30,26.1200008392334,26.5,25.93000030517578,26.43000030517578,19.454927444458008,377300,0.0,0.0,EVR,EVR
2012-05-01,26.5,26.86000061035156,25.950000762939453,25.959999084472656,19.10897445678711,272900,0.0,0.0,EVR,EVR
2012-05-02,25.690000534057617,26.440000534057617,25.530000686645508,26.209999084472656,19.2929916381836,221000,0.0,0.0,EVR,EVR
2012-05-03,26.15999984741211,26.15999984741211,25.6299991607666,26.049999237060547,19.17521476745605,188700,0.0,0.0,EVR,EVR
2012-05-04,25.82999992370605,26.280000686645508,25.670000076293945,26.1200008392334,19.22675132751465,287300,0.0,0.0,EVR,EVR
2012-05-07,25.959999084472656,26.61000061035156,25.950000762939453,26.40999984741211,19.4402084350586,241000,0.0,0.0,EVR,EVR
2012-05-08,26.200000762939453,26.520000457763672,25.940000534057617,26.3700008392334,19.410768508911133,234400,0.0,0.0,EVR,EVR
2012-05-09,25.950000762939453,26.209999084472656,25.51000022888184,26.07999992370605,19.197301864624023,261000,0.0,0.0,EVR,EVR
2012-05-10,26.38999938964844,26.88999938964844,26.14999961853028,26.299999237060547,19.359235763549805,336100,0.0,0.0,EVR,EVR
2012-05-11,26.040000915527344,26.229999542236328,25.350000381469727,25.38999938964844,18.68940162658692,327100,0.0,0.0,EVR,EVR
2012-05-14,25.1200008392334,25.13999938964844,24.780000686645508,24.81999969482422,18.269824981689453,389800,0.0,0.0,EVR,EVR
2012-05-15,24.850000381469727,25.0,24.34000015258789,24.3700008392334,17.938581466674805,283000,0.0,0.0,EVR,EVR
2012-05-16,24.559999465942383,25.190000534057617,24.25,24.26000022888184,17.85761260986328,222100,0.0,0.0,EVR,EVR
2012-05-17,24.239999771118164,24.489999771118164,23.88999938964844,23.920000076293945,17.607341766357422,301800,0.0,0.0,EVR,EVR
2012-05-18,23.86000061035156,24.170000076293945,23.700000762939453,23.799999237060547,17.519012451171875,355500,0.0,0.0,EVR,EVR
2012-05-21,23.93000030517578,24.770000457763672,23.799999237060547,24.64999961853028,18.14469146728516,179400,0.0,0.0,EVR,EVR
2012-05-22,24.690000534057617,25.34000015258789,24.690000534057617,24.950000762939453,18.365509033203125,212900,0.0,0.0,EVR,EVR
2012-05-23,24.540000915527344,24.68000030517578,24.07999992370605,24.530000686645508,18.202266693115234,221000,0.2,0.0,EVR,EVR
2012-05-24,24.6200008392334,24.6299991607666,24.239999771118164,24.530000686645508,18.202266693115234,191600,0.0,0.0,EVR,EVR
2012-05-25,24.56999969482422,24.790000915527344,24.21999931335449,24.670000076293945,18.30614852905273,141600,0.0,0.0,EVR,EVR
2012-05-29,24.920000076293945,25.32999992370605,24.690000534057617,25.229999542236328,18.721694946289062,235100,0.0,0.0,EVR,EVR
2012-05-30,24.86000061035156,24.93000030517578,24.450000762939453,24.799999237060547,18.40261650085449,301800,0.0,0.0,EVR,EVR
2012-05-31,24.770000457763672,24.88999938964844,24.530000686645508,24.709999084472656,18.33583641052246,287400,0.0,0.0,EVR,EVR
2012-06-01,24.18000030517578,24.36000061035156,23.709999084472656,23.739999771118164,17.616052627563477,142400,0.0,0.0,EVR,EVR
2012-06-04,23.780000686645508,23.89999961853028,22.76000022888184,23.14999961853028,17.178255081176758,296200,0.0,0.0,EVR,EVR
2012-06-05,23.0,23.450000762939453,22.809999465942383,23.39999961853028,17.36376190185547,194900,0.0,0.0,EVR,EVR
2012-06-06,23.6200008392334,24.11000061035156,23.51000022888184,24.059999465942383,17.853504180908203,305300,0.0,0.0,EVR,EVR
2012-06-07,24.489999771118164,24.780000686645508,24.200000762939453,24.229999542236328,17.979656219482422,183000,0.0,0.0,EVR,EVR
2012-06-08,24.13999938964844,24.13999938964844,23.239999771118164,23.809999465942383,17.667993545532227,218000,0.0,0.0,EVR,EVR
2012-06-11,24.15999984741211,24.420000076293945,23.68000030517578,24.01000022888184,17.81640625,401300,0.0,0.0,EVR,EVR
2012-06-12,24.049999237060547,24.1299991607666,23.709999084472656,23.780000686645508,17.645736694335938,198900,0.0,0.0,EVR,EVR
2012-06-13,23.84000015258789,24.170000076293945,23.290000915527344,23.46999931335449,17.41570472717285,280100,0.0,0.0,EVR,EVR
2012-06-14,23.56999969482422,23.670000076293945,23.049999237060547,23.229999542236328,17.237613677978516,224000,0.0,0.0,EVR,EVR
2012-06-15,23.299999237060547,23.489999771118164,22.96999931335449,23.38999938964844,17.356340408325195,398200,0.0,0.0,EVR,EVR
2012-06-18,23.299999237060547,23.540000915527344,23.15999984741211,23.40999984741211,17.371179580688477,199700,0.0,0.0,EVR,EVR
2012-06-19,23.56999969482422,24.690000534057617,23.540000915527344,24.559999465942383,18.22453498840332,383400,0.0,0.0,EVR,EVR
2012-06-20,24.540000915527344,24.93000030517578,24.209999084472656,24.559999465942383,18.22453498840332,146000,0.0,0.0,EVR,EVR
2012-06-21,24.489999771118164,24.670000076293945,24.07999992370605,24.350000381469727,18.06869888305664,163300,0.0,0.0,EVR,EVR
2012-06-22,24.299999237060547,24.479999542236328,23.559999465942383,23.790000915527344,17.653152465820312,1774500,0.0,0.0,EVR,EVR
2012-06-25,23.32999992370605,23.32999992370605,22.1299991607666,22.420000076293945,16.636560440063477,430400,0.0,0.0,EVR,EVR
2012-06-26,22.40999984741211,22.549999237060547,21.93000030517578,22.1200008392334,16.413951873779297,309500,0.0,0.0,EVR,EVR
2012-06-27,21.979999542236328,22.36000061035156,21.5,22.36000061035156,16.592039108276367,531000,0.0,0.0,EVR,EVR
2012-06-28,22.030000686645508,22.479999542236328,21.75,22.450000762939453,16.65882682800293,229100,0.0,0.0,EVR,EVR
2012-06-29,22.93000030517578,23.38999938964844,22.61000061035156,23.38999938964844,17.356340408325195,215600,0.0,0.0,EVR,EVR
2012-07-02,23.479999542236328,24.11000061035156,23.15999984741211,24.100000381469727,17.883188247680664,299300,0.0,0.0,EVR,EVR
2012-07-03,24.14999961853028,24.86000061035156,24.049999237060547,24.46999931335449,18.15774917602539,227600,0.0,0.0,EVR,EVR
2012-07-05,24.459999084472656,24.68000030517578,23.739999771118164,24.01000022888184,17.81640625,351900,0.0,0.0,EVR,EVR
2012-07-06,23.739999771118164,23.940000534057617,23.68000030517578,23.799999237060547,17.660573959350586,243200,0.0,0.0,EVR,EVR
2012-07-09,23.82999992370605,23.989999771118164,23.09000015258789,23.270000457763672,17.267301559448242,180400,0.0,0.0,EVR,EVR
2012-07-10,23.270000457763672,23.39999961853028,22.739999771118164,22.8799991607666,16.977901458740234,172800,0.0,0.0,EVR,EVR
2012-07-11,22.8799991607666,23.0,22.57999992370605,22.65999984741211,16.81464958190918,169200,0.0,0.0,EVR,EVR
2012-07-12,22.489999771118164,22.57999992370605,21.670000076293945,22.21999931335449,16.488149642944336,476700,0.0,0.0,EVR,EVR
2012-07-13,22.239999771118164,22.549999237060547,22.1299991607666,22.350000381469727,16.584606170654297,216800,0.0,0.0,EVR,EVR
2012-07-16,22.31999969482422,22.530000686645508,21.799999237060547,22.40999984741211,16.629140853881836,240700,0.0,0.0,EVR,EVR
2012-07-17,22.670000076293945,22.950000762939453,22.46999931335449,22.850000381469727,16.955646514892578,221800,0.0,0.0,EVR,EVR
2012-07-18,22.76000022888184,22.950000762939453,22.65999984741211,22.86000061035156,16.963064193725586,211000,0.0,0.0,EVR,EVR
2012-07-19,22.82999992370605,22.82999992370605,22.040000915527344,22.07999992370605,16.38426399230957,275300,0.0,0.0,EVR,EVR
2012-07-20,21.8700008392334,21.950000762939453,21.459999084472656,21.770000457763672,16.15423583984375,223000,0.0,0.0,EVR,EVR
2012-07-23,21.34000015258789,21.6200008392334,21.020000457763672,21.209999084472656,15.738689422607422,206900,0.0,0.0,EVR,EVR
2012-07-24,21.280000686645508,21.6299991607666,20.65999984741211,20.82999992370605,15.456710815429688,128800,0.0,0.0,EVR,EVR
2012-07-25,21.0,21.049999237060547,20.56999969482422,20.950000762939453,15.54575538635254,227500,0.0,0.0,EVR,EVR
2012-07-26,21.43000030517578,22.56999969482422,20.84000015258789,21.979999542236328,16.3100528717041,324900,0.0,0.0,EVR,EVR
2012-07-27,21.63999938964844,22.280000686645508,21.13999938964844,22.06999969482422,16.37685203552246,232000,0.0,0.0,EVR,EVR
2012-07-30,22.07999992370605,23.14999961853028,22.07999992370605,22.959999084472656,17.037263870239258,225400,0.0,0.0,EVR,EVR
2012-07-31,22.88999938964844,23.350000381469727,22.82999992370605,23.170000076293945,17.193096160888672,164800,0.0,0.0,EVR,EVR
2012-08-01,23.280000686645508,23.350000381469727,22.549999237060547,22.549999237060547,16.733028411865234,178400,0.0,0.0,EVR,EVR
2012-08-02,22.36000061035156,22.809999465942383,22.239999771118164,22.38999938964844,16.614301681518555,380800,0.0,0.0,EVR,EVR
2012-08-03,23.0,23.90999984741211,22.959999084472656,23.57999992370605,17.497329711914062,268100,0.0,0.0,EVR,EVR
2012-08-06,23.64999961853028,24.14999961853028,23.520000457763672,23.96999931335449,17.786724090576172,155300,0.0,0.0,EVR,EVR
2012-08-07,24.09000015258789,24.729999542236328,24.030000686645508,24.31999969482422,18.046436309814453,276000,0.0,0.0,EVR,EVR
2012-08-08,24.190000534057617,24.81999969482422,24.190000534057617,24.459999084472656,18.15032386779785,234900,0.0,0.0,EVR,EVR
2012-08-09,24.3799991607666,24.709999084472656,23.93000030517578,24.299999237060547,18.03160095214844,213000,0.0,0.0,EVR,EVR
2012-08-10,24.280000686645508,24.809999465942383,24.1299991607666,24.479999542236328,18.1651668548584,230200,0.0,0.0,EVR,EVR
2012-08-13,24.38999938964844,24.89999961853028,24.38999938964844,24.6200008392334,18.2690544128418,143200,0.0,0.0,EVR,EVR
2012-08-14,24.809999465942383,25.030000686645508,24.61000061035156,24.84000015258789,18.432302474975582,132200,0.0,0.0,EVR,EVR
2012-08-15,24.76000022888184,25.14999961853028,24.530000686645508,24.709999084472656,18.33583641052246,248800,0.0,0.0,EVR,EVR
2012-08-16,24.530000686645508,25.520000457763672,24.479999542236328,25.3700008392334,18.82558250427246,135600,0.0,0.0,EVR,EVR
2012-08-17,25.489999771118164,25.81999969482422,25.3700008392334,25.81999969482422,19.159502029418945,180400,0.0,0.0,EVR,EVR
2012-08-20,25.729999542236328,25.780000686645508,25.3700008392334,25.520000457763672,18.9368896484375,142000,0.0,0.0,EVR,EVR
2012-08-21,25.64999961853028,26.63999938964844,25.559999465942383,26.0,19.29306983947754,239600,0.0,0.0,EVR,EVR
2012-08-22,25.8700008392334,26.11000061035156,25.709999084472656,25.729999542236328,19.092716217041016,207300,0.0,0.0,EVR,EVR
2012-08-23,25.600000381469727,25.82999992370605,25.299999237060547,25.479999542236328,18.907203674316406,110500,0.0,0.0,EVR,EVR
2012-08-24,25.489999771118164,25.6299991607666,25.13999938964844,25.299999237060547,18.77363967895508,267200,0.0,0.0,EVR,EVR
2012-08-27,25.36000061035156,25.38999938964844,25.07999992370605,25.229999542236328,18.721694946289062,179500,0.0,0.0,EVR,EVR
2012-08-28,25.229999542236328,25.36000061035156,25.030000686645508,25.200000762939453,18.699432373046875,127000,0.0,0.0,EVR,EVR
2012-08-29,24.950000762939453,25.239999771118164,24.84000015258789,25.0,18.69943046569824,192700,0.2,0.0,EVR,EVR
2012-08-30,24.809999465942383,24.89999961853028,24.5,24.670000076293945,18.45260238647461,167400,0.0,0.0,EVR,EVR
2012-08-31,24.950000762939453,25.049999237060547,24.600000381469727,24.700000762939453,18.47504615783692,111800,0.0,0.0,EVR,EVR
2012-09-04,24.770000457763672,25.25,24.420000076293945,25.030000686645508,18.721874237060547,344500,0.0,0.0,EVR,EVR
2012-09-05,25.01000022888184,25.07999992370605,24.34000015258789,24.530000686645508,18.347888946533203,238600,0.0,0.0,EVR,EVR
2012-09-06,24.780000686645508,25.26000022888184,24.68000030517578,24.940000534057617,18.65455818176269,465800,0.0,0.0,EVR,EVR
2012-09-07,25.09000015258789,26.0,25.049999237060547,25.89999961853028,19.372608184814453,454200,0.0,0.0,EVR,EVR
2012-09-10,25.690000534057617,26.01000022888184,25.200000762939453,25.229999542236328,18.871469497680664,228000,0.0,0.0,EVR,EVR
2012-09-11,25.34000015258789,25.75,25.18000030517578,25.299999237060547,18.923826217651367,206700,0.0,0.0,EVR,EVR
2012-09-12,25.280000686645508,25.57999992370605,24.979999542236328,25.280000686645508,18.908864974975582,343400,0.0,0.0,EVR,EVR
2012-09-13,25.3700008392334,26.84000015258789,25.13999938964844,26.81999969482422,20.06074905395508,589100,0.0,0.0,EVR,EVR
2012-09-14,26.8700008392334,27.0,26.65999984741211,26.90999984741211,20.12806701660156,394300,0.0,0.0,EVR,EVR
2012-09-17,26.71999931335449,27.540000915527344,26.65999984741211,27.09000015258789,20.262710571289062,241500,0.0,0.0,EVR,EVR
2012-09-18,27.1200008392334,27.15999984741211,26.6299991607666,27.1200008392334,20.28514862060547,209400,0.0,0.0,EVR,EVR
2012-09-19,27.13999938964844,27.309999465942383,27.020000457763672,27.209999084472656,20.35246086120605,178500,0.0,0.0,EVR,EVR
2012-09-20,26.979999542236328,27.559999465942383,26.520000457763672,27.43000030517578,20.51701545715332,403100,0.0,0.0,EVR,EVR
2012-09-21,27.8700008392334,28.81999969482422,27.799999237060547,28.200000762939453,21.092967987060547,691600,0.0,0.0,EVR,EVR
2012-09-24,28.01000022888184,28.420000076293945,27.88999938964844,28.020000457763672,20.95833206176757,310300,0.0,0.0,EVR,EVR
2012-09-25,28.1299991607666,28.350000381469727,27.100000381469727,27.25,20.38237953186035,283200,0.0,0.0,EVR,EVR
2012-09-26,27.299999237060547,27.3799991607666,26.88999938964844,27.040000915527344,20.225313186645508,226200,0.0,0.0,EVR,EVR
2012-09-27,27.239999771118164,27.3700008392334,26.959999084472656,27.309999465942383,20.42726325988769,112600,0.0,0.0,EVR,EVR
2012-09-28,27.1299991607666,27.229999542236328,26.739999771118164,27.0,20.195388793945312,166100,0.0,0.0,EVR,EVR
2012-10-01,27.1200008392334,27.670000076293945,27.040000915527344,27.32999992370605,20.442222595214844,154400,0.0,0.0,EVR,EVR
2012-10-02,27.5,27.59000015258789,27.280000686645508,27.540000915527344,20.59930229187012,148100,0.0,0.0,EVR,EVR
2012-10-03,27.51000022888184,27.82999992370605,27.459999084472656,27.809999465942383,20.80124282836914,243500,0.0,0.0,EVR,EVR
2012-10-04,27.100000381469727,27.940000534057617,27.100000381469727,27.8700008392334,20.846132278442383,239900,0.0,0.0,EVR,EVR
2012-10-05,27.940000534057617,28.100000381469727,27.459999084472656,27.56999969482422,20.621740341186523,103200,0.0,0.0,EVR,EVR
2012-10-08,27.299999237060547,27.459999084472656,27.11000061035156,27.290000915527344,20.412303924560547,96400,0.0,0.0,EVR,EVR
2012-10-09,26.950000762939453,27.88999938964844,26.84000015258789,27.049999237060547,20.232789993286133,285300,0.0,0.0,EVR,EVR
2012-10-10,26.89999961853028,27.07999992370605,26.450000762939453,26.61000061035156,19.90367317199707,185500,0.0,0.0,EVR,EVR
2012-10-11,26.75,26.850000381469727,26.26000022888184,26.57999992370605,19.88123893737793,126100,0.0,0.0,EVR,EVR
2012-10-12,26.5,26.75,26.21999931335449,26.280000686645508,19.65683937072754,153300,0.0,0.0,EVR,EVR
2012-10-15,26.38999938964844,26.520000457763672,26.09000015258789,26.479999542236328,19.80644416809082,76900,0.0,0.0,EVR,EVR
2012-10-16,26.68000030517578,26.96999931335449,26.51000022888184,26.770000457763672,20.02335548400879,84700,0.0,0.0,EVR,EVR
2012-10-17,26.88999938964844,27.6200008392334,26.700000762939453,27.549999237060547,20.606773376464844,199300,0.0,0.0,EVR,EVR
2012-10-18,27.450000762939453,27.600000381469727,26.299999237060547,26.56999969482422,19.873756408691406,449100,0.0,0.0,EVR,EVR
2012-10-19,26.43000030517578,26.520000457763672,25.770000457763672,25.82999992370605,19.32025909423828,128800,0.0,0.0,EVR,EVR
2012-10-22,25.670000076293945,25.89999961853028,25.51000022888184,25.75,19.26041984558105,123300,0.0,0.0,EVR,EVR
2012-10-23,25.450000762939453,26.06999969482422,25.26000022888184,25.8700008392334,19.35017776489257,107900,0.0,0.0,EVR,EVR
2012-10-24,26.01000022888184,26.07999992370605,25.420000076293945,25.63999938964844,19.17813491821289,161000,0.0,0.0,EVR,EVR
2012-10-25,26.020000457763672,27.86000061035156,26.020000457763672,27.64999961853028,20.681575775146484,512600,0.0,0.0,EVR,EVR
2012-10-26,27.799999237060547,28.290000915527344,27.26000022888184,27.489999771118164,20.5618953704834,440100,0.0,0.0,EVR,EVR
2012-10-31,27.790000915527344,28.31999969482422,27.71999931335449,27.89999961853028,20.86856269836425,342400,0.0,0.0,EVR,EVR
2012-11-01,27.940000534057617,28.31999969482422,27.940000534057617,28.100000381469727,21.018165588378903,438500,0.0,0.0,EVR,EVR
2012-11-02,28.31999969482422,28.549999237060547,28.1299991607666,28.299999237060547,21.16775703430176,387600,0.0,0.0,EVR,EVR
2012-11-05,28.13999938964844,28.46999931335449,27.15999984741211,28.200000762939453,21.092967987060547,265800,0.0,0.0,EVR,EVR
2012-11-06,28.200000762939453,28.700000762939453,28.14999961853028,28.549999237060547,21.354751586914062,172900,0.0,0.0,EVR,EVR
2012-11-07,28.059999465942383,28.059999465942383,27.0,27.11000061035156,20.277664184570312,172300,0.0,0.0,EVR,EVR
2012-11-08,27.200000762939453,27.5,27.020000457763672,27.100000381469727,20.27019119262696,185200,0.0,0.0,EVR,EVR
2012-11-09,26.90999984741211,27.229999542236328,26.8700008392334,27.030000686645508,20.21782684326172,167400,0.0,0.0,EVR,EVR
2012-11-12,27.21999931335449,27.34000015258789,26.799999237060547,27.1299991607666,20.292621612548828,130400,0.0,0.0,EVR,EVR
2012-11-13,26.8700008392334,27.25,26.350000381469727,26.90999984741211,20.12806701660156,196300,0.0,0.0,EVR,EVR
2012-11-14,26.950000762939453,26.959999084472656,25.799999237060547,26.0,19.447410583496094,337300,0.0,0.0,EVR,EVR
2012-11-15,26.040000915527344,26.21999931335449,25.38999938964844,25.780000686645508,19.282855987548828,153300,0.0,0.0,EVR,EVR
2012-11-16,25.700000762939453,25.8700008392334,25.299999237060547,25.790000915527344,19.29033660888672,214200,0.0,0.0,EVR,EVR
2012-11-19,26.18000030517578,26.600000381469727,25.8700008392334,26.59000015258789,19.88871383666992,277400,0.0,0.0,EVR,EVR
2012-11-20,26.440000534057617,26.46999931335449,25.88999938964844,26.350000381469727,19.709203720092773,205800,0.0,0.0,EVR,EVR
2012-11-21,26.39999961853028,26.559999465942383,26.190000534057617,26.38999938964844,19.739124298095703,137600,0.0,0.0,EVR,EVR
2012-11-23,26.51000022888184,27.170000076293945,26.51000022888184,27.11000061035156,20.277664184570312,70400,0.0,0.0,EVR,EVR
2012-11-26,26.979999542236328,27.59000015258789,26.93000030517578,27.57999992370605,20.629213333129883,128700,0.0,0.0,EVR,EVR
2012-11-27,27.479999542236328,27.600000381469727,27.14999961853028,27.489999771118164,20.5618953704834,194100,0.0,0.0,EVR,EVR
2012-11-28,27.06999969482422,27.68000030517578,26.51000022888184,27.61000061035156,20.818265914916992,285200,0.22,0.0,EVR,EVR
2012-11-29,27.93000030517578,28.049999237060547,27.36000061035156,27.39999961853028,20.6599235534668,112200,0.0,0.0,EVR,EVR
2012-11-30,27.489999771118164,27.75,27.200000762939453,27.46999931335449,20.71269416809082,245300,0.0,0.0,EVR,EVR
2012-12-03,27.6200008392334,27.8700008392334,27.350000381469727,27.520000457763672,20.750402450561523,175200,0.0,0.0,EVR,EVR
2012-12-04,27.479999542236328,27.920000076293945,27.39999961853028,27.6200008392334,20.82579803466797,143700,0.0,0.0,EVR,EVR
2012-12-05,27.76000022888184,27.84000015258789,27.46999931335449,27.75,20.92382431030273,274300,0.0,0.0,EVR,EVR
2012-12-06,27.700000762939453,27.979999542236328,27.600000381469727,27.96999931335449,21.089710235595703,140800,0.0,0.0,EVR,EVR
2012-12-07,28.309999465942383,28.309999465942383,27.82999992370605,27.989999771118164,21.10478401184082,95000,0.0,0.0,EVR,EVR
2012-12-10,27.81999969482422,28.059999465942383,27.549999237060547,27.89999961853028,21.036922454833984,174800,0.0,0.0,EVR,EVR
2012-12-11,28.09000015258789,28.5,27.739999771118164,28.21999931335449,21.27821350097656,357700,0.0,0.0,EVR,EVR
2012-12-12,28.440000534057617,28.559999465942383,28.059999465942383,28.25,21.300827026367188,221000,0.0,0.0,EVR,EVR
2012-12-13,28.25,28.25,27.920000076293945,28.040000915527344,21.142486572265625,157000,0.0,0.0,EVR,EVR
2012-12-14,28.3799991607666,29.1200008392334,28.25,28.530000686645508,21.51194953918457,454300,0.0,0.0,EVR,EVR
2012-12-17,28.68000030517578,28.81999969482422,28.420000076293945,28.75,21.677839279174805,129400,0.0,0.0,EVR,EVR
2012-12-18,28.75,29.489999771118164,28.6299991607666,29.36000061035156,22.13778686523437,173200,0.0,0.0,EVR,EVR
2012-12-19,29.450000762939453,30.06999969482422,29.32999992370605,29.979999542236328,22.60526657104492,249200,0.0,0.0,EVR,EVR
2012-12-20,29.950000762939453,29.950000762939453,29.3700008392334,29.59000015258789,22.311203002929688,142700,0.0,0.0,EVR,EVR
2012-12-21,29.21999931335449,29.76000022888184,29.190000534057617,29.63999938964844,22.348907470703125,267600,0.0,0.0,EVR,EVR
2012-12-24,29.559999465942383,29.76000022888184,29.459999084472656,29.479999542236328,22.22826385498047,37300,0.0,0.0,EVR,EVR
2012-12-26,29.51000022888184,29.709999084472656,29.299999237060547,29.39999961853028,22.167940139770508,75600,0.0,0.0,EVR,EVR
2012-12-27,29.40999984741211,29.6299991607666,29.1200008392334,29.530000686645508,22.26596641540528,200900,0.0,0.0,EVR,EVR
2012-12-28,29.31999969482422,30.100000381469727,29.270000457763672,29.64999961853028,22.35644721984864,178300,0.0,0.0,EVR,EVR
2012-12-31,29.68000030517578,30.209999084472656,29.36000061035156,30.190000534057617,22.763607025146484,264000,0.0,0.0,EVR,EVR
2013-01-02,31.01000022888184,31.479999542236328,30.8799991607666,31.40999984741211,23.68350601196289,326400,0.0,0.0,EVR,EVR
2013-01-03,31.709999084472656,32.099998474121094,31.63999938964844,32.040000915527344,24.158536911010746,515800,0.0,0.0,EVR,EVR
2013-01-04,32.22999954223633,32.84000015258789,32.18000030517578,32.689998626708984,24.64863967895508,330500,0.0,0.0,EVR,EVR
2013-01-07,32.380001068115234,32.79999923706055,32.380001068115234,32.400001525878906,24.429981231689453,155500,0.0,0.0,EVR,EVR
2013-01-08,32.439998626708984,32.619998931884766,32.31999969482422,32.540000915527344,24.535539627075195,171300,0.0,0.0,EVR,EVR
2013-01-09,32.72999954223633,32.810001373291016,32.20000076293945,32.779998779296875,24.71650505065918,248300,0.0,0.0,EVR,EVR
2013-01-10,33.08000183105469,33.08000183105469,32.7599983215332,32.9900016784668,24.87484741210937,350700,0.0,0.0,EVR,EVR
2013-01-11,32.970001220703125,33.16999816894531,32.900001525878906,33.06999969482422,24.93516731262207,675400,0.0,0.0,EVR,EVR
2013-01-14,33.04999923706055,33.290000915527344,32.90999984741211,33.08000183105469,24.942710876464844,220900,0.0,0.0,EVR,EVR
2013-01-15,32.790000915527344,33.20000076293945,32.70000076293945,33.0,24.882387161254883,160000,0.0,0.0,EVR,EVR
2013-01-16,33.0,33.189998626708984,32.790000915527344,32.81999969482422,24.74666404724121,145400,0.0,0.0,EVR,EVR
2013-01-17,33.02000045776367,33.790000915527344,32.970001220703125,33.2400016784668,25.063350677490234,156800,0.0,0.0,EVR,EVR
2013-01-18,33.310001373291016,34.34000015258789,33.310001373291016,34.34000015258789,25.89276695251465,441600,0.0,0.0,EVR,EVR
2013-01-22,34.400001525878906,34.779998779296875,34.310001373291016,34.77000045776367,26.21698570251465,363000,0.0,0.0,EVR,EVR
2013-01-23,34.810001373291016,34.81999969482422,34.41999816894531,34.4900016784668,26.005859375,109100,0.0,0.0,EVR,EVR
2013-01-24,34.4900016784668,35.040000915527344,34.4900016784668,34.84000015258789,26.269775390625,236800,0.0,0.0,EVR,EVR
2013-01-25,34.88999938964844,35.5,34.83000183105469,35.5,26.76740074157715,349800,0.0,0.0,EVR,EVR
2013-01-28,35.459999084472656,35.77000045776367,35.40999984741211,35.5,26.76740074157715,189800,0.0,0.0,EVR,EVR
2013-01-29,35.380001068115234,35.689998626708984,35.18000030517578,35.599998474121094,26.84281539916992,450100,0.0,0.0,EVR,EVR
2013-01-30,36.88999938964844,37.5,35.900001525878906,37.41999816894531,28.215112686157227,836600,0.0,0.0,EVR,EVR
2013-01-31,37.45000076293945,38.47999954223633,36.869998931884766,38.31999969482422,28.893722534179688,892300,0.0,0.0,EVR,EVR
2013-02-01,38.09000015258789,38.7400016784668,36.93999862670898,38.540000915527344,29.059608459472656,1226000,0.0,0.0,EVR,EVR
2013-02-04,38.34999847412109,38.36000061035156,37.630001068115234,38.15999984741211,28.77307891845703,395000,0.0,0.0,EVR,EVR
2013-02-05,38.36000061035156,39.65999984741211,38.02999877929688,38.75,29.217947006225582,997500,0.0,0.0,EVR,EVR
2013-02-06,38.52999877929688,39.18000030517578,38.209999084472656,38.93999862670898,29.3612117767334,1028200,0.0,0.0,EVR,EVR
2013-02-07,38.93999862670898,39.38999938964844,38.540000915527344,39.310001373291016,29.640195846557617,734700,0.0,0.0,EVR,EVR
2013-02-08,39.060001373291016,39.40999984741211,38.75,38.95000076293945,29.368762969970703,529000,0.0,0.0,EVR,EVR
2013-02-11,38.31999969482422,39.18999862670898,38.25,38.95000076293945,29.368762969970703,654300,0.0,0.0,EVR,EVR
2013-02-12,38.720001220703125,39.38999938964844,38.59999847412109,39.25,29.59496307373047,334700,0.0,0.0,EVR,EVR
2013-02-13,39.33000183105469,39.5,38.66999816894531,38.97999954223633,29.39137458801269,242800,0.0,0.0,EVR,EVR
2013-02-14,39.0,40.709999084472656,38.79999923706055,40.150001525878906,30.273569107055664,782000,0.0,0.0,EVR,EVR
2013-02-15,40.43999862670898,40.4900016784668,39.86000061035156,40.25,30.348970413208008,447900,0.0,0.0,EVR,EVR
2013-02-19,40.150001525878906,40.810001373291016,40.150001525878906,40.58000183105469,30.597795486450195,608000,0.0,0.0,EVR,EVR
2013-02-20,40.29999923706055,40.720001220703125,39.5,39.58000183105469,30.00647354125977,549500,0.22,0.0,EVR,EVR
2013-02-21,39.380001068115234,39.41999816894531,38.09999847412109,38.66999816894531,29.31656646728516,536500,0.0,0.0,EVR,EVR
2013-02-22,39.0,39.790000915527344,39.0,39.77000045776367,30.150501251220703,245700,0.0,0.0,EVR,EVR
2013-02-25,40.09999847412109,40.09999847412109,38.790000915527344,38.84000015258789,29.445444107055664,609500,0.0,0.0,EVR,EVR
2013-02-26,39.150001525878906,39.45000076293945,38.95000076293945,39.27999877929688,29.77902030944824,371600,0.0,0.0,EVR,EVR
2013-02-27,39.310001373291016,40.84000015258789,39.209999084472656,40.41999816894531,30.64327812194824,471000,0.0,0.0,EVR,EVR
2013-02-28,40.459999084472656,41.16999816894531,40.40999984741211,40.70000076293945,30.85555076599121,520800,0.0,0.0,EVR,EVR
2013-03-01,40.47999954223633,40.70000076293945,39.720001220703125,40.70000076293945,30.85555076599121,354900,0.0,0.0,EVR,EVR
2013-03-04,40.68000030517578,42.04999923706055,40.47999954223633,41.880001068115234,31.75014305114746,516300,0.0,0.0,EVR,EVR
2013-03-05,42.27999877929688,43.66999816894531,41.720001220703125,41.970001220703125,31.818368911743164,658700,0.0,0.0,EVR,EVR
2013-03-06,42.22999954223633,43.40999984741211,42.20000076293945,43.11000061035156,32.68263244628906,526300,0.0,0.0,EVR,EVR
2013-03-07,43.29999923706055,43.47999954223633,42.72999954223633,43.15999984741211,32.720542907714844,252600,0.0,0.0,EVR,EVR
2013-03-08,43.45000076293945,43.869998931884766,42.650001525878906,43.08000183105469,32.659881591796875,300900,0.0,0.0,EVR,EVR
2013-03-11,42.9900016784668,43.45000076293945,42.41999816894531,42.630001068115234,32.318729400634766,306000,0.0,0.0,EVR,EVR
2013-03-12,42.59000015258789,42.970001220703125,42.0,42.47999954223633,32.205020904541016,382300,0.0,0.0,EVR,EVR
2013-03-13,42.36000061035156,43.290000915527344,42.22999954223633,43.0099983215332,32.60682678222656,352900,0.0,0.0,EVR,EVR
2013-03-14,43.04999923706055,43.43000030517578,42.91999816894531,43.380001068115234,32.887325286865234,168000,0.0,0.0,EVR,EVR
2013-03-15,43.40999984741211,43.91999816894531,43.150001525878906,43.88999938964844,33.27397537231445,321000,0.0,0.0,EVR,EVR
2013-03-18,43.27999877929688,44.5,43.040000915527344,44.02000045776367,33.372520446777344,475100,0.0,0.0,EVR,EVR
2013-03-19,44.060001373291016,44.36000061035156,42.810001373291016,43.2599983215332,32.79634475708008,453300,0.0,0.0,EVR,EVR
2013-03-20,43.59000015258789,44.52999877929688,43.59000015258789,44.34000015258789,33.615108489990234,485900,0.0,0.0,EVR,EVR
2013-03-21,44.290000915527344,44.380001068115234,43.66999816894531,43.84999847412109,33.24362564086914,349800,0.0,0.0,EVR,EVR
2013-03-22,43.33000183105469,43.33000183105469,41.09000015258789,42.060001373291016,31.88660049438477,1408000,0.0,0.0,EVR,EVR
2013-03-25,42.27999877929688,43.02000045776367,41.4900016784668,41.650001525878906,31.57577133178711,487100,0.0,0.0,EVR,EVR
2013-03-26,41.7599983215332,42.459999084472656,41.040000915527344,41.459999084472656,31.43172645568848,685800,0.0,0.0,EVR,EVR
2013-03-27,41.02999877929688,42.27999877929688,41.0,42.02000045776367,31.85628128051757,318300,0.0,0.0,EVR,EVR
2013-03-28,41.9900016784668,42.119998931884766,41.34000015258789,41.59999847412109,31.53786277770996,222100,0.0,0.0,EVR,EVR
2013-04-01,41.75,41.790000915527344,40.25,40.59999847412109,30.77973747253418,483400,0.0,0.0,EVR,EVR
2013-04-02,40.77000045776367,41.18000030517578,40.40999984741211,40.459999084472656,30.67361068725586,482900,0.0,0.0,EVR,EVR
2013-04-03,40.619998931884766,40.75,38.38999938964844,38.70000076293945,29.33931541442871,842600,0.0,0.0,EVR,EVR
2013-04-04,38.720001220703125,38.720001220703125,37.84000015258789,38.58000183105469,29.248334884643555,555000,0.0,0.0,EVR,EVR
2013-04-05,37.11000061035156,37.29999923706055,36.22999954223633,37.2400016784668,28.232458114624023,948000,0.0,0.0,EVR,EVR
2013-04-08,37.27000045776367,38.31999969482422,37.220001220703125,38.15999984741211,28.92992401123047,467900,0.0,0.0,EVR,EVR
2013-04-09,38.0099983215332,38.09999847412109,37.470001220703125,37.59999847412109,28.505374908447266,303400,0.0,0.0,EVR,EVR
2013-04-10,37.709999084472656,39.52000045776367,37.709999084472656,39.29999923706055,29.79418563842773,557200,0.0,0.0,EVR,EVR
2013-04-11,39.2400016784668,39.619998931884766,38.790000915527344,38.83000183105469,29.4378719329834,463900,0.0,0.0,EVR,EVR
2013-04-12,38.619998931884766,38.83000183105469,37.97999954223633,38.369998931884766,29.08913230895996,283200,0.0,0.0,EVR,EVR
2013-04-15,38.150001525878906,38.29999923706055,37.209999084472656,37.209999084472656,28.209714889526367,314300,0.0,0.0,EVR,EVR
2013-04-16,37.63999938964844,38.2599983215332,37.5,38.18999862670898,28.95266914367676,320900,0.0,0.0,EVR,EVR
2013-04-17,37.7400016784668,37.9900016784668,36.720001220703125,37.11000061035156,28.133899688720703,246300,0.0,0.0,EVR,EVR
2013-04-18,37.06999969482422,37.22999954223633,34.75,35.09000015258789,26.60249328613281,983700,0.0,0.0,EVR,EVR
2013-04-19,35.189998626708984,36.08000183105469,35.15999984741211,36.02000045776367,27.307552337646484,330700,0.0,0.0,EVR,EVR
2013-04-22,35.959999084472656,36.43000030517578,35.27000045776367,36.2400016784668,27.474336624145508,278800,0.0,0.0,EVR,EVR
2013-04-23,36.540000915527344,36.869998931884766,36.130001068115234,36.869998931884766,27.95194435119629,366100,0.0,0.0,EVR,EVR
2013-04-24,36.369998931884766,37.880001068115234,35.900001525878906,37.59999847412109,28.505374908447266,690500,0.0,0.0,EVR,EVR
2013-04-25,37.61000061035156,38.52000045776367,37.290000915527344,37.7400016784668,28.61151123046875,693100,0.0,0.0,EVR,EVR
2013-04-26,37.52999877929688,38.06999969482422,37.52999877929688,37.86000061035156,28.702482223510746,387700,0.0,0.0,EVR,EVR
2013-04-29,38.060001373291016,38.52999877929688,37.900001525878906,38.040000915527344,28.83894920349121,289900,0.0,0.0,EVR,EVR
2013-04-30,38.040000915527344,38.119998931884766,37.68000030517578,37.75,28.61909866333008,529700,0.0,0.0,EVR,EVR
2013-05-01,37.58000183105469,38.09999847412109,37.4900016784668,37.560001373291016,28.47505760192871,671800,0.0,0.0,EVR,EVR
2013-05-02,37.709999084472656,38.34000015258789,37.4900016784668,38.20000076293945,28.96025848388672,220500,0.0,0.0,EVR,EVR
2013-05-03,38.63999938964844,39.29999923706055,38.63999938964844,38.97999954223633,29.55158233642578,298200,0.0,0.0,EVR,EVR
2013-05-06,38.970001220703125,39.61000061035156,38.86000061035156,39.38999938964844,29.862417221069336,293900,0.0,0.0,EVR,EVR
2013-05-07,39.560001373291016,40.150001525878906,39.310001373291016,40.0099983215332,30.332448959350582,255700,0.0,0.0,EVR,EVR
2013-05-08,39.97999954223633,40.54999923706055,39.790000915527344,40.52000045776367,30.71908569335937,307900,0.0,0.0,EVR,EVR
2013-05-09,41.02000045776367,41.09999847412109,39.91999816894531,40.09999847412109,30.40068244934082,466200,0.0,0.0,EVR,EVR
2013-05-10,40.18999862670898,40.709999084472656,39.97999954223633,40.61000061035156,30.787336349487305,170200,0.0,0.0,EVR,EVR
2013-05-13,40.650001525878906,40.79999923706055,40.16999816894531,40.52999877929688,30.72667694091797,285900,0.0,0.0,EVR,EVR
2013-05-14,40.5,41.83000183105469,40.40999984741211,41.630001068115234,31.560606002807617,360200,0.0,0.0,EVR,EVR
2013-05-15,41.400001525878906,42.36000061035156,41.09000015258789,41.70000076293945,31.613670349121094,347100,0.0,0.0,EVR,EVR
2013-05-16,41.59999847412109,41.720001220703125,41.02000045776367,41.16999816894531,31.21187973022461,253100,0.0,0.0,EVR,EVR
2013-05-17,41.29999923706055,41.560001373291016,41.150001525878906,41.40999984741211,31.3938217163086,263900,0.0,0.0,EVR,EVR
2013-05-20,41.400001525878906,41.84999847412109,41.13999938964844,41.20000076293945,31.234617233276367,342900,0.0,0.0,EVR,EVR
2013-05-21,41.310001373291016,41.52999877929688,40.43000030517578,40.70000076293945,30.85555076599121,276600,0.0,0.0,EVR,EVR
2013-05-22,40.65999984741211,41.41999816894531,39.52000045776367,39.77000045776367,30.150501251220703,548100,0.0,0.0,EVR,EVR
2013-05-23,39.25,39.790000915527344,37.16999816894531,39.77000045776367,30.150501251220703,660900,0.0,0.0,EVR,EVR
2013-05-24,39.63999938964844,40.0099983215332,39.2400016784668,39.77000045776367,30.150501251220703,338000,0.0,0.0,EVR,EVR
2013-05-28,40.650001525878906,41.0,40.41999816894531,41.0,31.08299446105957,433600,0.0,0.0,EVR,EVR
2013-05-29,40.27999877929688,40.83000183105469,40.130001068115234,40.33000183105469,30.739999771118164,421100,0.22,0.0,EVR,EVR
2013-05-30,40.380001068115234,40.650001525878906,40.0099983215332,40.36000061035156,30.76286506652832,543300,0.0,0.0,EVR,EVR
2013-05-31,40.16999816894531,40.88999938964844,39.70000076293945,39.720001220703125,30.275047302246094,275500,0.0,0.0,EVR,EVR
2013-06-03,39.790000915527344,40.11000061035156,38.54999923706055,38.84999847412109,29.61191940307617,557800,0.0,0.0,EVR,EVR
2013-06-04,38.90999984741211,39.29999923706055,37.880001068115234,37.900001525878906,28.88782501220703,300500,0.0,0.0,EVR,EVR
2013-06-05,37.709999084472656,37.77999877929688,36.459999084472656,36.869998931884766,28.10273742675781,511500,0.0,0.0,EVR,EVR
2013-06-06,36.84999847412109,37.560001373291016,36.84999847412109,37.54999923706055,28.62104797363281,422800,0.0,0.0,EVR,EVR
2013-06-07,37.810001373291016,38.52999877929688,37.400001525878906,37.59000015258789,28.651535034179688,679400,0.0,0.0,EVR,EVR
2013-06-10,37.66999816894531,37.66999816894531,37.0,37.09999847412109,28.27805519104004,363800,0.0,0.0,EVR,EVR
2013-06-11,36.630001068115234,36.84999847412109,36.060001373291016,36.310001373291016,27.6758975982666,558900,0.0,0.0,EVR,EVR
2013-06-12,36.68999862670898,36.70000076293945,36.27000045776367,36.33000183105469,27.69114875793457,642600,0.0,0.0,EVR,EVR
2013-06-13,36.400001525878906,38.369998931884766,36.220001220703125,38.02000045776367,28.979291915893555,705600,0.0,0.0,EVR,EVR
2013-06-14,38.18000030517578,39.43000030517578,37.9900016784668,38.43000030517578,29.291797637939453,588000,0.0,0.0,EVR,EVR
2013-06-17,38.93000030517578,39.84000015258789,38.81999969482422,39.790000915527344,30.328407287597656,319500,0.0,0.0,EVR,EVR
2013-06-18,39.900001525878906,41.08000183105469,39.810001373291016,41.040000915527344,31.28117561340332,338600,0.0,0.0,EVR,EVR
2013-06-19,41.15999984741211,41.27000045776367,40.31999969482422,40.33000183105469,30.739999771118164,310900,0.0,0.0,EVR,EVR
2013-06-20,39.540000915527344,39.720001220703125,38.310001373291016,38.4900016784668,29.33753204345703,361000,0.0,0.0,EVR,EVR
2013-06-21,38.70000076293945,38.75,37.41999816894531,38.040000915527344,28.994529724121094,258800,0.0,0.0,EVR,EVR
2013-06-24,37.060001373291016,37.130001068115234,35.900001525878906,36.70000076293945,27.973175048828125,431200,0.0,0.0,EVR,EVR
2013-06-25,37.2400016784668,37.560001373291016,36.630001068115234,37.119998931884766,28.29329490661621,252200,0.0,0.0,EVR,EVR
2013-06-26,37.36000061035156,37.86000061035156,36.810001373291016,37.13999938964844,28.30854225158692,199400,0.0,0.0,EVR,EVR
2013-06-27,37.93000030517578,39.43999862670898,37.93000030517578,39.04999923706055,29.764368057250977,806000,0.0,0.0,EVR,EVR
2013-06-28,38.81999969482422,39.43999862670898,38.4900016784668,39.27999877929688,29.93967628479004,1382500,0.0,0.0,EVR,EVR
2013-07-01,39.400001525878906,40.709999084472656,39.400001525878906,39.77000045776367,30.313161849975582,4345100,0.0,0.0,EVR,EVR
2013-07-02,39.59999847412109,39.72999954223633,37.58000183105469,38.27000045776367,29.16983795166016,788100,0.0,0.0,EVR,EVR
2013-07-03,38.09999847412109,38.09999847412109,37.36000061035156,37.869998931884766,28.864952087402344,282700,0.0,0.0,EVR,EVR
2013-07-05,38.31999969482422,38.41999816894531,37.90999984741211,38.36000061035156,29.23845100402832,315500,0.0,0.0,EVR,EVR
2013-07-08,38.52000045776367,40.220001220703125,38.43999862670898,40.08000183105469,30.54945373535156,522100,0.0,0.0,EVR,EVR
2013-07-09,40.310001373291016,40.369998931884766,39.630001068115234,39.959999084472656,30.457983016967773,316600,0.0,0.0,EVR,EVR
2013-07-10,39.869998931884766,40.06999969482422,39.06999969482422,39.27999877929688,29.93967628479004,346900,0.0,0.0,EVR,EVR
2013-07-11,40.130001068115234,40.5,39.75,40.400001525878906,30.793352127075195,408900,0.0,0.0,EVR,EVR
2013-07-12,40.47999954223633,41.150001525878906,40.2599983215332,41.060001373291016,31.296401977539062,369900,0.0,0.0,EVR,EVR
2013-07-15,41.220001220703125,43.040000915527344,41.18999862670898,43.02999877929688,32.7979621887207,871900,0.0,0.0,EVR,EVR
2013-07-16,43.20000076293945,43.310001373291016,42.790000915527344,42.869998931884766,32.67601013183594,784200,0.0,0.0,EVR,EVR
2013-07-17,42.84999847412109,43.02000045776367,42.25,42.29999923706055,32.24155044555664,368000,0.0,0.0,EVR,EVR
2013-07-18,42.560001373291016,43.34000015258789,42.34999847412109,42.79999923706055,32.622657775878906,484600,0.0,0.0,EVR,EVR
2013-07-19,42.650001525878906,43.02000045776367,42.45000076293945,42.63999938964844,32.500709533691406,281400,0.0,0.0,EVR,EVR
2013-07-22,42.77999877929688,43.09999847412109,42.56999969482422,42.90999984741211,32.706520080566406,337800,0.0,0.0,EVR,EVR
2013-07-23,43.16999816894531,44.4900016784668,43.040000915527344,44.18000030517578,33.67451858520508,926200,0.0,0.0,EVR,EVR
2013-07-24,45.25,46.88999938964844,44.7599983215332,45.290000915527344,34.520565032958984,2070100,0.0,0.0,EVR,EVR
2013-07-25,45.43000030517578,45.9900016784668,44.90999984741211,45.7400016784668,34.863555908203125,580400,0.0,0.0,EVR,EVR
2013-07-26,45.65999984741211,45.790000915527344,44.95000076293945,45.18999862670898,34.44434356689453,491200,0.0,0.0,EVR,EVR
2013-07-29,45.27000045776367,45.790000915527344,44.09000015258789,45.15999984741211,34.42148208618164,467600,0.0,0.0,EVR,EVR
2013-07-30,45.45000076293945,46.75,45.400001525878906,46.59000015258789,35.511444091796875,625300,0.0,0.0,EVR,EVR
2013-07-31,46.88999938964844,47.7599983215332,46.79999923706055,47.41999816894531,36.144073486328125,507600,0.0,0.0,EVR,EVR
2013-08-01,47.900001525878906,48.75,47.79999923706055,48.119998931884766,36.67760848999024,507900,0.0,0.0,EVR,EVR
2013-08-02,48.18000030517578,48.540000915527344,47.70000076293945,48.09000015258789,36.65475845336914,216400,0.0,0.0,EVR,EVR
2013-08-05,48.04999923706055,48.18000030517578,47.40999984741211,47.52000045776367,36.22028350830078,397200,0.0,0.0,EVR,EVR
2013-08-06,47.369998931884766,47.5,45.79999923706055,46.0099983215332,35.069366455078125,520900,0.0,0.0,EVR,EVR
2013-08-07,45.56999969482422,46.58000183105469,44.220001220703125,46.36000061035156,35.33613204956055,651600,0.0,0.0,EVR,EVR
2013-08-08,46.59000015258789,48.22999954223633,46.43999862670898,48.209999084472656,36.7462272644043,522300,0.0,0.0,EVR,EVR
2013-08-09,48.06999969482422,48.52000045776367,47.54999923706055,48.09000015258789,36.65475845336914,416400,0.0,0.0,EVR,EVR
2013-08-12,47.86000061035156,48.04999923706055,46.400001525878906,46.97999954223633,35.808719635009766,340700,0.0,0.0,EVR,EVR
2013-08-13,47.15999984741211,47.47999954223633,46.13999938964844,47.310001373291016,36.06023025512695,322300,0.0,0.0,EVR,EVR
2013-08-14,47.16999816894531,47.54999923706055,46.959999084472656,47.310001373291016,36.06023025512695,263700,0.0,0.0,EVR,EVR
2013-08-15,46.61000061035156,46.630001068115234,44.68999862670898,45.54999923706055,34.71874237060547,497300,0.0,0.0,EVR,EVR
2013-08-16,45.400001525878906,46.91999816894531,45.09000015258789,46.34000015258789,35.320884704589844,531400,0.0,0.0,EVR,EVR
2013-08-19,46.27999877929688,46.290000915527344,45.41999816894531,45.59999847412109,34.75685119628906,244800,0.0,0.0,EVR,EVR
2013-08-20,45.650001525878906,47.15999984741211,45.43999862670898,46.560001373291016,35.48857498168945,325300,0.0,0.0,EVR,EVR
2013-08-21,46.16999816894531,47.27000045776367,45.34000015258789,46.65999984741211,35.56480026245117,566000,0.0,0.0,EVR,EVR
2013-08-22,47.040000915527344,48.08000183105469,46.83000183105469,47.45000076293945,36.16695022583008,401800,0.0,0.0,EVR,EVR
2013-08-23,47.7400016784668,47.7400016784668,46.2599983215332,46.68000030517578,35.58004379272461,414300,0.0,0.0,EVR,EVR
2013-08-26,46.68000030517578,46.75,46.119998931884766,46.369998931884766,35.3437614440918,382200,0.0,0.0,EVR,EVR
2013-08-27,45.7599983215332,45.9900016784668,44.27999877929688,44.34000015258789,33.95756530761719,314800,0.22,0.0,EVR,EVR
2013-08-28,44.02999877929688,44.5099983215332,43.08000183105469,43.9900016784668,33.689537048339844,366700,0.0,0.0,EVR,EVR
2013-08-29,44.060001373291016,46.27999877929688,44.060001373291016,45.59999847412109,34.922542572021484,250300,0.0,0.0,EVR,EVR
2013-08-30,45.68000030517578,45.970001220703125,44.29999923706055,44.59000015258789,34.149024963378906,199400,0.0,0.0,EVR,EVR
2013-09-03,45.59000015258789,46.13999938964844,44.9900016784668,45.36000061035156,34.738746643066406,259100,0.0,0.0,EVR,EVR
2013-09-04,45.4900016784668,47.2400016784668,45.15999984741211,46.900001525878906,35.91812896728516,372900,0.0,0.0,EVR,EVR
2013-09-05,47.459999084472656,48.630001068115234,47.220001220703125,47.7599983215332,36.57676696777344,477200,0.0,0.0,EVR,EVR
2013-09-06,48.02000045776367,49.060001373291016,46.56999969482422,48.95000076293945,37.48811721801758,529600,0.0,0.0,EVR,EVR
2013-09-09,49.150001525878906,49.650001525878906,48.72999954223633,49.09999847412109,37.60300064086914,545300,0.0,0.0,EVR,EVR
2013-09-10,49.29999923706055,50.9900016784668,49.16999816894531,50.47999954223633,38.65985870361328,576800,0.0,0.0,EVR,EVR
2013-09-11,50.2599983215332,50.47999954223633,49.40999984741211,49.68999862670898,38.05486679077149,388700,0.0,0.0,EVR,EVR
2013-09-12,49.709999084472656,50.84000015258789,49.41999816894531,50.13999938964844,38.39948272705078,302400,0.0,0.0,EVR,EVR
2013-09-13,50.27999877929688,50.65999984741211,50.0,50.31999969482422,38.537330627441406,215100,0.0,0.0,EVR,EVR
2013-09-16,50.93000030517578,51.5,50.5,50.56999969482422,38.728790283203125,354400,0.0,0.0,EVR,EVR
2013-09-17,50.61000061035156,50.880001068115234,50.27000045776367,50.70000076293945,38.828346252441406,427400,0.0,0.0,EVR,EVR
2013-09-18,50.630001068115234,52.52999877929688,50.560001373291016,51.84999847412109,39.709083557128906,430000,0.0,0.0,EVR,EVR
2013-09-19,52.27000045776367,52.79999923706055,50.709999084472656,50.90999984741211,38.98917770385742,421200,0.0,0.0,EVR,EVR
2013-09-20,51.119998931884766,51.27000045776367,49.84000015258789,50.150001525878906,38.40714263916016,586900,0.0,0.0,EVR,EVR
2013-09-23,49.959999084472656,50.040000915527344,48.25,48.900001525878906,37.44982147216797,592800,0.0,0.0,EVR,EVR
2013-09-24,49.34000015258789,50.0,48.650001525878906,49.43999862670898,37.86338424682617,407700,0.0,0.0,EVR,EVR
2013-09-25,49.68000030517578,49.959999084472656,49.02999877929688,49.34999847412109,37.79447555541992,356300,0.0,0.0,EVR,EVR
2013-09-26,49.369998931884766,49.97999954223633,49.02000045776367,49.880001068115234,38.20035552978516,284200,0.0,0.0,EVR,EVR
2013-09-27,49.59999847412109,50.43000030517578,49.040000915527344,50.2599983215332,38.49137496948242,401300,0.0,0.0,EVR,EVR
2013-09-30,49.380001068115234,49.9900016784668,49.02999877929688,49.22999954223633,37.70256042480469,391200,0.0,0.0,EVR,EVR
2013-10-01,49.08000183105469,50.59000015258789,49.08000183105469,50.52000045776367,38.69049835205078,290300,0.0,0.0,EVR,EVR
2013-10-02,49.84999847412109,50.0,48.470001220703125,48.720001220703125,37.311973571777344,673200,0.0,0.0,EVR,EVR
2013-10-03,48.5,48.72999954223633,46.59000015258789,48.29999923706055,36.99032211303711,1012300,0.0,0.0,EVR,EVR
2013-10-04,48.290000915527344,48.88999938964844,47.91999816894531,48.4900016784668,37.135841369628906,345500,0.0,0.0,EVR,EVR
2013-10-07,47.380001068115234,47.77999877929688,46.81999969482422,46.9900016784668,35.98707580566406,661700,0.0,0.0,EVR,EVR
2013-10-08,46.70000076293945,47.0,45.15999984741211,45.66999816894531,34.97614288330078,619200,0.0,0.0,EVR,EVR
2013-10-09,46.02000045776367,46.9900016784668,45.56999969482422,46.2400016784668,35.41267776489258,586000,0.0,0.0,EVR,EVR
2013-10-10,47.09000015258789,48.220001220703125,47.09000015258789,48.13999938964844,36.867794036865234,467500,0.0,0.0,EVR,EVR
2013-10-11,48.11000061035156,48.9900016784668,47.95000076293945,48.61000061035156,37.22773742675781,275400,0.0,0.0,EVR,EVR
2013-10-14,48.150001525878906,49.34999847412109,48.040000915527344,49.20000076293945,37.67958450317383,369200,0.0,0.0,EVR,EVR
2013-10-15,48.959999084472656,49.43000030517578,48.5099983215332,48.5099983215332,37.151145935058594,443900,0.0,0.0,EVR,EVR
2013-10-16,49.04999923706055,50.36000061035156,49.02999877929688,50.27999877929688,38.50669860839844,352200,0.0,0.0,EVR,EVR
2013-10-17,50.08000183105469,50.79999923706055,49.70000076293945,50.16999816894531,38.422462463378906,504300,0.0,0.0,EVR,EVR
2013-10-18,50.630001068115234,50.97999954223633,50.02999877929688,50.88999938964844,38.97386932373047,226800,0.0,0.0,EVR,EVR
2013-10-21,51.0,51.16999816894531,50.2400016784668,50.5,38.67519378662109,169100,0.0,0.0,EVR,EVR
2013-10-22,50.869998931884766,51.02000045776367,49.68000030517578,49.7599983215332,38.10845947265625,419500,0.0,0.0,EVR,EVR
2013-10-23,49.13999938964844,49.75,48.68000030517578,49.56999969482422,37.96293640136719,283700,0.0,0.0,EVR,EVR
2013-10-24,52.54999923706055,54.22999954223633,51.88999938964844,54.0,41.35565185546875,806600,0.0,0.0,EVR,EVR
2013-10-25,53.34999847412109,53.88999938964844,52.5,52.52000045776367,40.222198486328125,577600,0.0,0.0,EVR,EVR
2013-10-28,52.72999954223633,53.040000915527344,52.130001068115234,52.5099983215332,40.21451950073242,400900,0.0,0.0,EVR,EVR
2013-10-29,51.95000076293945,52.20000076293945,51.66999816894531,52.11000061035156,39.908203125,590800,0.0,0.0,EVR,EVR
2013-10-30,51.0099983215332,51.720001220703125,50.630001068115234,50.83000183105469,38.92791366577149,723800,0.0,0.0,EVR,EVR
2013-10-31,50.66999816894531,51.380001068115234,50.470001220703125,50.470001220703125,38.65220260620117,287400,0.0,0.0,EVR,EVR
2013-11-01,50.38999938964844,51.56999969482422,50.08000183105469,51.41999816894531,39.379764556884766,566900,0.0,0.0,EVR,EVR
2013-11-04,51.81999969482422,51.970001220703125,51.0,51.15999984741211,39.18064498901367,280000,0.0,0.0,EVR,EVR
2013-11-05,51.0099983215332,51.86000061035156,50.619998931884766,51.22999954223633,39.2342414855957,342300,0.0,0.0,EVR,EVR
2013-11-06,51.650001525878906,52.369998931884766,51.0,52.2599983215332,40.02306365966797,347600,0.0,0.0,EVR,EVR
2013-11-07,52.41999816894531,52.77999877929688,50.63999938964844,50.79999923706055,38.904930114746094,332100,0.0,0.0,EVR,EVR
2013-11-08,50.77000045776367,52.27999877929688,50.560001373291016,52.27000045776367,40.03073501586914,351500,0.0,0.0,EVR,EVR
2013-11-11,52.2599983215332,52.79999923706055,51.75,52.25,40.015419006347656,191300,0.0,0.0,EVR,EVR
2013-11-12,51.959999084472656,52.27999877929688,51.369998931884766,52.130001068115234,39.92350769042969,167000,0.0,0.0,EVR,EVR
2013-11-13,51.68000030517578,53.0099983215332,51.18999862670898,53.0,40.58979415893555,204800,0.0,0.0,EVR,EVR
2013-11-14,52.91999816894531,52.970001220703125,52.040000915527344,52.619998931884766,40.29876708984375,141300,0.0,0.0,EVR,EVR
2013-11-15,52.77000045776367,53.0,51.88999938964844,52.61000061035156,40.29111862182617,282000,0.0,0.0,EVR,EVR
2013-11-18,52.77999877929688,53.86000061035156,52.400001525878906,52.810001373291016,40.44428634643555,439000,0.0,0.0,EVR,EVR
2013-11-19,52.66999816894531,53.47999954223633,52.220001220703125,52.459999084472656,40.17622756958008,208000,0.0,0.0,EVR,EVR
2013-11-20,52.45000076293945,53.540000915527344,52.040000915527344,52.65999984741211,40.32941818237305,188300,0.0,0.0,EVR,EVR
2013-11-21,52.93000030517578,54.970001220703125,52.86000061035156,54.7400016784668,41.92237854003906,322700,0.0,0.0,EVR,EVR
2013-11-22,54.75,54.93999862670898,54.18999862670898,54.4900016784668,41.73091506958008,210500,0.0,0.0,EVR,EVR
2013-11-25,54.68999862670898,55.70000076293945,54.18000030517578,55.18000030517578,42.25933837890625,267500,0.0,0.0,EVR,EVR
2013-11-26,54.9900016784668,55.470001220703125,54.59999847412109,55.2599983215332,42.51321029663086,194200,0.25,0.0,EVR,EVR
2013-11-27,55.34999847412109,55.34999847412109,54.52000045776367,55.11000061035156,42.39781188964844,127000,0.0,0.0,EVR,EVR
2013-11-29,55.40999984741211,55.40999984741211,54.81999969482422,54.84999847412109,42.197784423828125,58000,0.0,0.0,EVR,EVR
2013-12-02,54.66999816894531,55.7400016784668,54.04999923706055,54.68999862670898,42.0746955871582,204800,0.0,0.0,EVR,EVR
2013-12-03,54.22999954223633,54.630001068115234,53.68999862670898,54.43999862670898,41.882362365722656,244200,0.0,0.0,EVR,EVR
2013-12-04,54.25,55.04999923706055,53.130001068115234,53.68999862670898,41.30536651611328,293700,0.0,0.0,EVR,EVR
2013-12-05,53.31999969482422,54.25,53.13999938964844,53.77000045776367,41.366920471191406,254300,0.0,0.0,EVR,EVR
2013-12-06,55.08000183105469,55.75,54.56999969482422,54.68000030517578,42.066993713378906,285000,0.0,0.0,EVR,EVR
2013-12-09,54.900001525878906,55.97999954223633,54.70000076293945,55.54999923706055,42.736328125,238900,0.0,0.0,EVR,EVR
2013-12-10,55.40999984741211,55.83000183105469,54.68000030517578,55.16999816894531,42.4439697265625,205900,0.0,0.0,EVR,EVR
2013-12-11,55.380001068115234,56.0,54.81999969482422,55.369998931884766,42.597843170166016,208000,0.0,0.0,EVR,EVR
2013-12-12,55.290000915527344,55.66999816894531,54.560001373291016,54.75,42.12085723876953,172900,0.0,0.0,EVR,EVR
2013-12-13,55.150001525878906,55.7599983215332,54.709999084472656,55.34999847412109,42.58245086669922,209000,0.0,0.0,EVR,EVR
2013-12-16,55.66999816894531,58.16999816894531,55.66999816894531,58.16999816894531,44.75195693969727,520300,0.0,0.0,EVR,EVR
2013-12-17,58.209999084472656,58.43000030517578,57.79999923706055,57.93000030517578,44.567344665527344,542500,0.0,0.0,EVR,EVR
2013-12-18,57.900001525878906,59.7400016784668,56.66999816894531,59.72999954223633,45.95211791992188,437900,0.0,0.0,EVR,EVR
2013-12-19,59.45000076293945,59.77000045776367,59.02000045776367,59.5,45.775169372558594,281300,0.0,0.0,EVR,EVR
2013-12-20,59.45000076293945,60.220001220703125,58.79999923706055,60.20000076293945,46.31371307373047,629900,0.0,0.0,EVR,EVR
2013-12-23,60.63999938964844,60.83000183105469,59.79999923706055,60.52999877929688,46.56758499145508,232100,0.0,0.0,EVR,EVR
2013-12-24,60.45000076293945,60.7400016784668,60.08000183105469,60.38999938964844,46.45988082885742,152200,0.0,0.0,EVR,EVR
2013-12-26,60.619998931884766,61.06999969482422,60.310001373291016,60.5099983215332,46.55221176147461,188100,0.0,0.0,EVR,EVR
2013-12-27,60.7400016784668,60.790000915527344,59.619998931884766,60.400001525878906,46.46758270263672,221900,0.0,0.0,EVR,EVR
2013-12-30,60.2400016784668,60.5,59.2599983215332,59.52999877929688,45.79826736450195,249100,0.0,0.0,EVR,EVR
2013-12-31,59.75,60.119998931884766,59.560001373291016,59.77999877929688,45.99058532714844,191200,0.0,0.0,EVR,EVR
2014-01-02,59.5099983215332,59.59999847412109,57.72999954223633,58.02000045776367,44.636566162109375,378500,0.0,0.0,EVR,EVR
2014-01-03,58.09999847412109,59.2400016784668,58.06999969482422,58.81999969482422,45.25204086303711,377700,0.0,0.0,EVR,EVR
2014-01-06,58.88999938964844,59.310001373291016,58.13999938964844,58.16999816894531,44.75195693969727,291300,0.0,0.0,EVR,EVR
2014-01-07,58.380001068115234,59.810001373291016,58.380001068115234,59.16999816894531,45.52128982543945,395100,0.0,0.0,EVR,EVR
2014-01-08,59.13999938964844,59.56999969482422,58.470001220703125,58.72999954223633,45.18280029296875,232400,0.0,0.0,EVR,EVR
2014-01-09,59.2599983215332,60.459999084472656,59.2599983215332,59.88999938964844,46.07521057128906,280900,0.0,0.0,EVR,EVR
2014-01-10,60.04999923706055,60.220001220703125,58.88999938964844,59.5099983215332,45.78287124633789,162700,0.0,0.0,EVR,EVR
2014-01-13,59.5,59.959999084472656,57.27000045776367,57.61000061035156,44.32114791870117,257100,0.0,0.0,EVR,EVR
2014-01-14,57.68000030517578,60.61000061035156,57.68000030517578,60.310001373291016,46.39833068847656,249900,0.0,0.0,EVR,EVR
2014-01-15,60.709999084472656,62.0099983215332,60.66999816894531,61.959999084472656,47.66773986816406,305600,0.0,0.0,EVR,EVR
2014-01-16,61.810001373291016,62.16999816894531,60.97999954223633,61.290000915527344,47.15228271484375,274000,0.0,0.0,EVR,EVR
2014-01-17,61.15999984741211,62.560001373291016,61.08000183105469,62.02000045776367,47.713905334472656,508100,0.0,0.0,EVR,EVR
2014-01-21,62.5,62.959999084472656,61.790000915527344,62.36000061035156,47.975467681884766,213000,0.0,0.0,EVR,EVR
2014-01-22,62.61000061035156,63.52999877929688,62.2599983215332,63.13999938964844,48.57554626464844,259100,0.0,0.0,EVR,EVR
2014-01-23,62.68000030517578,63.65999984741211,62.150001525878906,62.43000030517578,48.02931594848633,538900,0.0,0.0,EVR,EVR
2014-01-24,61.93999862670898,61.9900016784668,58.43999862670898,59.15999984741211,45.51359939575195,484100,0.0,0.0,EVR,EVR
2014-01-27,59.15999984741211,59.5,55.68999862670898,56.79999923706055,43.69799423217773,691400,0.0,0.0,EVR,EVR
2014-01-28,56.93999862670898,57.95000076293945,56.52000045776367,57.68000030517578,44.37499237060547,559500,0.0,0.0,EVR,EVR
2014-01-29,59.77000045776367,59.77000045776367,55.810001373291016,56.09999847412109,43.15945816040039,548900,0.0,0.0,EVR,EVR
2014-01-30,56.88999938964844,56.88999938964844,54.619998931884766,56.27000045776367,43.29023361206055,681600,0.0,0.0,EVR,EVR
2014-01-31,54.9900016784668,56.880001068115234,54.900001525878906,55.84000015258789,42.95942687988281,482600,0.0,0.0,EVR,EVR
2014-02-03,55.59000015258789,55.84000015258789,51.709999084472656,52.52999877929688,40.41293716430664,796400,0.0,0.0,EVR,EVR
2014-02-04,52.52999877929688,54.34000015258789,51.75,53.18000030517578,40.91300582885742,547600,0.0,0.0,EVR,EVR
2014-02-05,53.09999847412109,53.79999923706055,52.18999862670898,52.68999862670898,40.53604888916016,570400,0.0,0.0,EVR,EVR
2014-02-06,53.02000045776367,53.790000915527344,52.7400016784668,52.79999923706055,40.62065505981445,601700,0.0,0.0,EVR,EVR
2014-02-07,53.02999877929688,53.77999877929688,52.400001525878906,53.56999969482422,41.21304321289063,525500,0.0,0.0,EVR,EVR
2014-02-10,53.68999862670898,54.540000915527344,53.400001525878906,54.43000030517578,41.87466430664063,489400,0.0,0.0,EVR,EVR
2014-02-11,54.43000030517578,54.9900016784668,53.58000183105469,54.27999877929688,41.75926971435547,370700,0.0,0.0,EVR,EVR
2014-02-12,54.5,55.25,54.459999084472656,55.0,42.31319427490234,323000,0.0,0.0,EVR,EVR
2014-02-13,54.93000030517578,56.36000061035156,54.61000061035156,56.27999877929688,43.29793167114258,543300,0.0,0.0,EVR,EVR
2014-02-14,56.0,56.0,55.11000061035156,55.630001068115234,42.79786682128906,288100,0.0,0.0,EVR,EVR
2014-02-18,55.84000015258789,57.04999923706055,55.70000076293945,56.83000183105469,43.7210693359375,464900,0.0,0.0,EVR,EVR
2014-02-19,56.400001525878906,57.470001220703125,55.72999954223633,55.81999969482422,42.94404220581055,481200,0.0,0.0,EVR,EVR
2014-02-20,56.13999938964844,57.150001525878906,55.380001068115234,56.869998931884766,43.751834869384766,357400,0.0,0.0,EVR,EVR
2014-02-21,57.150001525878906,57.310001373291016,56.40999984741211,56.810001373291016,43.70568084716797,439200,0.0,0.0,EVR,EVR
2014-02-24,56.75,57.790000915527344,56.75,57.34999847412109,44.1211166381836,380100,0.0,0.0,EVR,EVR
2014-02-25,57.13999938964844,57.93000030517578,56.31999969482422,56.650001525878906,43.58259963989258,284200,0.0,0.0,EVR,EVR
2014-02-26,56.34000015258789,57.0,55.29999923706055,55.75,43.0803108215332,396100,0.25,0.0,EVR,EVR
2014-02-27,55.43999862670898,56.97999954223633,55.27000045776367,56.86000061035156,43.93805694580078,385700,0.0,0.0,EVR,EVR
2014-02-28,56.790000915527344,57.2400016784668,55.369998931884766,55.63999938964844,42.995304107666016,324300,0.0,0.0,EVR,EVR
2014-03-03,54.650001525878906,55.0,54.119998931884766,54.47999954223633,42.098915100097656,283600,0.0,0.0,EVR,EVR
2014-03-04,55.560001373291016,56.59999847412109,55.400001525878906,56.290000915527344,43.497596740722656,395800,0.0,0.0,EVR,EVR
2014-03-05,56.31999969482422,56.63999938964844,55.790000915527344,56.5,43.65985870361328,298300,0.0,0.0,EVR,EVR
2014-03-06,56.66999816894531,57.369998931884766,56.29999923706055,57.08000183105469,44.10804748535156,257100,0.0,0.0,EVR,EVR
2014-03-07,57.560001373291016,58.040000915527344,57.16999816894531,57.7400016784668,44.61805725097656,248500,0.0,0.0,EVR,EVR
2014-03-10,57.81999969482422,58.79999923706055,57.150001525878906,58.20000076293945,44.97353363037109,340400,0.0,0.0,EVR,EVR
2014-03-11,58.15999984741211,58.61000061035156,57.2400016784668,57.459999084472656,44.40169906616211,230800,0.0,0.0,EVR,EVR
2014-03-12,56.97999954223633,57.79999923706055,56.869998931884766,57.68000030517578,44.57170486450195,141800,0.0,0.0,EVR,EVR
2014-03-13,57.880001068115234,58.27000045776367,56.56999969482422,57.09000015258789,44.11577987670898,250800,0.0,0.0,EVR,EVR
2014-03-14,56.77999877929688,57.70000076293945,56.63999938964844,56.93999862670898,43.9998664855957,199300,0.0,0.0,EVR,EVR
2014-03-17,57.5099983215332,59.22999954223633,57.40999984741211,59.130001068115234,45.69215774536133,325800,0.0,0.0,EVR,EVR
2014-03-18,59.34000015258789,59.84000015258789,58.93999862670898,59.810001373291016,46.21763610839844,339100,0.0,0.0,EVR,EVR
2014-03-19,58.77999877929688,59.560001373291016,56.91999816894531,57.959999084472656,44.78805541992188,675600,0.0,0.0,EVR,EVR
2014-03-20,57.91999816894531,59.02000045776367,57.83000183105469,58.7599983215332,45.40625,269900,0.0,0.0,EVR,EVR
2014-03-21,59.18999862670898,59.52999877929688,57.70000076293945,57.790000915527344,44.656700134277344,854800,0.0,0.0,EVR,EVR
2014-03-24,57.93999862670898,58.22999954223633,56.81999969482422,57.400001525878906,44.35534286499024,215300,0.0,0.0,EVR,EVR
2014-03-25,57.88999938964844,57.90999984741211,56.93000030517578,57.400001525878906,44.35534286499024,298700,0.0,0.0,EVR,EVR
2014-03-26,57.65999984741211,57.79999923706055,54.900001525878906,54.95000076293945,42.462100982666016,358400,0.0,0.0,EVR,EVR
2014-03-27,54.880001068115234,55.0,53.0,53.7400016784668,41.527103424072266,755200,0.0,0.0,EVR,EVR
2014-03-28,53.77000045776367,54.459999084472656,53.16999816894531,53.52000045776367,41.35709381103516,319900,0.0,0.0,EVR,EVR
2014-03-31,53.790000915527344,55.45000076293945,53.790000915527344,55.25,42.69393157958984,518400,0.0,0.0,EVR,EVR
2014-04-01,55.20000076293945,55.400001525878906,53.900001525878906,55.18999862670898,42.64755630493164,444700,0.0,0.0,EVR,EVR
2014-04-02,55.290000915527344,55.66999816894531,54.52000045776367,55.4900016784668,42.87940216064453,237400,0.0,0.0,EVR,EVR
2014-04-03,55.52000045776367,55.75,54.540000915527344,55.27000045776367,42.70938873291016,366300,0.0,0.0,EVR,EVR
2014-04-04,55.77999877929688,55.77999877929688,53.630001068115234,53.72999954223633,41.51937484741211,394100,0.0,0.0,EVR,EVR
2014-04-07,53.38999938964844,53.47999954223633,51.65999984741211,52.34999847412109,40.45299530029297,394100,0.0,0.0,EVR,EVR
2014-04-08,52.29999923706055,53.34000015258789,52.16999816894531,52.88999938964844,40.870262145996094,362800,0.0,0.0,EVR,EVR
2014-04-09,52.900001525878906,53.58000183105469,52.720001220703125,53.45000076293945,41.303009033203125,280300,0.0,0.0,EVR,EVR
2014-04-10,53.20000076293945,53.20000076293945,50.720001220703125,50.72999954223633,39.20114517211914,431900,0.0,0.0,EVR,EVR
2014-04-11,49.9900016784668,49.9900016784668,48.790000915527344,49.11000061035156,37.94930267333984,438700,0.0,0.0,EVR,EVR
2014-04-14,49.83000183105469,49.9900016784668,48.70000076293945,49.2599983215332,38.065208435058594,419900,0.0,0.0,EVR,EVR
2014-04-15,49.59000015258789,50.0099983215332,48.61000061035156,49.369998931884766,38.15022659301758,563200,0.0,0.0,EVR,EVR
2014-04-16,49.84000015258789,51.15999984741211,49.310001373291016,51.0,39.40977478027344,370600,0.0,0.0,EVR,EVR
2014-04-17,51.119998931884766,52.220001220703125,50.93000030517578,51.84999847412109,40.066627502441406,231700,0.0,0.0,EVR,EVR
2014-04-21,51.720001220703125,51.84999847412109,50.810001373291016,51.65999984741211,39.9197998046875,178900,0.0,0.0,EVR,EVR
2014-04-22,51.72999954223633,53.619998931884766,51.70000076293945,53.08000183105469,41.0170783996582,322100,0.0,0.0,EVR,EVR
2014-04-23,51.150001525878906,54.060001373291016,50.45000076293945,53.09999847412109,41.03253936767578,960900,0.0,0.0,EVR,EVR
2014-04-24,53.0,54.900001525878906,52.08000183105469,53.95000076293945,41.68936538696289,1032400,0.0,0.0,EVR,EVR
2014-04-25,53.34999847412109,53.619998931884766,52.29999923706055,52.47999954223633,40.553443908691406,501700,0.0,0.0,EVR,EVR
2014-04-28,52.040000915527344,53.22999954223633,51.59000015258789,52.09000015258789,40.25206756591797,608500,0.0,0.0,EVR,EVR
2014-04-29,52.29999923706055,52.9900016784668,51.77999877929688,51.83000183105469,40.05117034912109,520100,0.0,0.0,EVR,EVR
2014-04-30,51.720001220703125,53.52000045776367,51.31999969482422,53.43000030517578,41.28755187988281,405000,0.0,0.0,EVR,EVR
2014-05-01,53.150001525878906,54.869998931884766,52.84999847412109,54.81999969482422,42.36165237426758,568300,0.0,0.0,EVR,EVR
2014-05-02,55.869998931884766,56.27000045776367,55.27000045776367,56.130001068115234,43.37395477294922,649100,0.0,0.0,EVR,EVR
2014-05-05,55.630001068115234,56.290000915527344,54.970001220703125,56.08000183105469,43.33530426025391,479600,0.0,0.0,EVR,EVR
2014-05-06,55.70000076293945,55.91999816894531,54.58000183105469,54.709999084472656,42.27665710449219,423000,0.0,0.0,EVR,EVR
2014-05-07,54.880001068115234,55.40999984741211,54.09000015258789,55.380001068115234,42.794395446777344,422600,0.0,0.0,EVR,EVR
2014-05-08,55.38999938964844,56.630001068115234,54.84000015258789,55.540000915527344,42.91804122924805,373000,0.0,0.0,EVR,EVR
2014-05-09,55.27000045776367,55.84000015258789,54.59999847412109,55.0099983215332,42.50846481323242,410300,0.0,0.0,EVR,EVR
2014-05-12,55.65999984741211,57.20000076293945,55.29999923706055,57.08000183105469,44.10804748535156,268800,0.0,0.0,EVR,EVR
2014-05-13,57.400001525878906,59.43000030517578,57.16999816894531,58.5,45.205326080322266,766900,0.0,0.0,EVR,EVR
2014-05-14,58.20000076293945,58.20000076293945,56.290000915527344,56.369998931884766,43.55940246582031,432000,0.0,0.0,EVR,EVR
2014-05-15,56.0,56.0,54.209999084472656,54.86000061035156,42.3925666809082,327400,0.0,0.0,EVR,EVR
2014-05-16,54.70000076293945,55.27999877929688,53.93000030517578,55.06999969482422,42.55484390258789,228000,0.0,0.0,EVR,EVR
2014-05-19,54.310001373291016,54.810001373291016,53.709999084472656,54.18999862670898,41.87483215332031,438800,0.0,0.0,EVR,EVR
2014-05-20,54.31999969482422,54.380001068115234,51.59999847412109,52.59000015258789,40.638450622558594,759900,0.0,0.0,EVR,EVR
2014-05-21,53.9900016784668,54.77999877929688,53.88999938964844,54.56999969482422,42.1684799194336,539400,0.0,0.0,EVR,EVR
2014-05-22,54.5099983215332,55.59000015258789,54.04999923706055,55.33000183105469,42.75576019287109,308900,0.0,0.0,EVR,EVR
2014-05-23,55.27999877929688,56.119998931884766,54.97999954223633,55.93999862670898,43.22712707519531,234200,0.0,0.0,EVR,EVR
2014-05-27,56.15999984741211,56.4900016784668,55.95000076293945,56.150001525878906,43.38941192626953,403100,0.0,0.0,EVR,EVR
2014-05-28,55.61000061035156,56.02000045776367,55.18999862670898,55.4900016784668,43.0711669921875,360100,0.25,0.0,EVR,EVR
2014-05-29,55.84000015258789,56.06999969482422,55.15999984741211,55.709999084472656,43.24192810058594,280600,0.0,0.0,EVR,EVR
2014-05-30,55.66999816894531,55.93999862670898,54.650001525878906,55.040000915527344,42.72187042236328,311200,0.0,0.0,EVR,EVR
2014-06-02,55.29999923706055,55.380001068115234,54.060001373291016,54.56999969482422,42.35707092285156,221800,0.0,0.0,EVR,EVR
2014-06-03,54.18000030517578,55.709999084472656,53.93000030517578,55.29999923706055,42.92369842529297,378800,0.0,0.0,EVR,EVR
2014-06-04,54.90999984741211,55.869998931884766,54.68999862670898,55.77999877929688,43.29625701904297,181700,0.0,0.0,EVR,EVR
2014-06-05,55.93999862670898,57.04999923706055,55.58000183105469,56.650001525878906,43.9715461730957,291900,0.0,0.0,EVR,EVR
2014-06-06,56.81999969482422,57.84000015258789,56.58000183105469,57.66999816894531,44.76326370239258,341000,0.0,0.0,EVR,EVR
2014-06-09,57.400001525878906,57.970001220703125,56.97999954223633,57.880001068115234,44.92628479003906,238900,0.0,0.0,EVR,EVR
2014-06-10,57.70000076293945,57.86000061035156,56.959999084472656,57.13999938964844,44.35188674926758,215100,0.0,0.0,EVR,EVR
2014-06-11,56.79999923706055,56.83000183105469,55.900001525878906,56.2400016784668,43.65331268310547,230600,0.0,0.0,EVR,EVR
2014-06-12,56.209999084472656,56.56999969482422,55.47999954223633,55.970001220703125,43.44374084472656,209200,0.0,0.0,EVR,EVR
2014-06-13,56.27000045776367,56.459999084472656,55.43999862670898,55.880001068115234,43.37388229370117,238100,0.0,0.0,EVR,EVR
2014-06-16,55.72999954223633,56.77999877929688,55.4900016784668,56.56999969482422,43.909446716308594,188600,0.0,0.0,EVR,EVR
2014-06-17,56.61000061035156,57.77000045776367,56.560001373291016,57.27000045776367,44.452781677246094,261100,0.0,0.0,EVR,EVR
2014-06-18,57.150001525878906,57.380001068115234,56.45000076293945,57.16999816894531,44.37516784667969,216800,0.0,0.0,EVR,EVR
2014-06-19,57.25,57.29999923706055,55.58000183105469,55.86000061035156,43.35835266113281,316600,0.0,0.0,EVR,EVR
2014-06-20,55.9900016784668,56.61000061035156,55.59000015258789,56.56999969482422,43.909446716308594,473100,0.0,0.0,EVR,EVR
2014-06-23,56.77999877929688,57.97999954223633,56.47999954223633,57.709999084472656,44.7943115234375,306200,0.0,0.0,EVR,EVR
2014-06-24,57.5099983215332,58.13999938964844,56.130001068115234,56.15999984741211,43.59120178222656,283900,0.0,0.0,EVR,EVR
2014-06-25,57.31999969482422,58.34000015258789,56.79999923706055,57.84999847412109,44.90297317504883,384200,0.0,0.0,EVR,EVR
2014-06-26,57.709999084472656,58.09999847412109,56.59999847412109,57.31999969482422,44.49160003662109,205600,0.0,0.0,EVR,EVR
2014-06-27,56.88999938964844,58.18999862670898,56.709999084472656,57.5099983215332,44.63908386230469,263700,0.0,0.0,EVR,EVR
2014-06-30,57.25,57.75,57.04999923706055,57.63999938964844,44.7399787902832,194400,0.0,0.0,EVR,EVR
2014-07-01,58.04999923706055,58.34000015258789,57.68000030517578,57.709999084472656,44.7943115234375,306700,0.0,0.0,EVR,EVR
2014-07-02,57.540000915527344,57.91999816894531,57.290000915527344,57.58000183105469,44.69340896606445,213100,0.0,0.0,EVR,EVR
2014-07-03,57.93999862670898,58.4900016784668,57.7599983215332,58.15999984741211,45.14361190795898,123300,0.0,0.0,EVR,EVR
2014-07-07,57.58000183105469,57.70000076293945,56.369998931884766,57.11000061035156,44.3286018371582,424700,0.0,0.0,EVR,EVR
2014-07-08,57.0,57.0,55.40999984741211,55.65999984741211,43.2031135559082,320400,0.0,0.0,EVR,EVR
2014-07-09,55.68000030517578,56.27000045776367,55.130001068115234,55.5,43.07892990112305,228700,0.0,0.0,EVR,EVR
2014-07-10,54.5,55.0099983215332,53.66999816894531,54.34999847412109,42.18629455566406,518000,0.0,0.0,EVR,EVR
2014-07-11,54.060001373291016,54.90999984741211,53.869998931884766,54.58000183105469,42.36482238769531,312700,0.0,0.0,EVR,EVR
2014-07-14,55.369998931884766,55.54999923706055,54.91999816894531,55.08000183105469,42.7529296875,164700,0.0,0.0,EVR,EVR
2014-07-15,55.25,55.63999938964844,54.560001373291016,54.869998931884766,42.58990478515625,233600,0.0,0.0,EVR,EVR
2014-07-16,55.209999084472656,55.54999923706055,54.54999923706055,54.95000076293945,42.65201950073242,155900,0.0,0.0,EVR,EVR
2014-07-17,54.59000015258789,54.91999816894531,53.7400016784668,54.06999969482422,41.96896362304688,270300,0.0,0.0,EVR,EVR
2014-07-18,54.04999923706055,55.380001068115234,53.83000183105469,55.06999969482422,42.74515914916992,256700,0.0,0.0,EVR,EVR
2014-07-21,54.4900016784668,55.08000183105469,54.09999847412109,54.880001068115234,42.5976676940918,209000,0.0,0.0,EVR,EVR
2014-07-22,55.34999847412109,55.720001220703125,54.77999877929688,55.119998931884766,42.78395462036133,270700,0.0,0.0,EVR,EVR
2014-07-23,55.31999969482422,56.27000045776367,55.02000045776367,55.41999816894531,43.016822814941406,508400,0.0,0.0,EVR,EVR
2014-07-24,55.970001220703125,58.02999877929688,55.77999877929688,57.0,44.24320983886719,538900,0.0,0.0,EVR,EVR
2014-07-25,56.33000183105469,56.5,55.79999923706055,55.970001220703125,43.44374084472656,264900,0.0,0.0,EVR,EVR
2014-07-28,55.97999954223633,56.220001220703125,55.22999954223633,55.58000183105469,43.14103317260742,195300,0.0,0.0,EVR,EVR
2014-07-29,55.93000030517578,57.36000061035156,55.70000076293945,56.77000045776367,44.0646858215332,376300,0.0,0.0,EVR,EVR
2014-07-30,57.209999084472656,58.5,56.7599983215332,57.09000015258789,44.313079833984375,249600,0.0,0.0,EVR,EVR
2014-07-31,56.16999816894531,56.16999816894531,54.54999923706055,54.560001373291016,42.34928894042969,357400,0.0,0.0,EVR,EVR
2014-08-01,54.52999877929688,55.040000915527344,49.91999816894531,50.130001068115234,38.91075134277344,1595000,0.0,0.0,EVR,EVR
2014-08-04,52.29999923706055,52.70000076293945,46.0,49.52000045776367,38.43727493286133,3426000,0.0,0.0,EVR,EVR
2014-08-05,49.119998931884766,50.34999847412109,48.84999847412109,49.68000030517578,38.561466217041016,1095400,0.0,0.0,EVR,EVR
2014-08-06,49.5,50.119998931884766,49.06999969482422,49.720001220703125,38.59250259399414,1051100,0.0,0.0,EVR,EVR
2014-08-07,50.0,50.02000045776367,48.75,49.2400016784668,38.21994018554688,789200,0.0,0.0,EVR,EVR
2014-08-08,49.220001220703125,49.77000045776367,49.060001373291016,49.70000076293945,38.57699203491211,516800,0.0,0.0,EVR,EVR
2014-08-11,49.9900016784668,51.13999938964844,49.810001373291016,50.66999816894531,39.32989501953125,752500,0.0,0.0,EVR,EVR
2014-08-12,50.52999877929688,50.75,49.97999954223633,50.13999938964844,38.91851043701172,527200,0.0,0.0,EVR,EVR
2014-08-13,50.56999969482422,51.20000076293945,50.11000061035156,50.77000045776367,39.40751266479492,344900,0.0,0.0,EVR,EVR
2014-08-14,50.9900016784668,51.20000076293945,50.59000015258789,50.9900016784668,39.57827377319336,422800,0.0,0.0,EVR,EVR
2014-08-15,51.5,51.5,49.81999969482422,50.7400016784668,39.38421630859375,376500,0.0,0.0,EVR,EVR
2014-08-18,51.43999862670898,51.84000015258789,51.0,51.25,39.780086517333984,389800,0.0,0.0,EVR,EVR
2014-08-19,51.459999084472656,51.75,51.06999969482422,51.400001525878906,39.896522521972656,202900,0.0,0.0,EVR,EVR
2014-08-20,51.5,51.5,49.88999938964844,50.02000045776367,38.82536697387695,693900,0.0,0.0,EVR,EVR
2014-08-21,50.18999862670898,50.27999877929688,49.65999984741211,49.91999816894531,38.74774932861328,414500,0.0,0.0,EVR,EVR
2014-08-22,49.90999984741211,49.970001220703125,49.130001068115234,49.720001220703125,38.59250259399414,553700,0.0,0.0,EVR,EVR
2014-08-25,50.0,50.66999816894531,49.43000030517578,49.7400016784668,38.6080436706543,817200,0.0,0.0,EVR,EVR
2014-08-26,49.93999862670898,51.77999877929688,49.59999847412109,51.38999938964844,39.88875579833984,821100,0.0,0.0,EVR,EVR
2014-08-27,51.150001525878906,51.150001525878906,50.34999847412109,50.59000015258789,39.45975875854492,350800,0.25,0.0,EVR,EVR
2014-08-28,50.36000061035156,51.0,50.09999847412109,50.58000183105469,39.45195770263672,300200,0.0,0.0,EVR,EVR
2014-08-29,50.720001220703125,51.33000183105469,50.310001373291016,51.22999954223633,39.95895385742188,249000,0.0,0.0,EVR,EVR
2014-09-02,51.36000061035156,51.54999923706055,50.02999877929688,50.65999984741211,39.51436233520508,428100,0.0,0.0,EVR,EVR
2014-09-03,51.11000061035156,51.369998931884766,50.04999923706055,50.119998931884766,39.09315490722656,278500,0.0,0.0,EVR,EVR
2014-09-04,50.2599983215332,50.84999847412109,50.0,50.130001068115234,39.10096740722656,224100,0.0,0.0,EVR,EVR
2014-09-05,49.93000030517578,50.7400016784668,49.869998931884766,50.63999938964844,39.49875259399414,217400,0.0,0.0,EVR,EVR
2014-09-08,50.43999862670898,50.970001220703125,50.04999923706055,50.40999984741211,39.3193588256836,276800,0.0,0.0,EVR,EVR
2014-09-09,50.20000076293945,50.45000076293945,49.470001220703125,50.0099983215332,39.007362365722656,276200,0.0,0.0,EVR,EVR
2014-09-10,50.2400016784668,50.540000915527344,49.880001068115234,50.04999923706055,39.03856658935547,249100,0.0,0.0,EVR,EVR
2014-09-11,49.790000915527344,50.650001525878906,49.59999847412109,50.43999862670898,39.3427619934082,281700,0.0,0.0,EVR,EVR
2014-09-12,50.31999969482422,50.63999938964844,49.81999969482422,50.36000061035156,39.28035354614258,419300,0.0,0.0,EVR,EVR
2014-09-15,50.25,50.25,49.56999969482422,49.81999969482422,38.85916519165039,470700,0.0,0.0,EVR,EVR
2014-09-16,49.59000015258789,50.47999954223633,49.470001220703125,49.93000030517578,38.94496154785156,531000,0.0,0.0,EVR,EVR
2014-09-17,50.09000015258789,50.66999816894531,49.540000915527344,50.2400016784668,39.186771392822266,372500,0.0,0.0,EVR,EVR
2014-09-18,50.2400016784668,50.470001220703125,49.880001068115234,50.06999969482422,39.054161071777344,651100,0.0,0.0,EVR,EVR
2014-09-19,50.13999938964844,50.20000076293945,48.79999923706055,48.959999084472656,38.18838119506836,869900,0.0,0.0,EVR,EVR
2014-09-22,48.52999877929688,49.0099983215332,47.34000015258789,48.18000030517578,37.57998275756836,703700,0.0,0.0,EVR,EVR
2014-09-23,47.77000045776367,48.08000183105469,46.52999877929688,47.16999816894531,36.79218292236328,901200,0.0,0.0,EVR,EVR
2014-09-24,47.119998931884766,47.63999938964844,46.88999938964844,47.31999969482422,36.90919494628906,555300,0.0,0.0,EVR,EVR
2014-09-25,47.13999938964844,47.31999969482422,46.290000915527344,46.52000045776367,36.28520202636719,253000,0.0,0.0,EVR,EVR
2014-09-26,46.400001525878906,46.959999084472656,46.0099983215332,46.40999984741211,36.19938659667969,512200,0.0,0.0,EVR,EVR
2014-09-29,45.81999969482422,46.81999969482422,45.43000030517578,46.65999984741211,36.39439010620117,421000,0.0,0.0,EVR,EVR
2014-09-30,46.70000076293945,47.369998931884766,46.43000030517578,47.0,36.65959167480469,641800,0.0,0.0,EVR,EVR
2014-10-01,46.93999862670898,47.40999984741211,45.7599983215332,45.959999084472656,35.84839630126953,895800,0.0,0.0,EVR,EVR
2014-10-02,45.81999969482422,46.52999877929688,45.34000015258789,46.25,36.0745849609375,438400,0.0,0.0,EVR,EVR
2014-10-03,46.29999923706055,47.25,46.27000045776367,46.77999877929688,36.48798370361328,474000,0.0,0.0,EVR,EVR
2014-10-06,46.84999847412109,47.22999954223633,45.86000061035156,46.33000183105469,36.13699722290039,499700,0.0,0.0,EVR,EVR
2014-10-07,46.130001068115234,46.20000076293945,45.290000915527344,45.290000915527344,35.3257942199707,578400,0.0,0.0,EVR,EVR
2014-10-08,45.29999923706055,46.90999984741211,45.29999923706055,46.880001068115234,36.56599044799805,526800,0.0,0.0,EVR,EVR
2014-10-09,46.90999984741211,46.97999954223633,45.470001220703125,46.04999923706055,35.9185905456543,805900,0.0,0.0,EVR,EVR
2014-10-10,46.04999923706055,47.459999084472656,45.61000061035156,46.619998931884766,36.363189697265625,1123000,0.0,0.0,EVR,EVR
2014-10-13,46.95000076293945,47.63999938964844,46.40999984741211,46.5,36.26958465576172,1273200,0.0,0.0,EVR,EVR
2014-10-14,46.84999847412109,48.560001373291016,46.79999923706055,47.77000045776367,37.26019287109375,944300,0.0,0.0,EVR,EVR
2014-10-15,46.47999954223633,46.7599983215332,44.66999816894531,46.54999923706055,36.30859375,925900,0.0,0.0,EVR,EVR
2014-10-16,45.93999862670898,46.470001220703125,44.93999862670898,45.52999877929688,35.512996673583984,1070600,0.0,0.0,EVR,EVR
2014-10-17,46.209999084472656,47.33000183105469,46.02999877929688,46.72999954223633,36.448997497558594,680400,0.0,0.0,EVR,EVR
2014-10-20,46.22999954223633,47.52000045776367,46.22999954223633,47.09000015258789,36.72978973388672,587900,0.0,0.0,EVR,EVR
2014-10-21,47.459999084472656,48.959999084472656,47.2400016784668,48.59999847412109,37.90756988525391,456900,0.0,0.0,EVR,EVR
2014-10-22,50.58000183105469,52.84000015258789,48.18000030517578,48.79999923706055,38.06357955932617,913200,0.0,0.0,EVR,EVR
2014-10-23,49.72999954223633,50.47999954223633,48.83000183105469,49.040000915527344,38.25075912475586,648600,0.0,0.0,EVR,EVR
2014-10-24,49.2599983215332,50.43000030517578,48.9900016784668,50.31999969482422,39.24917602539063,429000,0.0,0.0,EVR,EVR
2014-10-27,49.86000061035156,50.2599983215332,49.20000076293945,50.150001525878906,39.11656188964844,401400,0.0,0.0,EVR,EVR
2014-10-28,50.22999954223633,50.84999847412109,50.02999877929688,50.369998931884766,39.28815841674805,660100,0.0,0.0,EVR,EVR
2014-10-29,50.29999923706055,50.869998931884766,49.88999938964844,50.77999877929688,39.60796356201172,382200,0.0,0.0,EVR,EVR
2014-10-30,50.66999816894531,50.880001068115234,49.88999938964844,50.130001068115234,39.10096740722656,446300,0.0,0.0,EVR,EVR
2014-10-31,50.83000183105469,52.18000030517578,50.470001220703125,51.77000045776367,40.38015365600586,674100,0.0,0.0,EVR,EVR
2014-11-03,51.54999923706055,52.06999969482422,50.47999954223633,50.720001220703125,39.5611572265625,601900,0.0,0.0,EVR,EVR
2014-11-04,50.70000076293945,51.06999969482422,49.93999862670898,50.290000915527344,39.22575759887695,336000,0.0,0.0,EVR,EVR
2014-11-05,51.02999877929688,51.34000015258789,50.380001068115234,50.79999923706055,39.6235466003418,352200,0.0,0.0,EVR,EVR
2014-11-06,50.650001525878906,50.83000183105469,50.290000915527344,50.65999984741211,39.51436233520508,286000,0.0,0.0,EVR,EVR
2014-11-07,50.5099983215332,50.790000915527344,50.11000061035156,50.630001068115234,39.490966796875,394600,0.0,0.0,EVR,EVR
2014-11-10,50.75,51.97999954223633,50.75,51.68000030517578,40.30994415283203,226200,0.0,0.0,EVR,EVR
2014-11-11,51.59000015258789,51.68999862670898,50.880001068115234,51.18999862670898,39.92774963378906,187100,0.0,0.0,EVR,EVR
2014-11-12,50.869998931884766,51.7400016784668,50.869998931884766,51.650001525878906,40.28654479980469,199500,0.0,0.0,EVR,EVR
2014-11-13,51.58000183105469,51.7599983215332,51.220001220703125,51.59000015258789,40.23974990844727,239500,0.0,0.0,EVR,EVR
2014-11-14,51.5,52.0,50.77000045776367,50.84999847412109,39.66255187988281,282600,0.0,0.0,EVR,EVR
2014-11-17,50.65999984741211,51.040000915527344,49.93000030517578,50.13999938964844,39.1087646484375,370700,0.0,0.0,EVR,EVR
2014-11-18,50.63999938964844,53.0,50.2599983215332,50.95000076293945,39.74055862426758,750200,0.0,0.0,EVR,EVR
2014-11-19,50.88999938964844,51.2400016784668,49.630001068115234,50.380001068115234,39.29595947265625,398600,0.0,0.0,EVR,EVR
2014-11-20,49.9900016784668,51.22999954223633,49.880001068115234,51.13999938964844,39.88874816894531,267500,0.0,0.0,EVR,EVR
2014-11-21,51.77000045776367,52.619998931884766,50.34000015258789,50.59999847412109,39.467559814453125,686800,0.0,0.0,EVR,EVR
2014-11-24,50.84000015258789,51.380001068115234,50.5099983215332,50.90999984741211,39.7093391418457,455700,0.0,0.0,EVR,EVR
2014-11-25,51.31999969482422,51.86000061035156,50.709999084472656,51.81999969482422,40.64268112182617,405600,0.28,0.0,EVR,EVR
2014-11-26,51.880001068115234,51.880001068115234,50.619998931884766,50.86000061035156,39.88974380493164,336500,0.0,0.0,EVR,EVR
2014-11-28,51.04999923706055,51.5099983215332,50.41999816894531,50.5,39.60739517211914,189100,0.0,0.0,EVR,EVR
2014-12-01,50.09999847412109,50.16999816894531,48.720001220703125,49.209999084472656,38.59565353393555,391300,0.0,0.0,EVR,EVR
2014-12-02,49.380001068115234,50.27000045776367,49.0,49.400001525878906,38.744659423828125,341000,0.0,0.0,EVR,EVR
2014-12-03,49.11000061035156,51.43000030517578,49.11000061035156,51.34999847412109,40.2740592956543,496700,0.0,0.0,EVR,EVR
2014-12-04,51.22999954223633,52.02000045776367,50.77000045776367,51.9900016784668,40.77600860595703,389200,0.0,0.0,EVR,EVR
2014-12-05,51.959999084472656,53.08000183105469,51.75,52.810001373291016,41.419132232666016,370900,0.0,0.0,EVR,EVR
2014-12-08,52.79999923706055,54.380001068115234,52.709999084472656,54.040000915527344,42.38385009765625,534100,0.0,0.0,EVR,EVR
2014-12-09,53.36000061035156,54.540000915527344,52.650001525878906,54.36000061035156,42.63479232788086,563100,0.0,0.0,EVR,EVR
2014-12-10,54.16999816894531,54.47999954223633,51.95000076293945,52.2400016784668,40.97208023071289,596300,0.0,0.0,EVR,EVR
2014-12-11,53.0,53.7400016784668,51.13999938964844,51.52000045776367,40.40739822387695,539800,0.0,0.0,EVR,EVR
2014-12-12,50.83000183105469,51.040000915527344,49.0,49.08000183105469,38.49369430541992,602000,0.0,0.0,EVR,EVR
2014-12-15,49.380001068115234,49.540000915527344,47.9900016784668,48.27999877929688,37.8662338256836,604900,0.0,0.0,EVR,EVR
2014-12-16,48.27999877929688,49.29999923706055,47.9900016784668,48.63999938964844,38.148582458496094,539800,0.0,0.0,EVR,EVR
2014-12-17,48.81999969482422,51.369998931884766,48.310001373291016,51.310001373291016,40.24267959594727,527400,0.0,0.0,EVR,EVR
2014-12-18,52.22999954223633,52.470001220703125,51.22999954223633,51.91999816894531,40.72111511230469,532800,0.0,0.0,EVR,EVR
2014-12-19,51.91999816894531,51.97999954223633,50.59999847412109,51.93000030517578,40.728946685791016,701900,0.0,0.0,EVR,EVR
2014-12-22,51.900001525878906,52.22999954223633,51.41999816894531,52.0,40.78386306762695,196400,0.0,0.0,EVR,EVR
2014-12-23,52.34999847412109,53.13999938964844,52.13999938964844,52.70000076293945,41.33288192749024,213700,0.0,0.0,EVR,EVR
2014-12-24,52.97999954223633,52.97999954223633,52.27000045776367,52.540000915527344,41.2073860168457,113900,0.0,0.0,EVR,EVR
2014-12-26,52.869998931884766,53.36000061035156,52.09000015258789,53.06999969482422,41.62306213378906,151700,0.0,0.0,EVR,EVR
2014-12-29,52.93999862670898,53.34000015258789,52.5,52.59000015258789,41.24658203125,262300,0.0,0.0,EVR,EVR
2014-12-30,52.369998931884766,53.11000061035156,52.209999084472656,52.70000076293945,41.33288192749024,114300,0.0,0.0,EVR,EVR
2014-12-31,53.0099983215332,53.34999847412109,52.34999847412109,52.369998931884766,41.07404327392578,154700,0.0,0.0,EVR,EVR
2015-01-02,52.79999923706055,53.18999862670898,51.77999877929688,52.4900016784668,41.16816329956055,215300,0.0,0.0,EVR,EVR
2015-01-05,52.15999984741211,52.209999084472656,50.790000915527344,51.5,40.39170837402344,341700,0.0,0.0,EVR,EVR
2015-01-06,51.369998931884766,51.709999084472656,49.43999862670898,50.11000061035156,39.30150985717773,467000,0.0,0.0,EVR,EVR
2015-01-07,50.88999938964844,51.0,49.7400016784668,50.5099983215332,39.61523818969727,381300,0.0,0.0,EVR,EVR
2015-01-08,50.7599983215332,51.650001525878906,50.290000915527344,50.43000030517578,39.55248641967773,407300,0.0,0.0,EVR,EVR
2015-01-09,50.68999862670898,50.7400016784668,49.61000061035156,49.9900016784668,39.2073974609375,352400,0.0,0.0,EVR,EVR
2015-01-12,49.810001373291016,50.0,48.75,49.41999816894531,38.76033782958984,244900,0.0,0.0,EVR,EVR
2015-01-13,50.68999862670898,51.86000061035156,49.900001525878906,50.38999938964844,39.5211181640625,474600,0.0,0.0,EVR,EVR
2015-01-14,49.59999847412109,49.880001068115234,48.900001525878906,49.650001525878906,38.94073486328125,458800,0.0,0.0,EVR,EVR
2015-01-15,49.84000015258789,49.84000015258789,48.08000183105469,48.13999938964844,37.75642776489258,293900,0.0,0.0,EVR,EVR
2015-01-16,47.83000183105469,48.09000015258789,46.970001220703125,47.630001068115234,37.356441497802734,466900,0.0,0.0,EVR,EVR
2015-01-20,47.790000915527344,49.060001373291016,47.459999084472656,48.65999984741211,38.16427612304688,275700,0.0,0.0,EVR,EVR
2015-01-21,48.59000015258789,49.20000076293945,47.650001525878906,47.72999954223633,37.434871673583984,361800,0.0,0.0,EVR,EVR
2015-01-22,48.2400016784668,49.369998931884766,47.63999938964844,49.209999084472656,38.59565353393555,403600,0.0,0.0,EVR,EVR
2015-01-23,49.220001220703125,49.720001220703125,48.93999862670898,49.25,38.62701034545898,177100,0.0,0.0,EVR,EVR
2015-01-26,49.29999923706055,50.66999816894531,48.68999862670898,50.65999984741211,39.73289108276367,232300,0.0,0.0,EVR,EVR
2015-01-27,49.7599983215332,50.7400016784668,49.56999969482422,50.0099983215332,39.22309112548828,186700,0.0,0.0,EVR,EVR
2015-01-28,50.5,50.77999877929688,48.16999816894531,48.25,37.84270477294922,194600,0.0,0.0,EVR,EVR
2015-01-29,48.58000183105469,48.58000183105469,47.18999862670898,47.83000183105469,37.51331329345703,501900,0.0,0.0,EVR,EVR
2015-01-30,47.27000045776367,48.43999862670898,46.66999816894531,47.869998931884766,37.544677734375,350100,0.0,0.0,EVR,EVR
2015-02-02,48.650001525878906,49.34000015258789,47.470001220703125,48.84999847412109,38.31328201293945,436100,0.0,0.0,EVR,EVR
2015-02-03,49.06999969482422,50.470001220703125,49.06999969482422,50.02999877929688,39.23876953125,436900,0.0,0.0,EVR,EVR
2015-02-04,50.040000915527344,52.0,49.4900016784668,49.95000076293945,39.17602157592773,665700,0.0,0.0,EVR,EVR
2015-02-05,50.06999969482422,51.45000076293945,50.06999969482422,50.880001068115234,39.90543746948242,890800,0.0,0.0,EVR,EVR
2015-02-06,51.04999923706055,51.52000045776367,50.06999969482422,50.9900016784668,39.99171447753906,704700,0.0,0.0,EVR,EVR
2015-02-09,50.650001525878906,51.84000015258789,50.54999923706055,50.79999923706055,39.84268951416016,376700,0.0,0.0,EVR,EVR
2015-02-10,51.02999877929688,52.08000183105469,50.40999984741211,51.81999969482422,40.64268112182617,716500,0.0,0.0,EVR,EVR
2015-02-11,51.650001525878906,51.66999816894531,50.540000915527344,50.66999816894531,39.74072265625,414900,0.0,0.0,EVR,EVR
2015-02-12,50.93999862670898,52.2400016784668,50.59000015258789,52.06999969482422,40.838748931884766,476300,0.0,0.0,EVR,EVR
2015-02-13,52.060001373291016,52.29999923706055,51.720001220703125,52.13999938964844,40.893646240234375,312700,0.0,0.0,EVR,EVR
2015-02-17,52.09999847412109,52.72999954223633,52.040000915527344,52.34000015258789,41.05051040649414,314900,0.0,0.0,EVR,EVR
2015-02-18,52.119998931884766,53.150001525878906,52.119998931884766,53.060001373291016,41.61521530151367,509100,0.0,0.0,EVR,EVR
2015-02-19,52.68999862670898,53.560001373291016,52.66999816894531,53.0,41.56815719604492,398200,0.0,0.0,EVR,EVR
2015-02-20,52.84999847412109,53.630001068115234,52.040000915527344,53.59999847412109,42.03874969482422,468900,0.0,0.0,EVR,EVR
2015-02-23,52.65999984741211,52.93000030517578,51.61000061035156,52.90999984741211,41.49756622314453,473900,0.0,0.0,EVR,EVR
2015-02-24,52.77000045776367,53.5,52.11000061035156,52.18000030517578,40.92502975463867,600900,0.0,0.0,EVR,EVR
2015-02-25,52.130001068115234,52.59999847412109,51.150001525878906,51.4900016784668,40.60173797607422,371200,0.28,0.0,EVR,EVR
2015-02-26,51.61000061035156,52.13999938964844,51.400001525878906,51.59999847412109,40.68846130371094,284800,0.0,0.0,EVR,EVR
2015-02-27,51.790000915527344,52.20000076293945,51.22999954223633,51.22999954223633,40.39669036865234,490800,0.0,0.0,EVR,EVR
2015-03-02,51.43999862670898,51.90999984741211,51.13999938964844,51.58000183105469,40.672698974609375,203100,0.0,0.0,EVR,EVR
2015-03-03,51.380001068115234,51.959999084472656,51.22999954223633,51.59999847412109,40.68846130371094,292200,0.0,0.0,EVR,EVR
2015-03-04,51.29999923706055,51.56999969482422,50.79999923706055,51.04999923706055,40.25477600097656,128200,0.0,0.0,EVR,EVR
2015-03-05,51.02000045776367,51.11000061035156,50.13999938964844,50.70000076293945,39.97878646850586,305100,0.0,0.0,EVR,EVR
2015-03-06,50.630001068115234,51.869998931884766,50.41999816894531,51.2400016784668,40.40460205078125,308400,0.0,0.0,EVR,EVR
2015-03-09,51.459999084472656,51.470001220703125,50.81999969482422,51.0,40.21535873413086,179500,0.0,0.0,EVR,EVR
2015-03-10,50.18999862670898,50.43999862670898,49.91999816894531,50.0099983215332,39.43470001220703,215600,0.0,0.0,EVR,EVR
2015-03-11,50.220001220703125,51.0,49.91999816894531,50.77000045776367,40.03396987915039,209100,0.0,0.0,EVR,EVR
2015-03-12,51.25,51.810001373291016,50.790000915527344,51.31999969482422,40.46767425537109,214200,0.0,0.0,EVR,EVR
2015-03-13,51.34000015258789,51.38999938964844,50.11000061035156,50.77000045776367,40.03396987915039,291600,0.0,0.0,EVR,EVR
2015-03-16,51.08000183105469,51.45000076293945,50.75,51.400001525878906,40.5307502746582,207400,0.0,0.0,EVR,EVR
2015-03-17,51.08000183105469,51.45000076293945,50.63999938964844,51.34999847412109,40.491336822509766,243800,0.0,0.0,EVR,EVR
2015-03-18,51.09000015258789,51.81999969482422,50.880001068115234,51.5099983215332,40.61749649047852,155500,0.0,0.0,EVR,EVR
2015-03-19,51.560001373291016,51.68999862670898,50.970001220703125,51.25,40.412479400634766,204100,0.0,0.0,EVR,EVR
2015-03-20,51.65999984741211,52.52000045776367,51.65999984741211,52.150001525878906,41.122161865234375,643500,0.0,0.0,EVR,EVR
2015-03-23,52.22999954223633,53.13999938964844,51.93999862670898,52.72999954223633,41.57952117919922,421600,0.0,0.0,EVR,EVR
2015-03-24,52.72999954223633,53.150001525878906,52.25,52.83000183105469,41.65837097167969,370500,0.0,0.0,EVR,EVR
2015-03-25,53.150001525878906,53.150001525878906,51.84999847412109,51.880001068115234,40.90925979614258,371800,0.0,0.0,EVR,EVR
2015-03-26,51.84999847412109,52.11000061035156,51.459999084472656,51.47999954223633,40.59383392333984,276200,0.0,0.0,EVR,EVR
2015-03-27,51.40999984741211,51.65999984741211,50.77999877929688,50.880001068115234,40.120723724365234,425300,0.0,0.0,EVR,EVR
2015-03-30,51.220001220703125,51.709999084472656,50.959999084472656,51.63999938964844,40.72001266479492,386800,0.0,0.0,EVR,EVR
2015-03-31,51.619998931884766,52.040000915527344,51.18000030517578,51.65999984741211,40.73579025268555,327400,0.0,0.0,EVR,EVR
2015-04-01,51.41999816894531,51.72999954223633,50.52000045776367,51.0,40.21535873413086,455100,0.0,0.0,EVR,EVR
2015-04-02,50.790000915527344,51.220001220703125,50.59000015258789,50.65999984741211,39.94724655151367,261300,0.0,0.0,EVR,EVR
2015-04-06,50.27999877929688,50.5,49.54999923706055,49.54999923706055,39.07197189331055,730000,0.0,0.0,EVR,EVR
2015-04-07,48.0099983215332,48.20000076293945,46.790000915527344,46.880001068115234,36.96657943725586,1791300,0.0,0.0,EVR,EVR
2015-04-08,46.959999084472656,47.59999847412109,46.75,47.0,37.06121063232422,1494400,0.0,0.0,EVR,EVR
2015-04-09,47.0,48.29999923706055,46.97999954223633,48.2599983215332,38.05475234985352,717100,0.0,0.0,EVR,EVR
2015-04-10,48.380001068115234,49.09999847412109,48.380001068115234,48.93999862670898,38.59096908569336,397300,0.0,0.0,EVR,EVR
2015-04-13,49.220001220703125,49.5099983215332,49.0099983215332,49.27000045776367,38.851173400878906,516600,0.0,0.0,EVR,EVR
2015-04-14,49.04999923706055,49.290000915527344,47.86000061035156,48.369998931884766,38.14149856567383,516700,0.0,0.0,EVR,EVR
2015-04-15,48.59999847412109,49.31999969482422,48.16999816894531,48.7599983215332,38.449031829833984,299000,0.0,0.0,EVR,EVR
2015-04-16,48.84999847412109,49.65999984741211,48.38999938964844,49.369998931884766,38.93002700805664,315500,0.0,0.0,EVR,EVR
2015-04-17,49.02999877929688,49.02999877929688,48.20000076293945,48.93000030517578,38.58307647705078,253000,0.0,0.0,EVR,EVR
2015-04-20,49.43999862670898,50.06999969482422,49.2599983215332,49.720001220703125,39.20602035522461,291200,0.0,0.0,EVR,EVR
2015-04-21,49.790000915527344,49.95000076293945,49.369998931884766,49.52000045776367,39.04831314086914,274800,0.0,0.0,EVR,EVR
2015-04-22,50.09999847412109,51.27000045776367,49.29999923706055,50.79999923706055,40.05763626098633,817100,0.0,0.0,EVR,EVR
2015-04-23,50.59000015258789,50.95000076293945,49.91999816894531,50.16999816894531,39.56084442138672,426800,0.0,0.0,EVR,EVR
2015-04-24,50.040000915527344,51.06999969482422,49.9900016784668,50.4900016784668,39.81319808959961,411900,0.0,0.0,EVR,EVR
2015-04-27,50.56999969482422,50.7599983215332,49.43000030517578,49.56999969482422,39.08774948120117,351800,0.0,0.0,EVR,EVR
2015-04-28,49.5,50.54999923706055,49.38999938964844,50.52999877929688,39.84471893310547,395400,0.0,0.0,EVR,EVR
2015-04-29,50.15999984741211,50.77000045776367,49.540000915527344,49.619998931884766,39.127174377441406,342300,0.0,0.0,EVR,EVR
2015-04-30,49.59000015258789,49.869998931884766,48.209999084472656,48.2400016784668,38.03898239135742,372000,0.0,0.0,EVR,EVR
2015-05-01,48.59000015258789,49.209999084472656,48.209999084472656,48.29999923706055,38.086307525634766,326200,0.0,0.0,EVR,EVR
2015-05-04,48.45000076293945,49.58000183105469,48.43000030517578,49.40999984741211,38.96156311035156,312800,0.0,0.0,EVR,EVR
2015-05-05,49.16999816894531,49.540000915527344,48.709999084472656,48.790000915527344,38.47268295288086,186800,0.0,0.0,EVR,EVR
2015-05-06,49.15999984741211,49.369998931884766,48.81999969482422,49.290000915527344,38.86693954467773,363400,0.0,0.0,EVR,EVR
2015-05-07,49.04999923706055,49.470001220703125,48.81999969482422,48.91999816894531,38.57518005371094,303400,0.0,0.0,EVR,EVR
2015-05-08,49.209999084472656,49.52999877929688,48.84000015258789,49.34000015258789,38.906375885009766,142500,0.0,0.0,EVR,EVR
2015-05-11,49.459999084472656,49.77999877929688,48.88999938964844,48.91999816894531,38.57518005371094,213200,0.0,0.0,EVR,EVR
2015-05-12,48.68999862670898,48.869998931884766,47.970001220703125,48.459999084472656,38.21247100830078,175800,0.0,0.0,EVR,EVR
2015-05-13,48.40999984741211,49.119998931884766,48.40999984741211,49.119998931884766,38.73289108276367,235100,0.0,0.0,EVR,EVR
2015-05-14,49.22999954223633,49.470001220703125,48.56999969482422,49.02999877929688,38.66193008422852,279400,0.0,0.0,EVR,EVR
2015-05-15,48.869998931884766,49.380001068115234,48.36000061035156,48.77000045776367,38.456912994384766,319900,0.0,0.0,EVR,EVR
2015-05-18,48.4900016784668,49.77000045776367,48.34999847412109,49.70000076293945,39.19025421142578,263500,0.0,0.0,EVR,EVR
2015-05-19,49.459999084472656,49.959999084472656,49.02000045776367,49.27999877929688,38.85906219482422,186400,0.0,0.0,EVR,EVR
2015-05-20,49.40999984741211,49.720001220703125,49.18000030517578,49.27999877929688,38.85906219482422,194800,0.0,0.0,EVR,EVR
2015-05-21,49.11000061035156,50.56999969482422,48.9900016784668,50.38999938964844,39.73433303833008,505800,0.0,0.0,EVR,EVR
2015-05-22,50.380001068115234,50.709999084472656,49.720001220703125,49.97999954223633,39.41103744506836,225100,0.0,0.0,EVR,EVR
2015-05-26,49.61000061035156,50.20000076293945,49.13999938964844,49.22999954223633,38.81963348388672,261700,0.0,0.0,EVR,EVR
2015-05-27,49.040000915527344,50.18000030517578,48.83000183105469,50.040000915527344,39.684059143066406,450500,0.28,0.0,EVR,EVR
2015-05-28,49.7400016784668,51.369998931884766,49.560001373291016,51.310001373291016,40.69123458862305,679300,0.0,0.0,EVR,EVR
2015-05-29,51.31999969482422,51.40999984741211,50.66999816894531,50.970001220703125,40.42158889770508,388800,0.0,0.0,EVR,EVR
2015-06-01,51.31999969482422,51.79999923706055,50.650001525878906,51.68999862670898,40.99258041381836,480100,0.0,0.0,EVR,EVR
2015-06-02,51.650001525878906,52.2400016784668,51.41999816894531,52.02999877929688,41.2622299194336,421000,0.0,0.0,EVR,EVR
2015-06-03,52.33000183105469,53.63999938964844,52.09000015258789,53.400001525878906,42.34868621826172,473800,0.0,0.0,EVR,EVR
2015-06-04,53.02999877929688,53.5,52.93000030517578,53.16999816894531,42.166282653808594,349300,0.0,0.0,EVR,EVR
2015-06-05,53.56999969482422,54.060001373291016,53.02999877929688,53.93000030517578,42.769004821777344,403400,0.0,0.0,EVR,EVR
2015-06-08,54.02000045776367,54.34000015258789,53.70000076293945,53.7599983215332,42.63418197631836,193200,0.0,0.0,EVR,EVR
2015-06-09,53.91999816894531,53.91999816894531,53.02000045776367,53.09000015258789,42.10284805297852,294800,0.0,0.0,EVR,EVR
2015-06-10,53.84999847412109,55.34000015258789,53.58000183105469,54.77000045776367,43.435176849365234,467900,0.0,0.0,EVR,EVR
2015-06-11,54.59999847412109,54.86000061035156,54.43999862670898,54.81999969482422,43.47481536865234,256000,0.0,0.0,EVR,EVR
2015-06-12,54.72999954223633,54.79999923706055,54.040000915527344,54.16999816894531,42.9593391418457,255500,0.0,0.0,EVR,EVR
2015-06-15,53.369998931884766,54.040000915527344,52.720001220703125,53.58000183105469,42.491432189941406,406300,0.0,0.0,EVR,EVR
2015-06-16,53.34000015258789,54.18999862670898,53.209999084472656,53.869998931884766,42.721412658691406,309700,0.0,0.0,EVR,EVR
2015-06-17,54.119998931884766,54.470001220703125,53.709999084472656,53.959999084472656,42.79281997680664,243600,0.0,0.0,EVR,EVR
2015-06-18,54.119998931884766,54.63999938964844,53.880001068115234,54.369998931884766,43.11794662475586,203200,0.0,0.0,EVR,EVR
2015-06-19,54.36000061035156,55.400001525878906,54.08000183105469,55.2400016784668,43.80790710449219,635300,0.0,0.0,EVR,EVR
2015-06-22,55.540000915527344,56.41999816894531,55.369998931884766,55.93000030517578,44.35509490966797,496600,0.0,0.0,EVR,EVR
2015-06-23,56.02000045776367,56.09000015258789,55.54999923706055,55.77999877929688,44.23615264892578,258100,0.0,0.0,EVR,EVR
2015-06-24,55.58000183105469,55.72999954223633,54.84999847412109,54.91999816894531,43.55412673950195,309600,0.0,0.0,EVR,EVR
2015-06-25,54.58000183105469,55.33000183105469,53.68000030517578,55.22999954223633,43.79996109008789,390500,0.0,0.0,EVR,EVR
2015-06-26,55.43000030517578,55.900001525878906,54.61000061035156,55.11000061035156,43.70479583740234,344900,0.0,0.0,EVR,EVR
2015-06-29,54.310001373291016,55.540000915527344,53.119998931884766,53.29999923706055,42.26939010620117,410500,0.0,0.0,EVR,EVR
2015-06-30,54.04999923706055,54.060001373291016,53.27999877929688,53.959999084472656,42.79281997680664,372900,0.0,0.0,EVR,EVR
2015-07-01,54.540000915527344,54.95000076293945,53.9900016784668,54.56999969482422,43.27656555175781,396500,0.0,0.0,EVR,EVR
2015-07-02,54.43000030517578,54.72999954223633,53.68000030517578,54.41999816894531,43.157596588134766,380700,0.0,0.0,EVR,EVR
2015-07-06,53.880001068115234,54.630001068115234,53.619998931884766,54.41999816894531,43.157596588134766,426000,0.0,0.0,EVR,EVR
2015-07-07,54.83000183105469,54.86000061035156,52.630001068115234,54.41999816894531,43.157596588134766,539500,0.0,0.0,EVR,EVR
2015-07-08,53.77000045776367,54.84000015258789,52.65999984741211,53.40999984741211,42.35662841796875,537200,0.0,0.0,EVR,EVR
2015-07-09,54.400001525878906,55.119998931884766,54.22999954223633,54.709999084472656,43.38758850097656,716800,0.0,0.0,EVR,EVR
2015-07-10,55.70000076293945,56.06999969482422,54.66999816894531,55.29999923706055,43.85547256469727,359900,0.0,0.0,EVR,EVR
2015-07-13,55.970001220703125,56.720001220703125,55.790000915527344,56.52000045776367,44.822998046875,382300,0.0,0.0,EVR,EVR
2015-07-14,56.709999084472656,57.27000045776367,56.56999969482422,57.130001068115234,45.3067626953125,384500,0.0,0.0,EVR,EVR
2015-07-15,57.18000030517578,57.52999877929688,56.68000030517578,56.77000045776367,45.02125930786133,414400,0.0,0.0,EVR,EVR
2015-07-16,57.45000076293945,57.66999816894531,56.93000030517578,57.2599983215332,45.40985107421875,275000,0.0,0.0,EVR,EVR
2015-07-17,57.27000045776367,57.540000915527344,56.75,57.31999969482422,45.45743942260742,280800,0.0,0.0,EVR,EVR
2015-07-20,57.70000076293945,57.97999954223633,57.08000183105469,57.41999816894531,45.53673553466797,307000,0.0,0.0,EVR,EVR
2015-07-21,57.20000076293945,57.63999938964844,56.459999084472656,57.18999862670898,45.354339599609375,567800,0.0,0.0,EVR,EVR
2015-07-22,57.7599983215332,58.93999862670898,56.5099983215332,58.5,46.39323043823242,1055700,0.0,0.0,EVR,EVR
2015-07-23,58.36000061035156,59.060001373291016,57.709999084472656,57.97999954223633,45.980838775634766,654500,0.0,0.0,EVR,EVR
2015-07-24,58.16999816894531,58.93000030517578,57.43000030517578,57.47999954223633,45.584320068359375,460400,0.0,0.0,EVR,EVR
2015-07-27,56.709999084472656,57.650001525878906,56.59999847412109,57.060001373291016,45.251243591308594,452800,0.0,0.0,EVR,EVR
2015-07-28,57.58000183105469,57.790000915527344,56.93999862670898,57.400001525878906,45.52088165283203,413800,0.0,0.0,EVR,EVR
2015-07-29,57.70000076293945,58.79999923706055,57.52000045776367,58.540000915527344,46.424949645996094,583600,0.0,0.0,EVR,EVR
2015-07-30,58.5,59.400001525878906,58.16999816894531,59.150001525878906,46.90872573852539,541300,0.0,0.0,EVR,EVR
2015-07-31,59.209999084472656,59.38999938964844,58.650001525878906,58.79999923706055,46.63114547729492,363200,0.0,0.0,EVR,EVR
2015-08-03,58.88999938964844,58.9900016784668,57.95000076293945,58.52000045776367,46.40909194946289,274400,0.0,0.0,EVR,EVR
2015-08-04,58.75,59.290000915527344,58.36000061035156,58.70000076293945,46.55184555053711,379500,0.0,0.0,EVR,EVR
2015-08-05,59.13999938964844,59.18000030517578,58.2599983215332,58.34000015258789,46.26634216308594,341300,0.0,0.0,EVR,EVR
2015-08-06,58.34999847412109,58.709999084472656,56.75,57.7599983215332,45.80636596679688,614800,0.0,0.0,EVR,EVR
2015-08-07,57.34999847412109,57.900001525878906,56.970001220703125,57.56999969482422,45.65568923950195,388500,0.0,0.0,EVR,EVR
2015-08-10,58.09000015258789,58.5099983215332,57.7400016784668,57.97999954223633,45.980838775634766,239200,0.0,0.0,EVR,EVR
2015-08-11,57.5,57.5,56.560001373291016,57.11000061035156,45.2908935546875,222700,0.0,0.0,EVR,EVR
2015-08-12,56.56999969482422,56.84999847412109,55.88999938964844,56.810001373291016,45.052978515625,428500,0.0,0.0,EVR,EVR
2015-08-13,56.93999862670898,57.33000183105469,56.84000015258789,57.130001068115234,45.3067626953125,228600,0.0,0.0,EVR,EVR
2015-08-14,56.970001220703125,57.400001525878906,56.52999877929688,57.380001068115234,45.50502395629883,230500,0.0,0.0,EVR,EVR
2015-08-17,56.97999954223633,57.68999862670898,56.810001373291016,57.68999862670898,45.750858306884766,212500,0.0,0.0,EVR,EVR
2015-08-18,57.95000076293945,58.11000061035156,57.36000061035156,57.5,45.60019302368164,157500,0.0,0.0,EVR,EVR
2015-08-19,57.18000030517578,57.5,56.470001220703125,56.70000076293945,44.96574020385742,309300,0.0,0.0,EVR,EVR
2015-08-20,56.060001373291016,56.220001220703125,55.380001068115234,55.40999984741211,43.94271469116211,268600,0.0,0.0,EVR,EVR
2015-08-21,54.27999877929688,55.09999847412109,53.59000015258789,53.709999084472656,42.59453201293945,364800,0.0,0.0,EVR,EVR
2015-08-24,49.380001068115234,52.45000076293945,46.08000183105469,51.369998931884766,40.73880386352539,537300,0.0,0.0,EVR,EVR
2015-08-25,53.06999969482422,53.290000915527344,51.29999923706055,51.369998931884766,40.73880386352539,746200,0.0,0.0,EVR,EVR
2015-08-26,52.34999847412109,52.36000061035156,50.59999847412109,52.060001373291016,41.51227569580078,528800,0.28,0.0,EVR,EVR
2015-08-27,52.45000076293945,52.86000061035156,51.619998931884766,52.380001068115234,41.7674446105957,566400,0.0,0.0,EVR,EVR
2015-08-28,52.11000061035156,53.02999877929688,51.75,52.810001373291016,42.11032485961914,322900,0.0,0.0,EVR,EVR
2015-08-31,52.4900016784668,53.02000045776367,52.11000061035156,52.380001068115234,41.7674446105957,300300,0.0,0.0,EVR,EVR
2015-09-01,51.27000045776367,51.52999877929688,50.59999847412109,50.86000061035156,40.5554084777832,328100,0.0,0.0,EVR,EVR
2015-09-02,51.65999984741211,51.959999084472656,50.63999938964844,51.18000030517578,40.81057357788086,292200,0.0,0.0,EVR,EVR
2015-09-03,51.08000183105469,52.02000045776367,50.83000183105469,51.41999816894531,41.001953125,398200,0.0,0.0,EVR,EVR
2015-09-04,50.869998931884766,51.36000061035156,50.2400016784668,50.7599983215332,40.47566986083984,280600,0.0,0.0,EVR,EVR
2015-09-08,51.36000061035156,51.9900016784668,50.72999954223633,51.83000183105469,41.32888412475586,414900,0.0,0.0,EVR,EVR
2015-09-09,52.5,53.0099983215332,51.59999847412109,51.709999084472656,41.23318862915039,337600,0.0,0.0,EVR,EVR
2015-09-10,51.7400016784668,52.43000030517578,51.59000015258789,51.900001525878906,41.38470077514648,150900,0.0,0.0,EVR,EVR
2015-09-11,51.70000076293945,52.38999938964844,51.40999984741211,52.09000015258789,41.53620147705078,224900,0.0,0.0,EVR,EVR
2015-09-14,52.02000045776367,52.2400016784668,51.58000183105469,51.90999984741211,41.39266586303711,184600,0.0,0.0,EVR,EVR
2015-09-15,52.209999084472656,52.869998931884766,51.41999816894531,52.7400016784668,42.05450820922852,168900,0.0,0.0,EVR,EVR
2015-09-16,52.56999969482422,53.06999969482422,52.41999816894531,53.02999877929688,42.2857551574707,192300,0.0,0.0,EVR,EVR
2015-09-17,53.04999923706055,54.43999862670898,52.630001068115234,52.77000045776367,42.07843780517578,295200,0.0,0.0,EVR,EVR
2015-09-18,51.9900016784668,52.75,51.02000045776367,51.20000076293945,40.82651519775391,616200,0.0,0.0,EVR,EVR
2015-09-21,51.84999847412109,52.97999954223633,51.13999938964844,52.95000076293945,42.22196578979492,291700,0.0,0.0,EVR,EVR
2015-09-22,52.310001373291016,53.25,51.70000076293945,53.0,42.26183319091797,429900,0.0,0.0,EVR,EVR
2015-09-23,53.29999923706055,53.93999862670898,53.0099983215332,53.540000915527344,42.69243240356445,500500,0.0,0.0,EVR,EVR
2015-09-24,53.11000061035156,53.470001220703125,52.650001525878906,53.310001373291016,42.5090217590332,366200,0.0,0.0,EVR,EVR
2015-09-25,53.95000076293945,54.02999877929688,52.9900016784668,53.41999816894531,42.59673309326172,192200,0.0,0.0,EVR,EVR
2015-09-28,53.0099983215332,53.0099983215332,50.56999969482422,50.75,40.46768951416016,492200,0.0,0.0,EVR,EVR
2015-09-29,50.720001220703125,50.720001220703125,48.61000061035156,49.06999969482422,39.128074645996094,426800,0.0,0.0,EVR,EVR
2015-09-30,49.720001220703125,50.5099983215332,49.13999938964844,50.2400016784668,40.0610237121582,317400,0.0,0.0,EVR,EVR
2015-10-01,50.130001068115234,50.459999084472656,49.18000030517578,49.81999969482422,39.726112365722656,383300,0.0,0.0,EVR,EVR
2015-10-02,49.02999877929688,49.59999847412109,47.90999984741211,49.5,39.470947265625,332800,0.0,0.0,EVR,EVR
2015-10-05,50.119998931884766,50.88999938964844,49.7400016784668,50.720001220703125,40.44375991821289,414500,0.0,0.0,EVR,EVR
2015-10-06,50.25,50.84999847412109,49.220001220703125,49.97999954223633,39.85370635986328,380500,0.0,0.0,EVR,EVR
2015-10-07,50.09999847412109,51.31999969482422,49.90999984741211,51.2400016784668,40.85843276977539,465900,0.0,0.0,EVR,EVR
2015-10-08,50.56999969482422,51.459999084472656,49.84999847412109,51.310001373291016,40.91424179077149,280900,0.0,0.0,EVR,EVR
2015-10-09,51.650001525878906,52.18999862670898,51.150001525878906,51.459999084472656,41.03384017944336,212600,0.0,0.0,EVR,EVR
2015-10-12,51.43000030517578,51.86000061035156,51.02999877929688,51.33000183105469,40.93017959594727,157600,0.0,0.0,EVR,EVR
2015-10-13,50.709999084472656,51.709999084472656,50.2400016784668,50.290000915527344,40.10089874267578,250400,0.0,0.0,EVR,EVR
2015-10-14,50.369998931884766,50.75,49.459999084472656,50.4900016784668,40.260379791259766,418800,0.0,0.0,EVR,EVR
2015-10-15,50.5099983215332,51.63999938964844,50.0,51.619998931884766,41.161434173583984,404600,0.0,0.0,EVR,EVR
2015-10-16,51.84000015258789,52.04999923706055,51.459999084472656,51.869998931884766,41.36077117919922,244200,0.0,0.0,EVR,EVR
2015-10-19,51.650001525878906,52.08000183105469,51.5,51.84000015258789,41.33685302734375,231300,0.0,0.0,EVR,EVR
2015-10-20,51.84999847412109,52.27000045776367,51.70000076293945,52.18000030517578,41.60797119140625,165100,0.0,0.0,EVR,EVR
2015-10-21,52.5,52.95000076293945,51.5,51.5099983215332,41.07371139526367,233900,0.0,0.0,EVR,EVR
2015-10-22,51.84999847412109,52.970001220703125,51.84999847412109,52.66999816894531,41.99868774414063,255400,0.0,0.0,EVR,EVR
2015-10-23,53.27999877929688,53.38999938964844,52.47999954223633,53.369998931884766,42.556861877441406,178200,0.0,0.0,EVR,EVR
2015-10-26,53.13999938964844,55.97999954223633,53.13999938964844,53.900001525878906,42.9794921875,646700,0.0,0.0,EVR,EVR
2015-10-27,53.31999969482422,53.45000076293945,52.060001373291016,52.7400016784668,42.05450820922852,606700,0.0,0.0,EVR,EVR
2015-10-28,52.4900016784668,53.65999984741211,52.130001068115234,53.61000061035156,42.74824142456055,575900,0.0,0.0,EVR,EVR
2015-10-29,53.22999954223633,54.43000030517578,53.22999954223633,54.060001373291016,43.1070671081543,193700,0.0,0.0,EVR,EVR
2015-10-30,54.119998931884766,54.88999938964844,53.83000183105469,54.0,43.059226989746094,237700,0.0,0.0,EVR,EVR
2015-11-02,53.4900016784668,56.65999984741211,52.29999923706055,56.59000015258789,45.12447738647461,701700,0.0,0.0,EVR,EVR
2015-11-03,56.810001373291016,57.29999923706055,55.880001068115234,56.95000076293945,45.41153335571289,611900,0.0,0.0,EVR,EVR
2015-11-04,56.880001068115234,57.58000183105469,55.970001220703125,56.20000076293945,44.81348419189453,690100,0.0,0.0,EVR,EVR
2015-11-05,58.25,58.5,56.5,58.5,46.647491455078125,3022100,0.0,0.0,EVR,EVR
2015-11-06,58.47999954223633,60.630001068115234,58.310001373291016,59.040000915527344,47.07808303833008,1104800,0.0,0.0,EVR,EVR
2015-11-09,58.38999938964844,59.04999923706055,56.540000915527344,56.95000076293945,45.41153335571289,808200,0.0,0.0,EVR,EVR
2015-11-10,56.15999984741211,57.08000183105469,55.75,55.970001220703125,44.63007736206055,616000,0.0,0.0,EVR,EVR
2015-11-11,56.16999816894531,56.5,55.650001525878906,55.84000015258789,44.52642440795898,260200,0.0,0.0,EVR,EVR
2015-11-12,55.31999969482422,55.9900016784668,54.68999862670898,55.08000183105469,43.9203987121582,328500,0.0,0.0,EVR,EVR
2015-11-13,54.70000076293945,55.52999877929688,54.54999923706055,54.77999877929688,43.68119812011719,439900,0.0,0.0,EVR,EVR
2015-11-16,54.650001525878906,55.06999969482422,53.630001068115234,54.86000061035156,43.7449836730957,427800,0.0,0.0,EVR,EVR
2015-11-17,55.0,55.290000915527344,54.290000915527344,54.380001068115234,43.36223220825195,347500,0.0,0.0,EVR,EVR
2015-11-18,54.83000183105469,55.84000015258789,54.459999084472656,55.790000915527344,44.48655319213867,368200,0.0,0.0,EVR,EVR
2015-11-19,55.7400016784668,55.970001220703125,54.88999938964844,55.11000061035156,43.94432067871094,161900,0.0,0.0,EVR,EVR
2015-11-20,55.5,55.72999954223633,54.90999984741211,55.060001373291016,43.90445327758789,334700,0.0,0.0,EVR,EVR
2015-11-23,55.02000045776367,55.59999847412109,54.61000061035156,54.75,43.65726852416992,170200,0.0,0.0,EVR,EVR
2015-11-24,54.0099983215332,55.02000045776367,53.83000183105469,54.97999954223633,44.09031295776367,248600,0.31,0.0,EVR,EVR
2015-11-25,55.18000030517578,55.70000076293945,54.970001220703125,55.58000183105469,44.571475982666016,131500,0.0,0.0,EVR,EVR
2015-11-27,55.400001525878906,55.869998931884766,55.09999847412109,55.790000915527344,44.739871978759766,74600,0.0,0.0,EVR,EVR
2015-11-30,55.77000045776367,55.90999984741211,55.34000015258789,55.52999877929688,44.53136444091797,219300,0.0,0.0,EVR,EVR
2015-12-01,55.709999084472656,56.20000076293945,55.25,56.130001068115234,45.01253509521485,197200,0.0,0.0,EVR,EVR
2015-12-02,56.220001220703125,56.38999938964844,55.0099983215332,55.18000030517578,44.25069427490234,202500,0.0,0.0,EVR,EVR
2015-12-03,55.59999847412109,55.709999084472656,54.29999923706055,54.45000076293945,43.66529083251953,169900,0.0,0.0,EVR,EVR
2015-12-04,54.47999954223633,55.88999938964844,54.310001373291016,55.88999938964844,44.82007598876953,239100,0.0,0.0,EVR,EVR
2015-12-07,55.79999923706055,56.0099983215332,55.290000915527344,55.88999938964844,44.82007598876953,364100,0.0,0.0,EVR,EVR
2015-12-08,55.29999923706055,56.18000030517578,54.93000030517578,55.369998931884766,44.4030647277832,298300,0.0,0.0,EVR,EVR
2015-12-09,55.02000045776367,56.65999984741211,54.68000030517578,54.93000030517578,44.05021667480469,311700,0.0,0.0,EVR,EVR
2015-12-10,54.93000030517578,56.06999969482422,54.90999984741211,55.36000061035156,44.39504623413086,246800,0.0,0.0,EVR,EVR
2015-12-11,54.86000061035156,55.630001068115234,53.16999816894531,53.52999877929688,42.9275016784668,445800,0.0,0.0,EVR,EVR
2015-12-14,53.68999862670898,54.119998931884766,52.52000045776367,52.869998931884766,42.39823532104492,319200,0.0,0.0,EVR,EVR
2015-12-15,53.900001525878906,54.90999984741211,53.470001220703125,54.18999862670898,43.45677185058594,432100,0.0,0.0,EVR,EVR
2015-12-16,54.77999877929688,56.06999969482422,53.93999862670898,55.84000015258789,44.77997970581055,318800,0.0,0.0,EVR,EVR
2015-12-17,55.90999984741211,55.93000030517578,53.630001068115234,54.04999923706055,43.34451675415039,319600,0.0,0.0,EVR,EVR
2015-12-18,53.09999847412109,53.70000076293945,52.31999969482422,52.369998931884766,41.99726104736328,810100,0.0,0.0,EVR,EVR
2015-12-21,52.84999847412109,53.2599983215332,52.40999984741211,52.68000030517578,42.24585723876953,200100,0.0,0.0,EVR,EVR
2015-12-22,53.0,53.66999816894531,52.40999984741211,53.61000061035156,42.991661071777344,119600,0.0,0.0,EVR,EVR
2015-12-23,53.9900016784668,54.02999877929688,53.43999862670898,54.0,43.30440902709961,105600,0.0,0.0,EVR,EVR
2015-12-24,54.0,54.65999984741211,54.0,54.220001220703125,43.48084259033203,54600,0.0,0.0,EVR,EVR
2015-12-28,53.900001525878906,54.72999954223633,53.540000915527344,54.47999954223633,43.68933868408203,144300,0.0,0.0,EVR,EVR
2015-12-29,54.869998931884766,56.0099983215332,54.4900016784668,54.91999816894531,44.04218673706055,195700,0.0,0.0,EVR,EVR
2015-12-30,54.7400016784668,55.18999862670898,54.459999084472656,54.59999847412109,43.78557968139648,132400,0.0,0.0,EVR,EVR
2015-12-31,54.18000030517578,54.869998931884766,53.869998931884766,54.06999969482422,43.36054611206055,163900,0.0,0.0,EVR,EVR
2016-01-04,52.31999969482422,53.150001525878906,52.0,52.880001068115234,42.406246185302734,487400,0.0,0.0,EVR,EVR
2016-01-05,53.02000045776367,53.18999862670898,52.41999816894531,52.59000015258789,42.17369079589844,290700,0.0,0.0,EVR,EVR
2016-01-06,51.880001068115234,52.619998931884766,50.70000076293945,51.16999816894531,41.034934997558594,294300,0.0,0.0,EVR,EVR
2016-01-07,50.290000915527344,50.540000915527344,49.06999969482422,49.27999877929688,39.519287109375,426600,0.0,0.0,EVR,EVR
2016-01-08,49.2400016784668,49.86000061035156,48.2599983215332,48.29999923706055,38.7333984375,452200,0.0,0.0,EVR,EVR
2016-01-11,48.27999877929688,48.7400016784668,46.91999816894531,47.5099983215332,38.09986877441406,640900,0.0,0.0,EVR,EVR
2016-01-12,48.72999954223633,49.40999984741211,47.95000076293945,49.040000915527344,39.32681655883789,636900,0.0,0.0,EVR,EVR
2016-01-13,49.040000915527344,49.790000915527344,46.43999862670898,46.619998931884766,37.38614273071289,722700,0.0,0.0,EVR,EVR
2016-01-14,47.040000915527344,47.34000015258789,45.119998931884766,46.459999084472656,37.257843017578125,613800,0.0,0.0,EVR,EVR
2016-01-15,44.81999969482422,45.34999847412109,43.93999862670898,44.68999862670898,35.838401794433594,694000,0.0,0.0,EVR,EVR
2016-01-19,45.66999816894531,46.54999923706055,43.84000015258789,44.290000915527344,35.51763916015625,359100,0.0,0.0,EVR,EVR
2016-01-20,43.400001525878906,43.5,41.56999969482422,42.66999816894531,34.2184944152832,1091900,0.0,0.0,EVR,EVR
2016-01-21,42.91999816894531,43.81999969482422,42.5,42.54999923706055,34.12227249145508,444400,0.0,0.0,EVR,EVR
2016-01-22,43.58000183105469,44.810001373291016,43.459999084472656,44.58000183105469,35.750205993652344,454400,0.0,0.0,EVR,EVR
2016-01-25,44.15999984741211,44.22999954223633,42.70000076293945,42.75,34.28266525268555,344900,0.0,0.0,EVR,EVR
2016-01-26,43.06999969482422,44.02000045776367,42.900001525878906,43.77999877929688,35.1086540222168,505500,0.0,0.0,EVR,EVR
2016-01-27,43.7599983215332,44.61000061035156,43.47999954223633,43.83000183105469,35.14875411987305,452000,0.0,0.0,EVR,EVR
2016-01-28,44.7599983215332,44.7599983215332,43.5,43.7599983215332,35.092613220214844,318200,0.0,0.0,EVR,EVR
2016-01-29,44.13999938964844,45.25,43.88999938964844,45.16999816894531,36.22333908081055,499200,0.0,0.0,EVR,EVR
2016-02-01,44.77000045776367,45.20000076293945,44.13999938964844,44.970001220703125,36.06296157836914,308700,0.0,0.0,EVR,EVR
2016-02-02,44.18000030517578,44.18000030517578,42.61000061035156,43.18000030517578,34.627498626708984,406000,0.0,0.0,EVR,EVR
2016-02-03,45.790000915527344,46.09000015258789,43.56999969482422,45.04999923706055,36.12710952758789,880300,0.0,0.0,EVR,EVR
2016-02-04,44.36000061035156,46.81999969482422,44.27000045776367,46.41999816894531,37.22576904296875,764900,0.0,0.0,EVR,EVR
2016-02-05,46.38999938964844,47.119998931884766,45.84000015258789,46.02999877929688,36.91300201416016,577100,0.0,0.0,EVR,EVR
2016-02-08,44.81999969482422,45.34999847412109,43.9900016784668,44.93999862670898,36.03888702392578,727000,0.0,0.0,EVR,EVR
2016-02-09,43.41999816894531,45.86000061035156,43.0,45.34999847412109,36.36768341064453,478700,0.0,0.0,EVR,EVR
2016-02-10,46.04999923706055,47.13999938964844,45.63999938964844,45.66999816894531,36.62429428100586,590700,0.0,0.0,EVR,EVR
2016-02-11,44.25,45.380001068115234,43.97999954223633,44.81999969482422,35.94267654418945,395200,0.0,0.0,EVR,EVR
2016-02-12,45.59000015258789,46.2400016784668,44.7599983215332,45.650001525878906,36.608280181884766,400100,0.0,0.0,EVR,EVR
2016-02-16,46.43999862670898,47.09999847412109,45.709999084472656,46.88999938964844,37.60265350341797,422500,0.0,0.0,EVR,EVR
2016-02-17,47.04999923706055,47.97999954223633,46.91999816894531,47.40999984741211,38.01967239379883,472400,0.0,0.0,EVR,EVR
2016-02-18,47.45000076293945,47.63999938964844,46.43999862670898,46.709999084472656,37.45832061767578,248400,0.0,0.0,EVR,EVR
2016-02-19,46.29999923706055,46.66999816894531,45.63999938964844,46.54999923706055,37.33000946044922,346600,0.0,0.0,EVR,EVR
2016-02-22,47.41999816894531,47.7400016784668,45.959999084472656,46.41999816894531,37.22576904296875,320600,0.0,0.0,EVR,EVR
2016-02-23,46.310001373291016,46.41999816894531,45.04999923706055,45.09999847412109,36.16719818115234,325500,0.0,0.0,EVR,EVR
2016-02-24,44.18999862670898,45.25,43.27999877929688,45.040000915527344,36.36907958984375,435000,0.31,0.0,EVR,EVR
2016-02-25,44.540000915527344,46.52999877929688,44.2599983215332,46.36000061035156,37.43495178222656,574700,0.0,0.0,EVR,EVR
2016-02-26,47.0099983215332,47.34000015258789,46.70000076293945,46.79999923706055,37.790260314941406,609300,0.0,0.0,EVR,EVR
2016-02-29,46.45000076293945,47.25,46.16999816894531,46.66999816894531,37.68527603149414,414700,0.0,0.0,EVR,EVR
2016-03-01,47.34000015258789,48.959999084472656,47.060001373291016,48.959999084472656,39.534427642822266,386500,0.0,0.0,EVR,EVR
2016-03-02,48.720001220703125,49.369998931884766,48.63999938964844,49.34999847412109,39.84933853149414,353700,0.0,0.0,EVR,EVR
2016-03-03,49.310001373291016,50.36000061035156,49.04999923706055,50.34000015258789,40.64875793457031,228700,0.0,0.0,EVR,EVR
2016-03-04,50.470001220703125,50.91999816894531,49.88999938964844,50.209999084472656,40.54377365112305,311300,0.0,0.0,EVR,EVR
2016-03-07,49.88999938964844,50.790000915527344,49.619998931884766,50.75,40.97980499267578,257000,0.0,0.0,EVR,EVR
2016-03-08,49.93999862670898,51.41999816894531,49.630001068115234,49.630001068115234,40.075439453125,424200,0.0,0.0,EVR,EVR
2016-03-09,49.970001220703125,50.22999954223633,49.38999938964844,49.880001068115234,40.27729797363281,420300,0.0,0.0,EVR,EVR
2016-03-10,50.290000915527344,50.34000015258789,49.09000015258789,49.84999847412109,40.25308227539063,382100,0.0,0.0,EVR,EVR
2016-03-11,50.540000915527344,51.47999954223633,50.13999938964844,51.459999084472656,41.55312728881836,244500,0.0,0.0,EVR,EVR
2016-03-14,51.18999862670898,51.27000045776367,50.369998931884766,50.7599983215332,40.987884521484375,161900,0.0,0.0,EVR,EVR
2016-03-15,49.93999862670898,49.97999954223633,48.400001525878906,49.709999084472656,40.1400260925293,440200,0.0,0.0,EVR,EVR
2016-03-16,48.97999954223633,50.08000183105469,48.790000915527344,49.470001220703125,39.94622421264648,284000,0.0,0.0,EVR,EVR
2016-03-17,49.43999862670898,51.18000030517578,48.900001525878906,51.0099983215332,41.18975067138672,280400,0.0,0.0,EVR,EVR
2016-03-18,51.29999923706055,52.18000030517578,51.150001525878906,52.0,41.98917388916016,475500,0.0,0.0,EVR,EVR
2016-03-21,52.08000183105469,53.09000015258789,51.7599983215332,52.369998931884766,42.287933349609375,261600,0.0,0.0,EVR,EVR
2016-03-22,51.7400016784668,52.45000076293945,51.13999938964844,52.08000183105469,42.05376815795898,192500,0.0,0.0,EVR,EVR
2016-03-23,52.06999969482422,52.29999923706055,51.06999969482422,51.08000183105469,41.24628448486328,189300,0.0,0.0,EVR,EVR
2016-03-24,50.68000030517578,50.810001373291016,49.63999938964844,50.75,40.97980499267578,201800,0.0,0.0,EVR,EVR
2016-03-28,50.75,51.29999923706055,50.2400016784668,51.08000183105469,41.24628448486328,153200,0.0,0.0,EVR,EVR
2016-03-29,50.77000045776367,52.02999877929688,50.130001068115234,52.0,41.98917388916016,226600,0.0,0.0,EVR,EVR
2016-03-30,52.380001068115234,53.0099983215332,51.650001525878906,52.38999938964844,42.3040771484375,318100,0.0,0.0,EVR,EVR
2016-03-31,52.25,52.72999954223633,51.63999938964844,51.75,41.78728866577149,233700,0.0,0.0,EVR,EVR
2016-04-01,51.25,52.34999847412109,50.59999847412109,52.22999954223633,42.17489242553711,199500,0.0,0.0,EVR,EVR
2016-04-04,52.27999877929688,52.380001068115234,51.31999969482422,51.34000015258789,41.45622634887695,145200,0.0,0.0,EVR,EVR
2016-04-05,50.720001220703125,50.720001220703125,48.40999984741211,48.709999084472656,39.3325424194336,513700,0.0,0.0,EVR,EVR
2016-04-06,48.36000061035156,50.310001373291016,48.36000061035156,49.43000030517578,39.9139289855957,342900,0.0,0.0,EVR,EVR
2016-04-07,48.720001220703125,49.0,46.58000183105469,46.83000183105469,37.81447219848633,441700,0.0,0.0,EVR,EVR
2016-04-08,47.220001220703125,47.5099983215332,46.13999938964844,46.400001525878906,37.467247009277344,509500,0.0,0.0,EVR,EVR
2016-04-11,46.619998931884766,47.41999816894531,46.310001373291016,47.20000076293945,38.113243103027344,638600,0.0,0.0,EVR,EVR
2016-04-12,47.41999816894531,48.59999847412109,47.18000030517578,48.34000015258789,39.03378677368164,410600,0.0,0.0,EVR,EVR
2016-04-13,48.97999954223633,50.61000061035156,48.47999954223633,50.5099983215332,40.78600311279297,326000,0.0,0.0,EVR,EVR
2016-04-14,50.29999923706055,51.209999084472656,50.11000061035156,50.790000915527344,41.01211929321289,248300,0.0,0.0,EVR,EVR
2016-04-15,50.81999969482422,51.06999969482422,50.13999938964844,50.33000183105469,40.64067077636719,167800,0.0,0.0,EVR,EVR
2016-04-18,50.119998931884766,50.900001525878906,49.709999084472656,50.720001220703125,40.95558547973633,204300,0.0,0.0,EVR,EVR
2016-04-19,50.75,51.29999923706055,50.27000045776367,50.869998931884766,41.07670593261719,227800,0.0,0.0,EVR,EVR
2016-04-20,51.02000045776367,51.75,50.150001525878906,50.93999862670898,41.13323593139648,341300,0.0,0.0,EVR,EVR
2016-04-21,50.709999084472656,51.45000076293945,50.310001373291016,51.290000915527344,41.415863037109375,368200,0.0,0.0,EVR,EVR
2016-04-22,51.40999984741211,52.459999084472656,51.02999877929688,52.369998931884766,42.287933349609375,372500,0.0,0.0,EVR,EVR
2016-04-25,51.869998931884766,52.40999984741211,51.310001373291016,51.880001068115234,41.89228057861328,228400,0.0,0.0,EVR,EVR
2016-04-26,51.86000061035156,52.459999084472656,51.47999954223633,52.11000061035156,42.07797622680664,281000,0.0,0.0,EVR,EVR
2016-04-27,51.81999969482422,52.470001220703125,50.040000915527344,51.18999862670898,41.33510208129883,584700,0.0,0.0,EVR,EVR
2016-04-28,50.11000061035156,51.9900016784668,50.11000061035156,50.75,40.97980499267578,692100,0.0,0.0,EVR,EVR
2016-04-29,50.81999969482422,52.25,50.5099983215332,51.63999938964844,41.69847106933594,725000,0.0,0.0,EVR,EVR
2016-05-02,51.68999862670898,52.459999084472656,51.290000915527344,51.959999084472656,41.95686340332031,350900,0.0,0.0,EVR,EVR
2016-05-03,51.209999084472656,51.29999923706055,49.86000061035156,50.09999847412109,40.4549446105957,570900,0.0,0.0,EVR,EVR
2016-05-04,49.709999084472656,50.470001220703125,49.33000183105469,50.09999847412109,40.4549446105957,402800,0.0,0.0,EVR,EVR
2016-05-05,50.20000076293945,50.310001373291016,49.34000015258789,49.720001220703125,40.14810180664063,343700,0.0,0.0,EVR,EVR
2016-05-06,49.5099983215332,50.2599983215332,49.25,50.119998931884766,40.47109603881836,475700,0.0,0.0,EVR,EVR
2016-05-09,49.970001220703125,50.43000030517578,49.77999877929688,49.869998931884766,40.26922607421875,281200,0.0,0.0,EVR,EVR
2016-05-10,50.34000015258789,50.91999816894531,50.16999816894531,50.40999984741211,40.705265045166016,396600,0.0,0.0,EVR,EVR
2016-05-11,50.13999938964844,50.41999816894531,49.290000915527344,49.31999969482422,39.82511520385742,377100,0.0,0.0,EVR,EVR
2016-05-12,49.869998931884766,50.18000030517578,48.79999923706055,49.4900016784668,39.962379455566406,386400,0.0,0.0,EVR,EVR
2016-05-13,49.400001525878906,49.93999862670898,48.40999984741211,48.790000915527344,39.39714050292969,333000,0.0,0.0,EVR,EVR
2016-05-16,48.77000045776367,49.25,48.34000015258789,48.400001525878906,39.082218170166016,267200,0.0,0.0,EVR,EVR
2016-05-17,48.0,48.86000061035156,47.77000045776367,48.52000045776367,39.17911911010742,373700,0.0,0.0,EVR,EVR
2016-05-18,48.45000076293945,50.380001068115234,48.45000076293945,49.9900016784668,40.366119384765625,369300,0.0,0.0,EVR,EVR
2016-05-19,49.540000915527344,50.220001220703125,48.869998931884766,49.40999984741211,39.89777755737305,288100,0.0,0.0,EVR,EVR
2016-05-20,49.709999084472656,50.40999984741211,49.34000015258789,50.119998931884766,40.47109603881836,210300,0.0,0.0,EVR,EVR
2016-05-23,50.0,50.63999938964844,49.81999969482422,50.18000030517578,40.5195426940918,301300,0.0,0.0,EVR,EVR
2016-05-24,50.59999847412109,51.52000045776367,50.54999923706055,51.25,41.383548736572266,234900,0.0,0.0,EVR,EVR
2016-05-25,50.93999862670898,51.709999084472656,50.79999923706055,51.52000045776367,41.854740142822266,249600,0.31,0.0,EVR,EVR
2016-05-26,51.459999084472656,51.4900016784668,50.86000061035156,51.380001068115234,41.74100112915039,304700,0.0,0.0,EVR,EVR
2016-05-27,51.31999969482422,51.84000015258789,51.040000915527344,51.59999847412109,41.919734954833984,227400,0.0,0.0,EVR,EVR
2016-05-31,51.86000061035156,52.18000030517578,51.58000183105469,52.0,42.24469375610352,288300,0.0,0.0,EVR,EVR
2016-06-01,51.61000061035156,52.290000915527344,51.060001373291016,52.060001373291016,42.293434143066406,202900,0.0,0.0,EVR,EVR
2016-06-02,51.77999877929688,52.08000183105469,51.54999923706055,52.06999969482422,42.30155563354492,148600,0.0,0.0,EVR,EVR
2016-06-03,51.0099983215332,51.52999877929688,50.22999954223633,51.470001220703125,41.81412506103516,243000,0.0,0.0,EVR,EVR
2016-06-06,51.52000045776367,52.4900016784668,51.33000183105469,52.18000030517578,42.39093780517578,180300,0.0,0.0,EVR,EVR
2016-06-07,52.310001373291016,52.470001220703125,51.54999923706055,51.58000183105469,41.90348434448242,193600,0.0,0.0,EVR,EVR
2016-06-08,51.41999816894531,52.08000183105469,51.38999938964844,51.790000915527344,42.07407379150391,132100,0.0,0.0,EVR,EVR
2016-06-09,51.31999969482422,51.380001068115234,50.5099983215332,51.040000915527344,41.46480178833008,173300,0.0,0.0,EVR,EVR
2016-06-10,50.290000915527344,50.650001525878906,49.61000061035156,49.93999862670898,40.5711555480957,171800,0.0,0.0,EVR,EVR
2016-06-13,49.52999877929688,50.38999938964844,49.31999969482422,49.52999877929688,40.238067626953125,213400,0.0,0.0,EVR,EVR
2016-06-14,49.36000061035156,49.59999847412109,48.40999984741211,48.56999969482422,39.45816421508789,325100,0.0,0.0,EVR,EVR
2016-06-15,48.93000030517578,49.68999862670898,48.540000915527344,49.04999923706055,39.848121643066406,307700,0.0,0.0,EVR,EVR
2016-06-16,48.43000030517578,49.470001220703125,47.97999954223633,49.43999862670898,40.16494369506836,231900,0.0,0.0,EVR,EVR
2016-06-17,49.56999969482422,50.290000915527344,49.11000061035156,49.310001373291016,40.0593376159668,238400,0.0,0.0,EVR,EVR
2016-06-20,50.40999984741211,50.9900016784668,49.59999847412109,50.34999847412109,40.90424346923828,244200,0.0,0.0,EVR,EVR
2016-06-21,50.459999084472656,50.79999923706055,49.41999816894531,49.59999847412109,40.29493713378906,258100,0.0,0.0,EVR,EVR
2016-06-22,49.70000076293945,50.97999954223633,49.70000076293945,50.900001525878906,41.3510627746582,318600,0.0,0.0,EVR,EVR
2016-06-23,51.81999969482422,53.040000915527344,51.81999969482422,53.02999877929688,43.08146286010742,349200,0.0,0.0,EVR,EVR
2016-06-24,49.5099983215332,50.290000915527344,45.900001525878906,46.650001525878906,37.89836883544922,1700600,0.0,0.0,EVR,EVR
2016-06-27,46.20000076293945,46.20000076293945,40.34999847412109,40.61000061035156,32.99147415161133,2239400,0.0,0.0,EVR,EVR
2016-06-28,41.90999984741211,42.540000915527344,40.59000015258789,41.11000061035156,33.39768981933594,1466500,0.0,0.0,EVR,EVR
2016-06-29,41.52999877929688,42.43000030517578,40.81999969482422,42.15999984741211,34.250701904296875,1542700,0.0,0.0,EVR,EVR
2016-06-30,42.47999954223633,44.29999923706055,41.75,44.18999862670898,35.89984893798828,1009500,0.0,0.0,EVR,EVR
2016-07-01,43.970001220703125,45.0,43.59000015258789,43.619998931884766,35.43679428100586,503900,0.0,0.0,EVR,EVR
2016-07-05,43.130001068115234,43.68999862670898,42.7400016784668,43.470001220703125,35.314937591552734,504000,0.0,0.0,EVR,EVR
2016-07-06,42.90999984741211,44.11000061035156,42.7599983215332,43.7400016784668,35.534278869628906,476800,0.0,0.0,EVR,EVR
2016-07-07,43.93999862670898,45.34999847412109,43.93999862670898,44.970001220703125,36.53352737426758,429000,0.0,0.0,EVR,EVR
2016-07-08,45.81999969482422,46.45000076293945,45.34999847412109,45.59000015258789,37.0372200012207,381900,0.0,0.0,EVR,EVR
2016-07-11,46.150001525878906,47.52000045776367,45.970001220703125,46.369998931884766,37.67090606689453,398000,0.0,0.0,EVR,EVR
2016-07-12,46.93999862670898,48.43000030517578,46.900001525878906,47.77999877929688,38.816383361816406,606400,0.0,0.0,EVR,EVR
2016-07-13,47.95000076293945,48.290000915527344,47.15999984741211,48.209999084472656,39.16570663452149,329700,0.0,0.0,EVR,EVR
2016-07-14,48.790000915527344,49.72999954223633,48.790000915527344,49.34999847412109,40.09185028076172,348800,0.0,0.0,EVR,EVR
2016-07-15,49.81999969482422,49.9900016784668,49.2599983215332,49.59000015258789,40.286808013916016,302900,0.0,0.0,EVR,EVR
2016-07-18,49.630001068115234,50.04999923706055,49.29999923706055,49.5099983215332,40.22182083129883,283700,0.0,0.0,EVR,EVR
2016-07-19,49.02000045776367,49.380001068115234,48.81999969482422,49.0,39.807498931884766,306800,0.0,0.0,EVR,EVR
2016-07-20,49.75,49.75,48.86000061035156,49.40999984741211,40.14059066772461,410300,0.0,0.0,EVR,EVR
2016-07-21,49.54999923706055,49.650001525878906,49.02000045776367,49.11000061035156,39.89686965942383,252600,0.0,0.0,EVR,EVR
2016-07-22,49.290000915527344,50.130001068115234,49.22999954223633,50.040000915527344,40.65239334106445,464500,0.0,0.0,EVR,EVR
2016-07-25,49.93999862670898,50.22999954223633,49.459999084472656,49.93999862670898,40.5711555480957,437100,0.0,0.0,EVR,EVR
2016-07-26,49.95000076293945,50.84000015258789,49.65999984741211,50.81999969482422,41.28606033325195,394400,0.0,0.0,EVR,EVR
2016-07-27,51.84999847412109,51.9900016784668,49.90999984741211,50.27999877929688,40.84736251831055,535500,0.0,0.0,EVR,EVR
2016-07-28,48.25,51.18000030517578,47.310001373291016,50.93000030517578,41.37542343139648,789900,0.0,0.0,EVR,EVR
2016-07-29,50.86000061035156,50.86000061035156,49.84999847412109,50.66999816894531,41.16419982910156,290000,0.0,0.0,EVR,EVR
2016-08-01,50.34999847412109,50.900001525878906,50.119998931884766,50.31999969482422,40.879859924316406,253000,0.0,0.0,EVR,EVR
2016-08-02,50.31999969482422,50.5,48.75,49.130001068115234,39.91311264038086,383500,0.0,0.0,EVR,EVR
2016-08-03,49.25,51.0099983215332,49.08000183105469,50.540000915527344,41.058589935302734,332900,0.0,0.0,EVR,EVR
2016-08-04,50.7599983215332,50.959999084472656,50.369998931884766,50.52000045776367,41.04235458374024,339800,0.0,0.0,EVR,EVR
2016-08-05,51.2400016784668,51.88999938964844,51.04999923706055,51.47999954223633,41.822242736816406,479800,0.0,0.0,EVR,EVR
2016-08-08,51.52999877929688,51.970001220703125,51.45000076293945,51.59999847412109,41.919734954833984,204700,0.0,0.0,EVR,EVR
2016-08-09,51.4900016784668,52.04999923706055,51.4900016784668,52.040000915527344,42.27719497680664,299400,0.0,0.0,EVR,EVR
2016-08-10,52.02000045776367,52.33000183105469,51.7599983215332,52.130001068115234,42.35031509399414,543900,0.0,0.0,EVR,EVR
2016-08-11,52.18999862670898,52.5099983215332,51.43000030517578,51.59999847412109,41.919734954833984,355700,0.0,0.0,EVR,EVR
2016-08-12,51.02999877929688,51.63999938964844,50.880001068115234,51.400001525878906,41.75725555419922,384400,0.0,0.0,EVR,EVR
2016-08-15,51.380001068115234,52.060001373291016,51.380001068115234,51.9900016784668,42.236572265625,317900,0.0,0.0,EVR,EVR
2016-08-16,51.90999984741211,52.20000076293945,51.540000915527344,51.58000183105469,41.90348434448242,370300,0.0,0.0,EVR,EVR
2016-08-17,51.72999954223633,51.7400016784668,50.79999923706055,50.86000061035156,41.31856155395508,307600,0.0,0.0,EVR,EVR
2016-08-18,50.84999847412109,51.060001373291016,50.720001220703125,51.040000915527344,41.46480178833008,226900,0.0,0.0,EVR,EVR
2016-08-19,50.84000015258789,51.709999084472656,50.630001068115234,51.459999084472656,41.805999755859375,295000,0.0,0.0,EVR,EVR
2016-08-22,51.22999954223633,51.56999969482422,50.68999862670898,51.220001220703125,41.61102294921875,165700,0.0,0.0,EVR,EVR
2016-08-23,51.66999816894531,52.040000915527344,50.91999816894531,51.150001525878906,41.55415344238281,564000,0.0,0.0,EVR,EVR
2016-08-24,50.970001220703125,51.20000076293945,50.630001068115234,51.09000015258789,41.75849533081055,431200,0.31,0.0,EVR,EVR
2016-08-25,50.810001373291016,51.27000045776367,50.810001373291016,51.11000061035156,41.77485656738281,213400,0.0,0.0,EVR,EVR
2016-08-26,51.40999984741211,51.93999862670898,51.09000015258789,51.61000061035156,42.18352508544922,348200,0.0,0.0,EVR,EVR
2016-08-29,51.060001373291016,51.77999877929688,50.93000030517578,51.08000183105469,41.75032806396485,415800,0.0,0.0,EVR,EVR
2016-08-30,51.470001220703125,51.70000076293945,51.0099983215332,51.4900016784668,42.08543014526367,303100,0.0,0.0,EVR,EVR
2016-08-31,51.540000915527344,51.88999938964844,50.5099983215332,51.2400016784668,41.88109588623047,418200,0.0,0.0,EVR,EVR
2016-09-01,51.34999847412109,51.43999862670898,50.15999984741211,50.720001220703125,41.45606994628906,171300,0.0,0.0,EVR,EVR
2016-09-02,50.970001220703125,51.52000045776367,50.52000045776367,51.5099983215332,42.10177612304688,238700,0.0,0.0,EVR,EVR
2016-09-06,51.77000045776367,51.9900016784668,50.709999084472656,50.91999816894531,41.61954498291016,267600,0.0,0.0,EVR,EVR
2016-09-07,50.70000076293945,52.0,50.70000076293945,51.970001220703125,42.47777557373047,229400,0.0,0.0,EVR,EVR
2016-09-08,51.900001525878906,52.54999923706055,51.81999969482422,52.459999084472656,42.878265380859375,325600,0.0,0.0,EVR,EVR
2016-09-09,52.04999923706055,52.38999938964844,51.560001373291016,51.560001373291016,42.14264297485352,408300,0.0,0.0,EVR,EVR
2016-09-12,51.06999969482422,52.20000076293945,50.58000183105469,52.06999969482422,42.55949783325195,301100,0.0,0.0,EVR,EVR
2016-09-13,51.43999862670898,51.88999938964844,50.54999923706055,50.84000015258789,41.55415725708008,172000,0.0,0.0,EVR,EVR
2016-09-14,50.61000061035156,51.220001220703125,50.310001373291016,50.63999938964844,41.39068603515625,186800,0.0,0.0,EVR,EVR
2016-09-15,50.7400016784668,51.970001220703125,50.7400016784668,51.81999969482422,42.35515975952149,181500,0.0,0.0,EVR,EVR
2016-09-16,51.59000015258789,51.59000015258789,50.959999084472656,51.04999923706055,41.72579956054688,495800,0.0,0.0,EVR,EVR
2016-09-19,51.2400016784668,52.0,50.86000061035156,51.040000915527344,41.71763229370117,180300,0.0,0.0,EVR,EVR
2016-09-20,51.5,51.5,51.060001373291016,51.09999847412109,41.76665878295898,340400,0.0,0.0,EVR,EVR
2016-09-21,51.16999816894531,52.5099983215332,51.09000015258789,52.380001068115234,42.81288146972656,590600,0.0,0.0,EVR,EVR
2016-09-22,52.59000015258789,52.959999084472656,52.209999084472656,52.77000045776367,43.13164138793945,257100,0.0,0.0,EVR,EVR
2016-09-23,52.5,52.75,51.88999938964844,52.02999877929688,42.52680206298828,156500,0.0,0.0,EVR,EVR
2016-09-26,51.43000030517578,51.59000015258789,50.130001068115234,50.15999984741211,40.99835205078125,264400,0.0,0.0,EVR,EVR
2016-09-27,49.88999938964844,50.59000015258789,49.470001220703125,50.45000076293945,41.23540115356445,456300,0.0,0.0,EVR,EVR
2016-09-28,50.810001373291016,50.900001525878906,49.91999816894531,50.900001525878906,41.60320663452149,601200,0.0,0.0,EVR,EVR
2016-09-29,50.66999816894531,51.13999938964844,49.83000183105469,50.2400016784668,41.063758850097656,321500,0.0,0.0,EVR,EVR
2016-09-30,50.709999084472656,51.7400016784668,50.52000045776367,51.5099983215332,42.10177612304688,490400,0.0,0.0,EVR,EVR
2016-10-03,50.93999862670898,51.61000061035156,50.58000183105469,50.88999938964844,41.59502410888672,328300,0.0,0.0,EVR,EVR
2016-10-04,51.150001525878906,51.810001373291016,50.91999816894531,51.43000030517578,42.036399841308594,262400,0.0,0.0,EVR,EVR
2016-10-05,51.63999938964844,52.7400016784668,51.459999084472656,52.709999084472656,43.08259582519531,273500,0.0,0.0,EVR,EVR
2016-10-06,52.61000061035156,52.900001525878906,52.119998931884766,52.75,43.11529541015625,140900,0.0,0.0,EVR,EVR
2016-10-07,52.59000015258789,52.970001220703125,52.15999984741211,52.86000061035156,43.20521545410156,246300,0.0,0.0,EVR,EVR
2016-10-10,53.02000045776367,53.59999847412109,52.86000061035156,53.209999084472656,43.49128723144531,165900,0.0,0.0,EVR,EVR
2016-10-11,53.33000183105469,53.560001373291016,51.9900016784668,52.20000076293945,42.66575622558594,235900,0.0,0.0,EVR,EVR
2016-10-12,52.27999877929688,53.06999969482422,52.18000030517578,52.54999923706055,42.95183181762695,216900,0.0,0.0,EVR,EVR
2016-10-13,51.81999969482422,51.83000183105469,50.540000915527344,51.59999847412109,42.17534255981445,272200,0.0,0.0,EVR,EVR
2016-10-14,52.18999862670898,52.56999969482422,51.72999954223633,52.08000183105469,42.56768035888672,214800,0.0,0.0,EVR,EVR
2016-10-17,52.09999847412109,52.09999847412109,51.45000076293945,51.75,42.29795455932617,196100,0.0,0.0,EVR,EVR
2016-10-18,53.04999923706055,53.04999923706055,51.650001525878906,52.0,42.50228118896485,175000,0.0,0.0,EVR,EVR
2016-10-19,52.400001525878906,52.79999923706055,51.900001525878906,52.54999923706055,42.95183181762695,136500,0.0,0.0,EVR,EVR
2016-10-20,52.29999923706055,52.54999923706055,51.70000076293945,51.79999923706055,42.33881378173828,169900,0.0,0.0,EVR,EVR
2016-10-21,51.54999923706055,53.25,51.54999923706055,53.20000076293945,43.48310470581055,208200,0.0,0.0,EVR,EVR
2016-10-24,53.650001525878906,54.400001525878906,53.25,53.900001525878906,44.05525588989258,390900,0.0,0.0,EVR,EVR
2016-10-25,53.84999847412109,54.54999923706055,53.29999923706055,54.400001525878906,44.46393585205078,504000,0.0,0.0,EVR,EVR
2016-10-26,55.650001525878906,57.09999847412109,54.0,54.59999847412109,44.627403259277344,588600,0.0,0.0,EVR,EVR
2016-10-27,55.400001525878906,55.95000076293945,52.84999847412109,53.29999923706055,43.564849853515625,771400,0.0,0.0,EVR,EVR
2016-10-28,54.150001525878906,56.0,54.0,55.400001525878906,45.2812728881836,785000,0.0,0.0,EVR,EVR
2016-10-31,55.79999923706055,56.0,53.59999847412109,53.75,43.93265151977539,455100,0.0,0.0,EVR,EVR
2016-11-01,54.09999847412109,55.0,53.25,54.09999847412109,44.21872329711914,343400,0.0,0.0,EVR,EVR
2016-11-02,53.79999923706055,53.79999923706055,52.650001525878906,53.09999847412109,43.40137100219727,349200,0.0,0.0,EVR,EVR
2016-11-03,53.34999847412109,54.400001525878906,53.29999923706055,54.34999847412109,44.42305374145508,423700,0.0,0.0,EVR,EVR
2016-11-04,54.20000076293945,55.650001525878906,53.5,54.84999847412109,44.83173751831055,480000,0.0,0.0,EVR,EVR
2016-11-07,55.75,56.900001525878906,54.95000076293945,55.95000076293945,45.7308349609375,651100,0.0,0.0,EVR,EVR
2016-11-08,55.75,56.70000076293945,55.34999847412109,56.20000076293945,45.93516159057617,404100,0.0,0.0,EVR,EVR
2016-11-09,56.70000076293945,58.54999923706055,55.95000076293945,58.25,47.61073684692383,636100,0.0,0.0,EVR,EVR
2016-11-10,59.20000076293945,61.11000061035156,58.70000076293945,60.34999847412109,49.3271713256836,832700,0.0,0.0,EVR,EVR
2016-11-11,60.34999847412109,61.650001525878906,60.0,61.45000076293945,50.226261138916016,670100,0.0,0.0,EVR,EVR
2016-11-14,62.0,64.30000305175781,61.54999923706055,63.75,52.10616683959961,1444100,0.0,0.0,EVR,EVR
2016-11-15,63.20000076293945,64.44999694824219,62.45000076293945,64.3499984741211,52.59658432006836,669900,0.0,0.0,EVR,EVR
2016-11-16,63.84999847412109,65.0,63.75,64.5999984741211,52.80089569091797,591000,0.0,0.0,EVR,EVR
2016-11-17,64.5999984741211,66.0,64.1500015258789,65.5,53.53653717041016,486100,0.0,0.0,EVR,EVR
2016-11-18,64.8499984741211,66.05000305175781,64.69999694824219,65.55000305175781,53.57741928100586,340600,0.0,0.0,EVR,EVR
2016-11-21,65.80000305175781,66.5999984741211,64.75,66.25,54.14955139160156,515100,0.0,0.0,EVR,EVR
2016-11-22,66.05000305175781,66.5999984741211,65.75,66.55000305175781,54.67535781860352,467500,0.34,0.0,EVR,EVR
2016-11-23,66.44999694824219,67.19999694824219,65.9000015258789,67.0999984741211,55.1272087097168,579900,0.0,0.0,EVR,EVR
2016-11-25,67.0999984741211,67.30000305175781,66.47000122070312,67.19999694824219,55.209354400634766,139300,0.0,0.0,EVR,EVR
2016-11-28,66.88999938964844,67.19999694824219,65.9000015258789,66.25,54.42888641357422,617600,0.0,0.0,EVR,EVR
2016-11-29,66.19999694824219,66.94999694824219,65.55000305175781,66.75,54.83966064453125,438300,0.0,0.0,EVR,EVR
2016-11-30,67.80000305175781,68.0,66.75,67.4000015258789,55.37368392944336,521100,0.0,0.0,EVR,EVR
2016-12-01,67.80000305175781,70.44999694824219,67.75,70.25,57.71515655517578,834000,0.0,0.0,EVR,EVR
2016-12-02,69.94999694824219,69.94999694824219,68.25,68.5999984741211,56.35955429077149,409200,0.0,0.0,EVR,EVR
2016-12-05,69.0,70.6500015258789,68.75,70.5,57.92054748535156,692600,0.0,0.0,EVR,EVR
2016-12-06,70.94999694824219,71.25,70.05000305175781,71.0999984741211,58.41348648071289,259700,0.0,0.0,EVR,EVR
2016-12-07,71.0,71.0,70.1500015258789,70.69999694824219,58.08485794067383,440900,0.0,0.0,EVR,EVR
2016-12-08,71.0,71.97000122070312,70.3499984741211,71.5,58.74212265014648,326100,0.0,0.0,EVR,EVR
2016-12-09,71.4000015258789,71.4000015258789,69.9000015258789,70.1500015258789,57.63300704956055,384400,0.0,0.0,EVR,EVR
2016-12-12,70.19999694824219,70.80000305175781,69.25,69.30000305175781,56.93465805053711,371400,0.0,0.0,EVR,EVR
2016-12-13,69.5,69.8499984741211,67.8499984741211,69.5,57.098968505859375,372400,0.0,0.0,EVR,EVR
2016-12-14,68.6500015258789,69.94999694824219,68.0999984741211,68.5999984741211,56.35955429077149,422500,0.0,0.0,EVR,EVR
2016-12-15,68.69999694824219,69.4000015258789,67.80000305175781,68.5999984741211,56.35955429077149,612000,0.0,0.0,EVR,EVR
2016-12-16,68.5,68.9000015258789,67.0999984741211,67.69999694824219,55.62016677856445,689600,0.0,0.0,EVR,EVR
2016-12-19,68.0,68.69999694824219,67.55000305175781,68.6500015258789,56.400638580322266,457600,0.0,0.0,EVR,EVR
2016-12-20,69.4000015258789,71.5999984741211,69.4000015258789,71.55000305175781,58.78321075439453,517100,0.0,0.0,EVR,EVR
2016-12-21,71.25,71.44999694824219,70.55000305175781,70.55000305175781,57.96162414550781,228900,0.0,0.0,EVR,EVR
2016-12-22,70.55000305175781,70.75,69.4000015258789,70.30000305175781,57.7562141418457,237400,0.0,0.0,EVR,EVR
2016-12-23,70.19999694824219,70.45999908447266,69.4000015258789,70.19999694824219,57.67406845092773,322300,0.0,0.0,EVR,EVR
2016-12-27,70.19999694824219,71.0,69.75,70.05000305175781,57.55083084106445,135100,0.0,0.0,EVR,EVR
2016-12-28,70.25,70.68000030517578,68.75,68.94999694824219,56.6471061706543,232500,0.0,0.0,EVR,EVR
2016-12-29,69.0,69.69999694824219,68.55000305175781,68.8499984741211,56.5649528503418,209700,0.0,0.0,EVR,EVR
2016-12-30,68.94999694824219,69.05000305175781,68.30000305175781,68.69999694824219,56.44172668457031,132300,0.0,0.0,EVR,EVR
2017-01-03,69.94999694824219,70.25,68.55000305175781,69.6500015258789,57.22222137451172,316700,0.0,0.0,EVR,EVR
2017-01-04,69.94999694824219,71.44999694824219,69.5999984741211,71.19999694824219,58.4956283569336,292800,0.0,0.0,EVR,EVR
2017-01-05,71.0999984741211,71.6500015258789,70.02999877929688,71.4000015258789,58.65994644165039,384300,0.0,0.0,EVR,EVR
2017-01-06,71.69999694824219,72.6500015258789,71.0999984741211,72.0,59.15287780761719,303100,0.0,0.0,EVR,EVR
2017-01-09,71.75,72.25,70.80000305175781,71.9000015258789,59.07073211669922,616600,0.0,0.0,EVR,EVR
2017-01-10,71.55000305175781,72.8499984741211,71.44999694824219,72.5,59.56369018554688,343500,0.0,0.0,EVR,EVR
2017-01-11,72.3499984741211,72.8499984741211,71.44999694824219,72.5999984741211,59.64583587646485,328300,0.0,0.0,EVR,EVR
2017-01-12,72.30000305175781,72.6500015258789,71.3499984741211,72.44999694824219,59.52260208129883,400800,0.0,0.0,EVR,EVR
2017-01-13,72.94999694824219,74.0999984741211,72.80000305175781,73.44999694824219,60.34416961669922,361200,0.0,0.0,EVR,EVR
2017-01-17,73.05000305175781,73.55999755859375,71.9000015258789,72.44999694824219,59.52260208129883,342800,0.0,0.0,EVR,EVR
2017-01-18,72.55000305175781,73.0999984741211,71.5,73.05000305175781,60.01554489135742,324100,0.0,0.0,EVR,EVR
2017-01-19,73.0,73.3499984741211,72.05000305175781,72.25,59.35830307006836,452900,0.0,0.0,EVR,EVR
2017-01-20,72.4000015258789,72.94999694824219,72.19999694824219,72.9000015258789,59.89229202270508,291500,0.0,0.0,EVR,EVR
2017-01-23,72.44999694824219,74.05000305175781,72.44999694824219,74.05000305175781,60.83711624145508,344300,0.0,0.0,EVR,EVR
2017-01-24,74.4000015258789,75.72000122070312,74.0999984741211,75.30000305175781,61.864070892333984,318900,0.0,0.0,EVR,EVR
2017-01-25,76.0,76.80000305175781,75.44999694824219,76.55000305175781,62.89102554321289,376600,0.0,0.0,EVR,EVR
2017-01-26,76.94999694824219,77.3499984741211,76.1500015258789,77.1500015258789,63.38395690917969,424800,0.0,0.0,EVR,EVR
2017-01-27,77.0,77.5999984741211,76.43000030517578,77.5,63.671512603759766,287400,0.0,0.0,EVR,EVR
2017-01-30,77.0,77.4000015258789,76.0,76.9000015258789,63.17856597900391,335600,0.0,0.0,EVR,EVR
2017-01-31,76.4000015258789,77.55000305175781,76.19999694824219,77.44999694824219,63.63045501708984,651100,0.0,0.0,EVR,EVR
2017-02-01,78.94999694824219,80.19999694824219,77.4000015258789,77.6500015258789,63.79476165771485,1035700,0.0,0.0,EVR,EVR
2017-02-02,77.0999984741211,77.8499984741211,75.69999694824219,77.69999694824219,63.83582305908203,920600,0.0,0.0,EVR,EVR
2017-02-03,77.94999694824219,80.0,77.8499984741211,80.0,65.72545623779297,620700,0.0,0.0,EVR,EVR
2017-02-06,78.80000305175781,81.75,78.69999694824219,81.1500015258789,66.67023468017578,703600,0.0,0.0,EVR,EVR
2017-02-07,79.5,80.0,78.30000305175781,78.9000015258789,64.82172393798828,903900,0.0,0.0,EVR,EVR
2017-02-08,78.44999694824219,78.44999694824219,74.75,77.5,63.671512603759766,643700,0.0,0.0,EVR,EVR
2017-02-09,77.44999694824219,79.0,77.4000015258789,79.0,64.90386962890625,423200,0.0,0.0,EVR,EVR
2017-02-10,78.94999694824219,79.25,77.9000015258789,78.55000305175781,64.53416442871094,397500,0.0,0.0,EVR,EVR
2017-02-13,78.5999984741211,78.9000015258789,77.6500015258789,78.0999984741211,64.16446685791016,294100,0.0,0.0,EVR,EVR
2017-02-14,78.1500015258789,79.1500015258789,77.80000305175781,78.75,64.69849395751953,292200,0.0,0.0,EVR,EVR
2017-02-15,78.9000015258789,79.6500015258789,78.56999969482422,79.05000305175781,64.94493865966797,268000,0.0,0.0,EVR,EVR
2017-02-16,79.94999694824219,80.5999984741211,79.3499984741211,80.1500015258789,65.84867095947266,606500,0.0,0.0,EVR,EVR
2017-02-17,79.4000015258789,80.5999984741211,79.0,80.44999694824219,66.09514617919922,461700,0.0,0.0,EVR,EVR
2017-02-21,80.80000305175781,81.30000305175781,80.19999694824219,80.3499984741211,66.01299285888672,500400,0.0,0.0,EVR,EVR
2017-02-22,79.80000305175781,81.0,79.6500015258789,80.55000305175781,66.45852661132812,428700,0.34,0.0,EVR,EVR
2017-02-23,80.5,80.55000305175781,79.0,80.44999694824219,66.37601470947266,400900,0.0,0.0,EVR,EVR
2017-02-24,79.19999694824219,79.9000015258789,78.69999694824219,79.6500015258789,65.71598815917969,356500,0.0,0.0,EVR,EVR
2017-02-27,79.4000015258789,80.75,79.4000015258789,79.80000305175781,65.83973693847656,586900,0.0,0.0,EVR,EVR
2017-02-28,79.4000015258789,79.6500015258789,78.5,79.55000305175781,65.63345336914062,299800,0.0,0.0,EVR,EVR
2017-03-01,81.0,82.29000091552734,80.75,81.5999984741211,67.3248519897461,581100,0.0,0.0,EVR,EVR
2017-03-02,81.8499984741211,81.8499984741211,79.75,80.0,66.0047607421875,455000,0.0,0.0,EVR,EVR
2017-03-03,80.1500015258789,81.37999725341797,80.0,81.1500015258789,66.95354461669922,330300,0.0,0.0,EVR,EVR
2017-03-06,80.75,81.69999694824219,80.0999984741211,81.3499984741211,67.11857604980469,325200,0.0,0.0,EVR,EVR
2017-03-07,81.25,81.9000015258789,80.75,81.0,66.82980346679688,377900,0.0,0.0,EVR,EVR
2017-03-08,81.5999984741211,82.44999694824219,80.6500015258789,80.69999694824219,66.582275390625,192800,0.0,0.0,EVR,EVR
2017-03-09,81.1500015258789,81.8499984741211,80.75,81.3499984741211,67.11857604980469,391800,0.0,0.0,EVR,EVR
2017-03-10,82.30000305175781,82.30000305175781,81.3499984741211,81.80000305175781,67.48983001708984,425600,0.0,0.0,EVR,EVR
2017-03-13,81.80000305175781,82.8499984741211,81.4000015258789,82.30000305175781,67.90238189697266,320000,0.0,0.0,EVR,EVR
2017-03-14,82.0,82.0,80.69999694824219,81.25,67.03605651855469,379500,0.0,0.0,EVR,EVR
2017-03-15,81.75,82.69999694824219,81.25,81.75,67.44859313964844,368500,0.0,0.0,EVR,EVR
2017-03-16,82.30000305175781,83.30000305175781,81.75,82.69999694824219,68.23240661621094,338200,0.0,0.0,EVR,EVR
2017-03-17,82.80000305175781,83.0,81.25,81.9000015258789,67.57235717773438,638900,0.0,0.0,EVR,EVR
2017-03-20,82.1500015258789,82.1500015258789,80.4000015258789,80.5999984741211,66.49976348876953,457200,0.0,0.0,EVR,EVR
2017-03-21,81.3499984741211,81.3499984741211,76.80000305175781,77.0,63.52954864501953,600500,0.0,0.0,EVR,EVR
2017-03-22,76.6500015258789,77.43000030517578,75.55000305175781,77.4000015258789,63.85960006713867,439900,0.0,0.0,EVR,EVR
2017-03-23,77.44999694824219,78.4000015258789,76.72000122070312,77.55000305175781,63.98334884643555,224900,0.0,0.0,EVR,EVR
2017-03-24,77.69999694824219,78.5999984741211,77.0,77.30000305175781,63.7770881652832,208100,0.0,0.0,EVR,EVR
2017-03-27,75.80000305175781,76.0,73.75,75.5999984741211,62.374473571777344,371800,0.0,0.0,EVR,EVR
2017-03-28,75.44999694824219,77.5999984741211,75.2300033569336,77.1500015258789,63.65328979492188,311600,0.0,0.0,EVR,EVR
2017-03-29,76.94999694824219,77.05000305175781,76.22000122070312,76.69999694824219,63.28203582763672,220200,0.0,0.0,EVR,EVR
2017-03-30,76.80000305175781,78.0999984741211,76.69999694824219,77.69999694824219,64.10710144042969,287000,0.0,0.0,EVR,EVR
2017-03-31,77.69999694824219,78.30000305175781,77.1500015258789,77.9000015258789,64.2721176147461,311100,0.0,0.0,EVR,EVR
2017-04-03,77.9000015258789,78.25,75.30000305175781,75.9000015258789,62.62199401855469,238700,0.0,0.0,EVR,EVR
2017-04-04,75.4000015258789,76.5,75.20999908447266,75.94999694824219,62.66324234008789,584200,0.0,0.0,EVR,EVR
2017-04-05,76.8499984741211,77.1500015258789,74.44999694824219,74.55000305175781,61.50815963745117,412800,0.0,0.0,EVR,EVR
2017-04-06,75.0,76.69999694824219,74.0,76.19999694824219,62.8694953918457,355400,0.0,0.0,EVR,EVR
2017-04-07,75.4000015258789,76.75,75.25,75.4000015258789,62.20947265625,576000,0.0,0.0,EVR,EVR
2017-04-10,75.6500015258789,76.0999984741211,74.75,75.5999984741211,62.374473571777344,533200,0.0,0.0,EVR,EVR
2017-04-11,75.1500015258789,76.0,74.3499984741211,75.8499984741211,62.58074951171875,507100,0.0,0.0,EVR,EVR
2017-04-12,75.9000015258789,75.9000015258789,74.30000305175781,75.0,61.87945556640625,504700,0.0,0.0,EVR,EVR
2017-04-13,74.9000015258789,75.9000015258789,73.72000122070312,73.80000305175781,60.88937759399414,535100,0.0,0.0,EVR,EVR
2017-04-17,73.94999694824219,75.30000305175781,73.44999694824219,75.30000305175781,62.12696075439453,237400,0.0,0.0,EVR,EVR
2017-04-18,74.25,75.75,74.05000305175781,75.5,62.29196166992188,411400,0.0,0.0,EVR,EVR
2017-04-19,76.19999694824219,77.1500015258789,75.8499984741211,76.05000305175781,62.745750427246094,480600,0.0,0.0,EVR,EVR
2017-04-20,76.44999694824219,77.6500015258789,75.8499984741211,77.4000015258789,63.85960006713867,355200,0.0,0.0,EVR,EVR
2017-04-21,77.44999694824219,77.94999694824219,76.80000305175781,76.9000015258789,63.447052001953125,365600,0.0,0.0,EVR,EVR
2017-04-24,78.69999694824219,79.05000305175781,78.1500015258789,78.3499984741211,64.64339447021484,311200,0.0,0.0,EVR,EVR
2017-04-25,78.9000015258789,79.30000305175781,78.0,78.80000305175781,65.01468658447266,822200,0.0,0.0,EVR,EVR
2017-04-26,78.80000305175781,79.0,75.0,75.5999984741211,62.374473571777344,1170500,0.0,0.0,EVR,EVR
2017-04-27,75.9000015258789,76.4000015258789,73.4000015258789,73.55000305175781,60.68310928344727,780800,0.0,0.0,EVR,EVR
2017-04-28,73.94999694824219,75.06999969482422,73.5,73.75,60.84812545776367,605900,0.0,0.0,EVR,EVR
2017-05-01,74.0999984741211,75.1500015258789,73.4000015258789,74.3499984741211,61.34315872192383,592600,0.0,0.0,EVR,EVR
2017-05-02,74.44999694824219,74.69999694824219,73.5,74.5999984741211,61.549415588378906,606100,0.0,0.0,EVR,EVR
2017-05-03,74.1500015258789,75.37999725341797,74.0,75.25,62.0857048034668,461700,0.0,0.0,EVR,EVR
2017-05-04,75.6500015258789,75.9000015258789,74.05000305175781,75.0,61.87945556640625,413700,0.0,0.0,EVR,EVR
2017-05-05,75.0999984741211,75.0999984741211,74.0999984741211,74.69999694824219,61.63193130493164,404000,0.0,0.0,EVR,EVR
2017-05-08,74.75,75.1500015258789,73.5999984741211,73.80000305175781,60.88937759399414,499400,0.0,0.0,EVR,EVR
2017-05-09,73.8499984741211,74.75,73.75,73.94999694824219,61.01313400268555,429200,0.0,0.0,EVR,EVR
2017-05-10,73.44999694824219,73.94999694824219,73.1500015258789,73.5,60.641849517822266,668000,0.0,0.0,EVR,EVR
2017-05-11,72.94999694824219,73.3499984741211,71.27999877929688,71.80000305175781,59.239253997802734,562700,0.0,0.0,EVR,EVR
2017-05-12,71.19999694824219,71.69999694824219,70.75,71.30000305175781,58.82672882080078,399100,0.0,0.0,EVR,EVR
2017-05-15,71.4000015258789,72.6500015258789,71.4000015258789,72.3499984741211,59.69303894042969,261700,0.0,0.0,EVR,EVR
2017-05-16,72.5,72.80000305175781,71.55000305175781,71.80000305175781,59.239253997802734,302900,0.0,0.0,EVR,EVR
2017-05-17,71.80000305175781,71.80000305175781,68.0999984741211,68.30000305175781,56.351539611816406,480900,0.0,0.0,EVR,EVR
2017-05-18,68.05000305175781,70.30000305175781,68.01000213623047,69.80000305175781,57.589141845703125,818500,0.0,0.0,EVR,EVR
2017-05-19,69.69999694824219,70.75,69.69999694824219,70.30000305175781,58.00164794921875,389500,0.0,0.0,EVR,EVR
2017-05-22,70.80000305175781,71.19999694824219,70.44999694824219,70.9000015258789,58.496681213378906,413200,0.0,0.0,EVR,EVR
2017-05-23,69.5999984741211,70.55000305175781,68.4000015258789,69.6500015258789,57.46538925170898,592300,0.0,0.0,EVR,EVR
2017-05-24,69.0999984741211,70.0999984741211,69.0999984741211,70.05000305175781,58.07890319824219,436300,0.34,0.0,EVR,EVR
2017-05-25,70.3499984741211,71.5,69.8499984741211,70.0999984741211,58.120361328125,503800,0.0,0.0,EVR,EVR
2017-05-26,69.80000305175781,71.3499984741211,69.66000366210938,70.94999694824219,58.82511138916016,344300,0.0,0.0,EVR,EVR
2017-05-30,70.55000305175781,70.6500015258789,68.94999694824219,69.0999984741211,57.2912712097168,481700,0.0,0.0,EVR,EVR
2017-05-31,69.0,69.0,66.80000305175781,67.80000305175781,56.21343231201172,614900,0.0,0.0,EVR,EVR
2017-06-01,68.0,70.5,67.69999694824219,70.19999694824219,58.20327377319336,499600,0.0,0.0,EVR,EVR
2017-06-02,69.8499984741211,70.44999694824219,69.30000305175781,69.55000305175781,57.66437149047852,476300,0.0,0.0,EVR,EVR
2017-06-05,69.55000305175781,70.19999694824219,68.94999694824219,69.05000305175781,57.249813079833984,372600,0.0,0.0,EVR,EVR
2017-06-06,68.30000305175781,70.05000305175781,67.80000305175781,69.69999694824219,57.78873062133789,550800,0.0,0.0,EVR,EVR
2017-06-07,69.8499984741211,70.0999984741211,68.3499984741211,68.5,56.793792724609375,534100,0.0,0.0,EVR,EVR
2017-06-08,68.5,70.0999984741211,68.25,69.75,57.83018112182617,539100,0.0,0.0,EVR,EVR
2017-06-09,70.1500015258789,72.0,69.93000030517578,71.75,59.48839569091797,487800,0.0,0.0,EVR,EVR
2017-06-12,72.1500015258789,72.80000305175781,71.0999984741211,71.94999694824219,59.65422439575195,489000,0.0,0.0,EVR,EVR
2017-06-13,72.1500015258789,72.94999694824219,72.0,72.55000305175781,60.15167999267578,289000,0.0,0.0,EVR,EVR
2017-06-14,72.1500015258789,72.1500015258789,70.8499984741211,71.25,59.07383346557617,545400,0.0,0.0,EVR,EVR
2017-06-15,70.6500015258789,71.33999633789062,70.25,70.80000305175781,58.70075988769531,338000,0.0,0.0,EVR,EVR
2017-06-16,70.19999694824219,72.25,70.19999694824219,71.9000015258789,59.612754821777344,833800,0.0,0.0,EVR,EVR
2017-06-19,72.75,73.05000305175781,72.19999694824219,72.55000305175781,60.15167999267578,258800,0.0,0.0,EVR,EVR
2017-06-20,72.05000305175781,72.5999984741211,71.6500015258789,72.5,60.110233306884766,271100,0.0,0.0,EVR,EVR
2017-06-21,72.5999984741211,73.0,71.80000305175781,72.0999984741211,59.77857208251953,335100,0.0,0.0,EVR,EVR
2017-06-22,72.19999694824219,72.3499984741211,71.3499984741211,71.9000015258789,59.612754821777344,197300,0.0,0.0,EVR,EVR
2017-06-23,72.25,72.25,70.8499984741211,71.05000305175781,58.908016204833984,383400,0.0,0.0,EVR,EVR
2017-06-26,71.19999694824219,71.5,70.0999984741211,71.25,59.07383346557617,426300,0.0,0.0,EVR,EVR
2017-06-27,71.69999694824219,72.4000015258789,71.30000305175781,71.80000305175781,59.52985000610352,237600,0.0,0.0,EVR,EVR
2017-06-28,71.8499984741211,72.22000122070312,70.69999694824219,71.30000305175781,59.11530685424805,393700,0.0,0.0,EVR,EVR
2017-06-29,72.25,72.25,69.5999984741211,70.69999694824219,58.61783218383789,411100,0.0,0.0,EVR,EVR
2017-06-30,71.0,71.0,70.05000305175781,70.5,58.45201873779297,448700,0.0,0.0,EVR,EVR
2017-07-03,70.8499984741211,71.5,70.5999984741211,71.44999694824219,59.23965072631836,301700,0.0,0.0,EVR,EVR
2017-07-05,71.5,71.69999694824219,70.37999725341797,70.5,58.45201873779297,425500,0.0,0.0,EVR,EVR
2017-07-06,70.5,71.77999877929688,70.19999694824219,71.25,59.07383346557617,420200,0.0,0.0,EVR,EVR
2017-07-07,71.25,71.94999694824219,70.44999694824219,71.5999984741211,59.36402130126953,289400,0.0,0.0,EVR,EVR
2017-07-10,71.25,72.9000015258789,70.80000305175781,71.69999694824219,59.44694900512695,543200,0.0,0.0,EVR,EVR
2017-07-11,71.80000305175781,72.0,70.6500015258789,71.6500015258789,59.40548324584961,351600,0.0,0.0,EVR,EVR
2017-07-12,71.4000015258789,72.6500015258789,71.4000015258789,71.94999694824219,59.65422439575195,343100,0.0,0.0,EVR,EVR
2017-07-13,71.94999694824219,72.3499984741211,71.19999694824219,71.94999694824219,59.65422439575195,389400,0.0,0.0,EVR,EVR
2017-07-14,71.4000015258789,72.1500015258789,71.1500015258789,72.0,59.69565200805664,306000,0.0,0.0,EVR,EVR
2017-07-17,72.0,72.0,71.1500015258789,71.69999694824219,59.44694900512695,315300,0.0,0.0,EVR,EVR
2017-07-18,71.25,72.80000305175781,71.19999694824219,72.80000305175781,60.35895538330078,467200,0.0,0.0,EVR,EVR
2017-07-19,73.1500015258789,73.94999694824219,72.80000305175781,73.69999694824219,61.10514068603516,521800,0.0,0.0,EVR,EVR
2017-07-20,73.80000305175781,74.6500015258789,73.5,74.19999694824219,61.51971435546875,381700,0.0,0.0,EVR,EVR
2017-07-21,74.9000015258789,74.9000015258789,73.62999725341797,74.69999694824219,61.934268951416016,357700,0.0,0.0,EVR,EVR
2017-07-24,74.6500015258789,75.58000183105469,74.25,75.55000305175781,62.63899993896485,449900,0.0,0.0,EVR,EVR
2017-07-25,76.75,77.94999694824219,76.58000183105469,77.9000015258789,64.58740234375,631400,0.0,0.0,EVR,EVR
2017-07-26,78.4000015258789,78.94999694824219,77.5999984741211,78.5999984741211,65.16777038574219,656700,0.0,0.0,EVR,EVR
2017-07-27,79.55000305175781,81.3499984741211,78.05000305175781,79.19999694824219,65.66525268554688,843100,0.0,0.0,EVR,EVR
2017-07-28,79.3499984741211,79.58000183105469,76.6500015258789,77.4000015258789,64.17285919189453,535700,0.0,0.0,EVR,EVR
2017-07-31,77.9000015258789,78.75,77.5999984741211,78.6500015258789,65.20924377441406,366300,0.0,0.0,EVR,EVR
2017-08-01,78.94999694824219,79.37999725341797,78.33000183105469,78.9000015258789,65.41650390625,400500,0.0,0.0,EVR,EVR
2017-08-02,79.05000305175781,79.0999984741211,77.75,78.44999694824219,65.04338836669922,293700,0.0,0.0,EVR,EVR
2017-08-03,78.30000305175781,78.55000305175781,77.19999694824219,77.94999694824219,64.62884521484375,448700,0.0,0.0,EVR,EVR
2017-08-04,78.55000305175781,78.5999984741211,77.80000305175781,77.8499984741211,64.54594421386719,247200,0.0,0.0,EVR,EVR
2017-08-07,77.9000015258789,78.25,77.30000305175781,77.80000305175781,64.5045166015625,348900,0.0,0.0,EVR,EVR
2017-08-08,77.69999694824219,78.5,77.25,77.30000305175781,64.08995056152344,294800,0.0,0.0,EVR,EVR
2017-08-09,76.44999694824219,77.80000305175781,75.51000213623047,77.69999694824219,64.42157745361328,289000,0.0,0.0,EVR,EVR
2017-08-10,77.19999694824219,77.94999694824219,76.5999984741211,76.5999984741211,63.50957489013672,404600,0.0,0.0,EVR,EVR
2017-08-11,76.3499984741211,77.3499984741211,76.25,76.3499984741211,63.30227279663086,281400,0.0,0.0,EVR,EVR
2017-08-14,77.25,78.6500015258789,76.94999694824219,77.6500015258789,64.380126953125,342700,0.0,0.0,EVR,EVR
2017-08-15,78.0999984741211,79.08000183105469,77.19999694824219,77.19999694824219,64.00704193115234,245900,0.0,0.0,EVR,EVR
2017-08-16,77.4000015258789,77.6500015258789,76.44999694824219,76.6500015258789,63.551002502441406,262000,0.0,0.0,EVR,EVR
2017-08-17,76.25,76.69999694824219,74.6500015258789,74.6500015258789,61.8928108215332,329900,0.0,0.0,EVR,EVR
2017-08-18,74.0999984741211,75.25,73.94999694824219,74.5999984741211,61.851348876953125,409700,0.0,0.0,EVR,EVR
2017-08-21,74.5999984741211,74.80000305175781,73.8499984741211,74.69999694824219,61.934268951416016,246600,0.0,0.0,EVR,EVR
2017-08-22,75.0,75.8499984741211,74.6500015258789,75.0,62.18300628662109,249900,0.0,0.0,EVR,EVR
2017-08-23,74.30000305175781,75.30000305175781,74.30000305175781,75.05000305175781,62.5078239440918,245700,0.34,0.0,EVR,EVR
2017-08-24,75.5,75.5999984741211,74.8499984741211,75.25,62.67440414428711,308600,0.0,0.0,EVR,EVR
2017-08-25,75.3499984741211,75.4000015258789,74.8499984741211,75.0999984741211,62.54943084716797,249800,0.0,0.0,EVR,EVR
2017-08-28,75.44999694824219,75.75,74.8499984741211,75.69999694824219,63.0491943359375,282500,0.0,0.0,EVR,EVR
2017-08-29,74.8499984741211,75.30000305175781,74.30000305175781,74.94999694824219,62.42452239990234,296000,0.0,0.0,EVR,EVR
2017-08-30,75.05000305175781,75.55000305175781,74.80000305175781,75.0,62.46617126464844,154500,0.0,0.0,EVR,EVR
2017-08-31,75.5,75.69999694824219,74.8499984741211,75.44999694824219,62.84096908569336,207200,0.0,0.0,EVR,EVR
2017-09-01,75.6500015258789,76.0999984741211,75.19999694824219,75.6500015258789,63.00754928588867,184700,0.0,0.0,EVR,EVR
2017-09-05,75.0999984741211,75.0999984741211,71.94999694824219,72.05000305175781,60.00916290283203,402700,0.0,0.0,EVR,EVR
2017-09-06,72.55000305175781,72.80000305175781,71.19999694824219,71.6500015258789,59.67600631713867,385500,0.0,0.0,EVR,EVR
2017-09-07,71.5999984741211,71.5999984741211,69.55000305175781,70.3499984741211,58.5932846069336,474800,0.0,0.0,EVR,EVR
2017-09-08,70.4000015258789,70.94999694824219,70.0,70.3499984741211,58.5932846069336,242300,0.0,0.0,EVR,EVR
2017-09-11,71.05000305175781,71.80000305175781,70.5999984741211,71.55000305175781,59.59273147583008,388100,0.0,0.0,EVR,EVR
2017-09-12,72.0,73.0999984741211,71.69999694824219,72.4000015258789,60.30067443847656,295100,0.0,0.0,EVR,EVR
2017-09-13,72.1500015258789,72.69999694824219,71.75,72.4000015258789,60.30067443847656,268700,0.0,0.0,EVR,EVR
2017-09-14,72.4000015258789,73.4000015258789,72.3499984741211,72.69999694824219,60.55053329467773,243100,0.0,0.0,EVR,EVR
2017-09-15,72.80000305175781,74.6500015258789,72.5,73.75,61.425071716308594,895200,0.0,0.0,EVR,EVR
2017-09-18,74.05000305175781,76.1500015258789,73.55000305175781,76.05000305175781,63.340702056884766,484400,0.0,0.0,EVR,EVR
2017-09-19,76.0999984741211,76.58000183105469,75.8499984741211,76.4000015258789,63.632205963134766,332500,0.0,0.0,EVR,EVR
2017-09-20,76.3499984741211,77.3499984741211,76.05000305175781,76.8499984741211,64.00701904296875,269700,0.0,0.0,EVR,EVR
2017-09-21,76.94999694824219,77.3499984741211,76.55000305175781,77.3499984741211,64.4234390258789,291100,0.0,0.0,EVR,EVR
2017-09-22,77.25,77.4000015258789,76.6500015258789,76.9000015258789,64.04864501953125,254500,0.0,0.0,EVR,EVR
2017-09-25,76.69999694824219,77.0999984741211,76.44999694824219,76.9000015258789,64.04864501953125,236900,0.0,0.0,EVR,EVR
2017-09-26,77.5,77.94999694824219,77.05000305175781,77.80000305175781,64.79823303222656,295800,0.0,0.0,EVR,EVR
2017-09-27,79.0999984741211,81.0,78.9000015258789,80.80000305175781,67.2968978881836,421800,0.0,0.0,EVR,EVR
2017-09-28,80.94999694824219,80.94999694824219,79.94999694824219,80.25,66.83880615234375,421300,0.0,0.0,EVR,EVR
2017-09-29,80.55000305175781,81.5,80.19999694824219,80.25,66.83880615234375,344500,0.0,0.0,EVR,EVR
2017-10-02,80.55000305175781,81.55000305175781,79.80000305175781,81.4000015258789,67.79662322998047,428200,0.0,0.0,EVR,EVR
2017-10-03,81.5,82.0999984741211,80.80000305175781,81.19999694824219,67.63003540039062,413300,0.0,0.0,EVR,EVR
2017-10-04,81.0999984741211,81.30000305175781,79.75,80.3499984741211,66.92208862304688,417700,0.0,0.0,EVR,EVR
2017-10-05,80.6500015258789,80.94999694824219,80.0999984741211,80.80000305175781,67.2968978881836,360200,0.0,0.0,EVR,EVR
2017-10-06,80.5,81.0,78.5,79.0,65.7977066040039,351100,0.0,0.0,EVR,EVR
2017-10-09,79.19999694824219,79.19999694824219,77.6500015258789,77.75,64.75659942626953,250400,0.0,0.0,EVR,EVR
2017-10-10,78.05000305175781,78.05000305175781,77.22000122070312,77.5,64.54837036132812,387300,0.0,0.0,EVR,EVR
2017-10-11,77.30000305175781,77.5,75.55000305175781,76.5,63.71550369262695,532600,0.0,0.0,EVR,EVR
2017-10-12,76.6500015258789,77.05000305175781,75.94999694824219,76.0999984741211,63.3823471069336,225000,0.0,0.0,EVR,EVR
2017-10-13,75.8499984741211,76.4000015258789,75.25,76.0,63.2990608215332,318200,0.0,0.0,EVR,EVR
2017-10-16,76.05000305175781,76.5,75.3499984741211,75.9000015258789,63.21577835083008,180200,0.0,0.0,EVR,EVR
2017-10-17,76.5,76.6500015258789,75.75,75.9000015258789,63.21577835083008,664400,0.0,0.0,EVR,EVR
2017-10-18,76.44999694824219,77.69999694824219,76.4000015258789,77.25,64.34016418457031,293900,0.0,0.0,EVR,EVR
2017-10-19,76.3499984741211,77.55000305175781,76.0,77.44999694824219,64.50674438476562,296000,0.0,0.0,EVR,EVR
2017-10-20,78.5,78.80000305175781,77.5,78.55000305175781,65.42291259765625,289600,0.0,0.0,EVR,EVR
2017-10-23,78.6500015258789,78.6500015258789,77.3499984741211,77.44999694824219,64.50674438476562,447100,0.0,0.0,EVR,EVR
2017-10-24,78.0,78.69999694824219,77.4000015258789,78.30000305175781,65.21469116210938,362900,0.0,0.0,EVR,EVR
2017-10-25,78.55000305175781,78.55000305175781,76.5,77.5999984741211,64.63170623779297,437200,0.0,0.0,EVR,EVR
2017-10-26,77.8499984741211,79.69999694824219,76.6500015258789,77.19999694824219,64.29850006103516,728000,0.0,0.0,EVR,EVR
2017-10-27,76.9000015258789,79.75,76.30000305175781,79.4000015258789,66.130859375,487200,0.0,0.0,EVR,EVR
2017-10-30,78.80000305175781,80.19999694824219,78.3499984741211,80.0999984741211,66.71385955810547,390900,0.0,0.0,EVR,EVR
2017-10-31,80.05000305175781,80.8499984741211,79.80000305175781,80.0999984741211,66.71385955810547,405900,0.0,0.0,EVR,EVR
2017-11-01,80.5999984741211,80.94999694824219,78.1500015258789,78.4000015258789,65.29798126220703,294600,0.0,0.0,EVR,EVR
2017-11-02,78.25,79.75,77.5999984741211,79.6500015258789,66.33908081054688,453200,0.0,0.0,EVR,EVR
2017-11-03,78.8499984741211,79.5999984741211,76.8499984741211,78.4000015258789,65.29798126220703,452600,0.0,0.0,EVR,EVR
2017-11-06,78.25,79.0,77.8499984741211,78.44999694824219,65.33961486816406,209400,0.0,0.0,EVR,EVR
2017-11-07,78.5,78.69999694824219,76.5999984741211,76.9000015258789,64.04864501953125,270500,0.0,0.0,EVR,EVR
2017-11-08,76.9000015258789,79.94999694824219,76.5999984741211,79.5999984741211,66.29741668701172,507300,0.0,0.0,EVR,EVR
2017-11-09,78.80000305175781,80.75,78.6500015258789,80.3499984741211,66.92208862304688,530700,0.0,0.0,EVR,EVR
2017-11-10,80.5,81.5999984741211,79.25,80.80000305175781,67.2968978881836,420300,0.0,0.0,EVR,EVR
2017-11-13,80.69999694824219,83.94999694824219,80.5,83.8499984741211,69.8371810913086,954800,0.0,0.0,EVR,EVR
2017-11-14,83.75,84.6500015258789,82.9800033569336,84.4000015258789,70.2952651977539,514700,0.0,0.0,EVR,EVR
2017-11-15,83.5,85.0,82.5,82.8499984741211,69.00431823730469,475000,0.0,0.0,EVR,EVR
2017-11-16,83.3499984741211,83.4000015258789,82.30000305175781,83.0,69.1292495727539,280400,0.0,0.0,EVR,EVR
2017-11-17,82.5,83.05000305175781,82.0999984741211,82.75,68.92100524902344,229400,0.0,0.0,EVR,EVR
2017-11-20,83.25,85.94999694824219,82.94999694824219,85.69999694824219,71.3780288696289,361200,0.0,0.0,EVR,EVR
2017-11-21,86.3499984741211,87.6500015258789,86.0,87.1500015258789,72.5857162475586,486500,0.0,0.0,EVR,EVR
2017-11-22,87.0,87.0,85.1500015258789,85.4000015258789,71.45610809326172,230700,0.4,0.0,EVR,EVR
2017-11-24,85.6500015258789,86.3499984741211,84.94999694824219,85.44999694824219,71.4979476928711,82800,0.0,0.0,EVR,EVR
2017-11-27,85.55000305175781,86.69999694824219,84.75,84.94999694824219,71.07958221435547,309200,0.0,0.0,EVR,EVR
2017-11-28,84.80000305175781,85.94999694824219,84.4000015258789,85.69999694824219,71.70713806152344,570000,0.0,0.0,EVR,EVR
2017-11-29,86.44999694824219,88.05000305175781,85.94999694824219,86.94999694824219,72.75303649902344,547400,0.0,0.0,EVR,EVR
2017-11-30,87.3499984741211,87.75,86.19999694824219,86.8499984741211,72.66934204101562,463200,0.0,0.0,EVR,EVR
2017-12-01,86.80000305175781,87.05000305175781,84.30000305175781,87.0,72.79486846923828,335700,0.0,0.0,EVR,EVR
2017-12-04,88.0999984741211,90.6999969482422,88.0999984741211,88.75,74.25910949707031,414600,0.0,0.0,EVR,EVR
2017-12-05,88.8499984741211,89.8499984741211,88.0,88.5,74.0499496459961,524700,0.0,0.0,EVR,EVR
2017-12-06,88.25,88.8499984741211,87.19999694824219,87.4000015258789,73.12957763671875,260500,0.0,0.0,EVR,EVR
2017-12-07,87.19999694824219,88.9000015258789,87.19999694824219,88.80000305175781,74.30101013183594,320500,0.0,0.0,EVR,EVR
2017-12-08,89.30000305175781,90.25,88.19999694824219,90.1500015258789,75.4305419921875,247200,0.0,0.0,EVR,EVR
2017-12-11,90.05000305175781,90.05000305175781,88.69999694824219,89.25,74.677490234375,255200,0.0,0.0,EVR,EVR
2017-12-12,89.44999694824219,90.9000015258789,89.3499984741211,90.1500015258789,75.4305419921875,310700,0.0,0.0,EVR,EVR
2017-12-13,89.9000015258789,90.72000122070312,88.8499984741211,88.9000015258789,74.3846435546875,249400,0.0,0.0,EVR,EVR
2017-12-14,89.19999694824219,90.1500015258789,88.30000305175781,88.55000305175781,74.091796875,309500,0.0,0.0,EVR,EVR
2017-12-15,89.05000305175781,90.4000015258789,88.69999694824219,89.69999694824219,75.05400848388672,583100,0.0,0.0,EVR,EVR
2017-12-18,90.9499969482422,91.6500015258789,89.6500015258789,90.4000015258789,75.63973999023438,301200,0.0,0.0,EVR,EVR
2017-12-19,90.75,91.0,90.0999984741211,90.1999969482422,75.47238159179688,288200,0.0,0.0,EVR,EVR
2017-12-20,91.0,91.0,89.94999694824219,90.5500030517578,75.76525115966797,192200,0.0,0.0,EVR,EVR
2017-12-21,91.3499984741211,93.0,90.3000030517578,92.1999969482422,77.14583587646484,308600,0.0,0.0,EVR,EVR
2017-12-22,92.5999984741211,92.6500015258789,91.4499969482422,91.75,76.76930236816406,229900,0.0,0.0,EVR,EVR
2017-12-26,91.8000030517578,92.6999969482422,91.5,91.8000030517578,76.81114196777344,171700,0.0,0.0,EVR,EVR
2017-12-27,91.75,92.0500030517578,90.4499969482422,90.6500015258789,75.84891510009766,179600,0.0,0.0,EVR,EVR
2017-12-28,90.8000030517578,91.0500030517578,89.94999694824219,90.5999984741211,75.80706787109375,189900,0.0,0.0,EVR,EVR
2017-12-29,91.0,91.0,89.9000015258789,90.0,75.30504608154297,311700,0.0,0.0,EVR,EVR
2018-01-02,90.3000030517578,90.8499984741211,89.0999984741211,90.5999984741211,75.80706787109375,359400,0.0,0.0,EVR,EVR
2018-01-03,90.5500030517578,91.5999984741211,90.4499969482422,90.5999984741211,75.80706787109375,322100,0.0,0.0,EVR,EVR
2018-01-04,91.1999969482422,92.0999984741211,91.0500030517578,91.25,76.35096740722656,346400,0.0,0.0,EVR,EVR
2018-01-05,91.5,91.6999969482422,90.5,91.6500015258789,76.68563842773438,323600,0.0,0.0,EVR,EVR
2018-01-08,91.8000030517578,92.75,91.0500030517578,91.9000015258789,76.89481353759766,249300,0.0,0.0,EVR,EVR
2018-01-09,93.3499984741211,94.9000015258789,93.0500030517578,94.1999969482422,78.81925964355469,406900,0.0,0.0,EVR,EVR
2018-01-10,94.1500015258789,95.5,93.1500015258789,93.4000015258789,78.14990234375,302700,0.0,0.0,EVR,EVR
2018-01-11,93.8000030517578,95.8499984741211,93.4499969482422,95.4000015258789,79.8233642578125,474900,0.0,0.0,EVR,EVR
2018-01-12,95.8499984741211,98.4000015258789,95.5,97.4499969482422,81.53861999511719,427700,0.0,0.0,EVR,EVR
2018-01-16,98.25,98.9800033569336,93.8000030517578,94.5999984741211,79.15396118164062,433800,0.0,0.0,EVR,EVR
2018-01-17,94.6500015258789,96.5500030517578,93.3000030517578,96.0,80.32536315917969,613500,0.0,0.0,EVR,EVR
2018-01-18,96.3000030517578,96.4000015258789,94.1500015258789,94.5500030517578,79.11213684082031,297500,0.0,0.0,EVR,EVR
2018-01-19,94.6999969482422,96.6999969482422,94.6999969482422,96.5999984741211,80.82742309570312,479000,0.0,0.0,EVR,EVR
2018-01-22,96.75,97.5500030517578,96.1999969482422,97.5500030517578,81.62229919433594,325900,0.0,0.0,EVR,EVR
2018-01-23,97.1999969482422,97.9000015258789,96.5999984741211,97.6999969482422,81.74779510498047,355300,0.0,0.0,EVR,EVR
2018-01-24,98.1500015258789,98.8000030517578,97.1999969482422,98.5,82.41719055175781,423900,0.0,0.0,EVR,EVR
2018-01-25,99.4000015258789,100.0999984741211,98.8499984741211,99.5999984741211,83.33757781982422,600600,0.0,0.0,EVR,EVR
2018-01-26,100.0,100.1500015258789,97.8499984741211,98.75,82.62638092041016,383500,0.0,0.0,EVR,EVR
2018-01-29,98.75,99.0,97.1999969482422,97.8000030517578,81.83150482177734,300200,0.0,0.0,EVR,EVR
2018-01-30,96.5,97.6500015258789,96.25,96.4499969482422,80.70191955566406,441500,0.0,0.0,EVR,EVR
2018-01-31,99.5500030517578,100.6500015258789,96.6500015258789,100.5500030517578,84.13247680664062,856600,0.0,0.0,EVR,EVR
2018-02-01,100.5999984741211,103.0500030517578,99.6500015258789,101.8000030517578,85.17838287353516,819800,0.0,0.0,EVR,EVR
2018-02-02,101.25,101.25,98.75,99.5999984741211,83.33757781982422,750400,0.0,0.0,EVR,EVR
2018-02-05,97.6999969482422,98.9499969482422,93.1500015258789,94.0500030517578,78.69375610351562,1061300,0.0,0.0,EVR,EVR
2018-02-06,92.4000015258789,95.0,92.0500030517578,93.8499984741211,78.52640533447266,928400,0.0,0.0,EVR,EVR
2018-02-07,93.0999984741211,96.75,93.0,95.0,79.48866271972656,526000,0.0,0.0,EVR,EVR
2018-02-08,94.8499984741211,94.8499984741211,90.9000015258789,90.9499969482422,76.09990692138672,525600,0.0,0.0,EVR,EVR
2018-02-09,92.0,94.0,90.5,93.3000030517578,78.06623077392578,648300,0.0,0.0,EVR,EVR
2018-02-12,93.8000030517578,94.9499969482422,93.0999984741211,94.6999969482422,79.2376480102539,546000,0.0,0.0,EVR,EVR
2018-02-13,94.0500030517578,94.9000015258789,93.8000030517578,94.5,79.0703125,305700,0.0,0.0,EVR,EVR
2018-02-14,94.0500030517578,96.5,93.6500015258789,96.25,80.5345458984375,453300,0.0,0.0,EVR,EVR
2018-02-15,97.0500030517578,97.6500015258789,94.5,96.75,80.95291900634766,490000,0.0,0.0,EVR,EVR
2018-02-16,96.5500030517578,97.3499984741211,96.19000244140624,96.5999984741211,80.82742309570312,386400,0.0,0.0,EVR,EVR
2018-02-20,95.9499969482422,97.5999984741211,95.9499969482422,96.6999969482422,80.91110229492188,425200,0.0,0.0,EVR,EVR
2018-02-21,96.6500015258789,97.6999969482422,95.3000030517578,95.5,79.90702056884766,706900,0.0,0.0,EVR,EVR
2018-02-22,95.5,96.1500015258789,93.3000030517578,93.3499984741211,78.43658447265625,376900,0.4,0.0,EVR,EVR
2018-02-23,93.8499984741211,94.3499984741211,93.25,93.9000015258789,78.89873504638672,328000,0.0,0.0,EVR,EVR
2018-02-26,94.1999969482422,95.5999984741211,93.9000015258789,95.3000030517578,80.07508087158203,344700,0.0,0.0,EVR,EVR
2018-02-27,95.3000030517578,97.4499969482422,94.8000030517578,94.8000030517578,79.6549301147461,471500,0.0,0.0,EVR,EVR
2018-02-28,94.9000015258789,96.1999969482422,93.0,93.0500030517578,78.18452453613281,473200,0.0,0.0,EVR,EVR
2018-03-01,92.9499969482422,94.75,92.4499969482422,93.5500030517578,78.60465240478516,541900,0.0,0.0,EVR,EVR
2018-03-02,92.6500015258789,92.9499969482422,90.1999969482422,91.8499984741211,77.1762466430664,428900,0.0,0.0,EVR,EVR
2018-03-05,91.1999969482422,93.1500015258789,90.6500015258789,92.3000030517578,77.55433654785156,443000,0.0,0.0,EVR,EVR
2018-03-06,92.6999969482422,94.25,91.5999984741211,94.0999984741211,79.06678009033203,278400,0.0,0.0,EVR,EVR
2018-03-07,93.0500030517578,94.6500015258789,93.0500030517578,94.3000030517578,79.23482513427734,363200,0.0,0.0,EVR,EVR
2018-03-08,94.4499969482422,95.25,93.3499984741211,94.1500015258789,79.1087875366211,331700,0.0,0.0,EVR,EVR
2018-03-09,94.8000030517578,98.5,94.8000030517578,98.25,82.55375671386719,391300,0.0,0.0,EVR,EVR
2018-03-12,98.1999969482422,99.6999969482422,97.1500015258789,99.0,83.18395233154297,423700,0.0,0.0,EVR,EVR
2018-03-13,98.43000030517578,98.75,95.6999969482422,96.9499969482422,81.46145629882812,689100,0.0,0.0,EVR,EVR
2018-03-14,97.25,97.25,95.6500015258789,95.9000015258789,80.57919311523438,474000,0.0,0.0,EVR,EVR
2018-03-15,96.0,96.3499984741211,93.5999984741211,93.5999984741211,78.64665985107422,548500,0.0,0.0,EVR,EVR
2018-03-16,93.8499984741211,95.1999969482422,93.4499969482422,94.25,79.19281005859375,1213900,0.0,0.0,EVR,EVR
2018-03-19,93.75,93.8000030517578,90.8499984741211,92.3499984741211,77.59635162353516,509500,0.0,0.0,EVR,EVR
2018-03-20,92.8499984741211,94.0999984741211,92.4800033569336,93.1500015258789,78.26853942871094,340400,0.0,0.0,EVR,EVR
2018-03-21,92.9499969482422,94.5,91.1500015258789,93.5500030517578,78.60465240478516,293400,0.0,0.0,EVR,EVR
2018-03-22,93.0,93.0500030517578,87.69999694824219,87.9000015258789,73.85729217529297,1015000,0.0,0.0,EVR,EVR
2018-03-23,88.05000305175781,88.05000305175781,83.6500015258789,84.0,70.58031463623047,7295000,0.0,0.0,EVR,EVR
2018-03-26,86.1500015258789,87.5999984741211,85.6500015258789,87.0,73.10105895996094,959500,0.0,0.0,EVR,EVR
2018-03-27,87.55000305175781,87.69999694824219,83.0,83.3499984741211,70.0341796875,1176500,0.0,0.0,EVR,EVR
2018-03-28,83.3499984741211,84.44999694824219,82.9000015258789,83.5,70.16023254394531,759500,0.0,0.0,EVR,EVR
2018-03-29,84.3499984741211,87.6500015258789,84.3499984741211,87.19999694824219,73.26910400390625,669500,0.0,0.0,EVR,EVR
2018-04-02,87.0,87.4000015258789,85.05000305175781,86.80000305175781,72.93302917480469,737900,0.0,0.0,EVR,EVR
2018-04-03,87.5999984741211,89.0999984741211,86.8499984741211,88.9000015258789,74.69752502441406,587900,0.0,0.0,EVR,EVR
2018-04-04,85.5,90.5500030517578,84.80000305175781,90.0,75.62178802490234,615500,0.0,0.0,EVR,EVR
2018-04-05,91.3499984741211,92.0,90.6999969482422,91.4000015258789,76.79812622070312,561300,0.0,0.0,EVR,EVR
2018-04-06,90.0,91.1999969482422,87.88999938964844,88.44999694824219,74.31939697265625,772800,0.0,0.0,EVR,EVR
2018-04-09,89.6500015258789,91.1999969482422,88.9000015258789,89.75,75.4117202758789,432900,0.0,0.0,EVR,EVR
2018-04-10,91.9499969482422,91.9499969482422,90.6500015258789,91.0500030517578,76.5040512084961,543000,0.0,0.0,EVR,EVR
2018-04-11,90.5,91.9000015258789,89.75,91.1999969482422,76.63005828857422,456600,0.0,0.0,EVR,EVR
2018-04-12,92.4000015258789,94.3499984741211,91.5500030517578,93.6500015258789,78.68866729736328,389500,0.0,0.0,EVR,EVR
2018-04-13,94.5500030517578,94.5500030517578,92.5,92.9000015258789,78.05847930908203,362500,0.0,0.0,EVR,EVR
2018-04-16,93.6999969482422,94.6999969482422,93.3499984741211,93.9499969482422,78.94072723388672,234400,0.0,0.0,EVR,EVR
2018-04-17,94.8499984741211,95.4000015258789,93.9499969482422,94.5999984741211,79.48690032958984,433100,0.0,0.0,EVR,EVR
2018-04-18,95.0999984741211,95.0999984741211,93.8499984741211,94.1999969482422,79.1507797241211,417000,0.0,0.0,EVR,EVR
2018-04-19,94.3000030517578,94.9499969482422,93.4499969482422,94.1999969482422,79.1507797241211,370400,0.0,0.0,EVR,EVR
2018-04-20,94.0999984741211,94.5999984741211,93.3499984741211,93.6999969482422,78.73067474365234,253400,0.0,0.0,EVR,EVR
2018-04-23,93.8000030517578,94.3000030517578,92.4000015258789,92.8499984741211,78.0164794921875,349200,0.0,0.0,EVR,EVR
2018-04-24,93.6500015258789,94.0500030517578,91.3499984741211,92.5,77.7223892211914,798400,0.0,0.0,EVR,EVR
2018-04-25,95.0500030517578,100.4499969482422,95.0500030517578,99.8499984741211,83.89817810058594,916700,0.0,0.0,EVR,EVR
2018-04-26,99.5,101.3000030517578,98.5500030517578,99.9000015258789,83.94017791748047,644400,0.0,0.0,EVR,EVR
2018-04-27,100.25,100.8000030517578,99.6999969482422,100.5500030517578,84.48634338378906,468600,0.0,0.0,EVR,EVR
2018-04-30,100.8000030517578,103.8499984741211,100.5,101.25,85.07451629638672,626400,0.0,0.0,EVR,EVR
2018-05-01,100.9499969482422,102.8000030517578,99.25,102.5999984741211,86.20883178710938,534000,0.0,0.0,EVR,EVR
2018-05-02,102.4000015258789,103.4499969482422,101.5500030517578,102.75,86.3348617553711,577700,0.0,0.0,EVR,EVR
2018-05-03,102.0,102.62999725341795,99.9499969482422,101.1999969482422,85.03247833251953,436100,0.0,0.0,EVR,EVR
2018-05-04,100.5,103.52999877929688,99.9000015258789,102.8000030517578,86.37687683105469,336400,0.0,0.0,EVR,EVR
2018-05-07,103.61000061035156,104.6999969482422,102.3000030517578,104.25,87.59523010253906,372600,0.0,0.0,EVR,EVR
2018-05-08,104.4000015258789,105.6500015258789,104.0999984741211,105.5500030517578,88.68754577636719,362200,0.0,0.0,EVR,EVR
2018-05-09,106.25,107.3000030517578,105.4499969482422,106.8499984741211,89.77986907958984,253300,0.0,0.0,EVR,EVR
2018-05-10,107.0,108.4000015258789,106.9499969482422,107.8499984741211,90.62012481689452,253300,0.0,0.0,EVR,EVR
2018-05-11,107.9000015258789,108.9000015258789,107.4499969482422,107.9499969482422,90.7041473388672,340900,0.0,0.0,EVR,EVR
2018-05-14,108.0500030517578,108.3499984741211,106.8000030517578,107.3000030517578,90.157958984375,243800,0.0,0.0,EVR,EVR
2018-05-15,106.8499984741211,108.4499969482422,106.8499984741211,107.9000015258789,90.66211700439452,177300,0.0,0.0,EVR,EVR
2018-05-16,108.0,109.3499984741211,107.75,109.0999984741211,91.67041778564452,247000,0.0,0.0,EVR,EVR
2018-05-17,109.1999969482422,109.3499984741211,108.0500030517578,109.1999969482422,91.7544174194336,304200,0.0,0.0,EVR,EVR
2018-05-18,109.4499969482422,109.4499969482422,108.25,108.25,90.9561996459961,390500,0.0,0.0,EVR,EVR
2018-05-21,109.0,110.5999984741211,108.8499984741211,110.3000030517578,92.6787109375,303500,0.0,0.0,EVR,EVR
2018-05-22,110.6500015258789,111.8499984741211,110.45999908447266,111.0999984741211,93.35088348388672,299800,0.0,0.0,EVR,EVR
2018-05-23,110.1999969482422,111.0,109.0,109.9499969482422,92.38458251953124,287800,0.0,0.0,EVR,EVR
2018-05-24,109.0999984741211,110.1500015258789,107.9499969482422,110.0500030517578,92.89105987548828,210600,0.5,0.0,EVR,EVR
2018-05-25,109.8000030517578,110.1500015258789,108.5999984741211,109.75,92.63785552978516,157700,0.0,0.0,EVR,EVR
2018-05-29,108.4000015258789,108.6999969482422,105.4499969482422,105.6999969482422,89.21929931640625,398800,0.0,0.0,EVR,EVR
2018-05-30,106.9000015258789,107.4499969482422,105.4000015258789,105.6999969482422,89.21929931640625,601800,0.0,0.0,EVR,EVR
2018-05-31,105.5999984741211,106.0,104.12999725341795,104.4000015258789,88.12202453613281,382500,0.0,0.0,EVR,EVR
2018-06-01,106.6500015258789,106.75,105.0999984741211,105.4000015258789,88.96607971191406,359900,0.0,0.0,EVR,EVR
2018-06-04,106.0500030517578,106.6500015258789,105.1500015258789,106.5500030517578,89.93678283691406,435500,0.0,0.0,EVR,EVR
2018-06-05,106.1999969482422,108.3499984741211,105.8000030517578,108.3000030517578,91.41393280029295,504400,0.0,0.0,EVR,EVR
2018-06-06,108.8499984741211,109.9499969482422,108.6500015258789,109.9499969482422,92.80662536621094,337600,0.0,0.0,EVR,EVR
2018-06-07,110.5,110.75,108.8000030517578,109.8000030517578,92.68003845214844,266600,0.0,0.0,EVR,EVR
2018-06-08,109.8000030517578,111.3499984741211,109.5999984741211,110.9000015258789,93.60852813720705,296000,0.0,0.0,EVR,EVR
2018-06-11,111.0999984741211,111.25,108.4499969482422,108.5500030517578,91.62494659423828,457700,0.0,0.0,EVR,EVR
2018-06-12,108.8000030517578,109.4499969482422,107.4499969482422,108.25,91.37171936035156,494900,0.0,0.0,EVR,EVR
2018-06-13,109.0,112.0999984741211,108.9499969482422,110.8000030517578,93.5241241455078,435400,0.0,0.0,EVR,EVR
2018-06-14,110.9000015258789,111.1500015258789,109.6500015258789,110.9499969482422,93.6507339477539,429900,0.0,0.0,EVR,EVR
2018-06-15,110.4000015258789,111.58999633789062,109.3000030517578,110.75,93.4819107055664,435300,0.0,0.0,EVR,EVR
2018-06-18,109.75,111.9000015258789,108.8499984741211,111.9000015258789,94.45260620117188,353400,0.0,0.0,EVR,EVR
2018-06-19,110.4499969482422,111.0999984741211,109.25,110.6999969482422,93.43971252441406,308000,0.0,0.0,EVR,EVR
2018-06-20,111.5,112.5999984741211,110.87999725341795,112.0500030517578,94.57921600341795,384400,0.0,0.0,EVR,EVR
2018-06-21,111.5,111.5,107.8499984741211,109.5500030517578,92.4690399169922,578500,0.0,0.0,EVR,EVR
2018-06-22,110.4000015258789,110.87999725341795,107.0,107.75,90.94967651367188,3151000,0.0,0.0,EVR,EVR
2018-06-25,107.6500015258789,109.33000183105467,106.6999969482422,108.1500015258789,91.28732299804688,548100,0.0,0.0,EVR,EVR
2018-06-26,108.83999633789062,111.3499984741211,107.9800033569336,109.3499984741211,92.30020904541016,566000,0.0,0.0,EVR,EVR
2018-06-27,108.8499984741211,109.6500015258789,106.4499969482422,106.6500015258789,90.02118682861328,898700,0.0,0.0,EVR,EVR
2018-06-28,106.9499969482422,107.5500030517578,105.4499969482422,106.0999984741211,89.55693817138672,528300,0.0,0.0,EVR,EVR
2018-06-29,107.1999969482422,108.4499969482422,105.3499984741211,105.4499969482422,89.00830841064453,522300,0.0,0.0,EVR,EVR
2018-07-02,104.5999984741211,107.1500015258789,103.4000015258789,106.3000030517578,89.72576141357422,592100,0.0,0.0,EVR,EVR
2018-07-03,106.61000061035156,107.3000030517578,105.8000030517578,105.9499969482422,89.43034362792969,264700,0.0,0.0,EVR,EVR
2018-07-05,106.9000015258789,106.9000015258789,104.5,106.6999969482422,90.0633773803711,546900,0.0,0.0,EVR,EVR
2018-07-06,106.5999984741211,108.3000030517578,105.8000030517578,107.5999984741211,90.82305145263672,385900,0.0,0.0,EVR,EVR
2018-07-09,108.25,109.6999969482422,107.27999877929688,108.9499969482422,91.96257781982422,526300,0.0,0.0,EVR,EVR
2018-07-10,108.8000030517578,109.1500015258789,107.0500030517578,108.4000015258789,91.49832153320312,459400,0.0,0.0,EVR,EVR
2018-07-11,103.6999969482422,108.8000030517578,103.5,107.0999984741211,90.40100860595705,413300,0.0,0.0,EVR,EVR
2018-07-12,107.5500030517578,107.5500030517578,106.01000213623048,106.9000015258789,90.23221588134766,377500,0.0,0.0,EVR,EVR
2018-07-13,106.5500030517578,107.3000030517578,106.0,106.3499984741211,89.76795196533203,388300,0.0,0.0,EVR,EVR
2018-07-16,107.0,108.0,106.8000030517578,107.5500030517578,90.78084564208984,302300,0.0,0.0,EVR,EVR
2018-07-17,107.4499969482422,109.8000030517578,106.8000030517578,109.6500015258789,92.55343627929688,351100,0.0,0.0,EVR,EVR
2018-07-18,109.75,112.3499984741211,108.9000015258789,111.5999984741211,94.19939422607422,519400,0.0,0.0,EVR,EVR
2018-07-19,111.1999969482422,111.5999984741211,109.3499984741211,109.9499969482422,92.80662536621094,279600,0.0,0.0,EVR,EVR
2018-07-20,109.5999984741211,110.4499969482422,108.9000015258789,109.9499969482422,92.80662536621094,275600,0.0,0.0,EVR,EVR
2018-07-23,110.58999633789062,112.6999969482422,110.0999984741211,112.5,94.95906066894533,418400,0.0,0.0,EVR,EVR
2018-07-24,113.1500015258789,113.7300033569336,112.4499969482422,113.3499984741211,95.67652893066406,706000,0.0,0.0,EVR,EVR
2018-07-25,117.48999786376952,117.48999786376952,110.1999969482422,112.1500015258789,94.66363525390624,1016600,0.0,0.0,EVR,EVR
2018-07-26,112.25,113.02999877929688,111.0,112.6500015258789,95.08566284179688,656300,0.0,0.0,EVR,EVR
2018-07-27,112.8499984741211,113.4499969482422,111.3499984741211,112.75,95.17008972167967,451000,0.0,0.0,EVR,EVR
2018-07-30,113.0,113.75,110.9000015258789,111.0,93.69293212890624,417700,0.0,0.0,EVR,EVR
2018-07-31,111.5,113.5500030517578,110.9499969482422,113.0,95.3810806274414,286700,0.0,0.0,EVR,EVR
2018-08-01,113.5500030517578,115.0500030517578,113.1500015258789,114.1999969482422,96.39398193359376,455300,0.0,0.0,EVR,EVR
2018-08-02,112.6999969482422,115.3000030517578,112.3499984741211,114.9499969482422,97.0270538330078,372500,0.0,0.0,EVR,EVR
2018-08-03,112.6999969482422,116.8499984741211,112.6999969482422,114.4499969482422,96.60501861572266,389200,0.0,0.0,EVR,EVR
2018-08-06,114.29000091552734,115.3499984741211,113.1500015258789,114.4499969482422,96.60501861572266,300300,0.0,0.0,EVR,EVR
2018-08-07,114.9000015258789,116.0,113.5999984741211,113.75,96.01416778564452,377500,0.0,0.0,EVR,EVR
2018-08-08,113.8499984741211,114.25,113.1999969482422,113.9499969482422,96.1829605102539,365700,0.0,0.0,EVR,EVR
2018-08-09,113.9499969482422,114.0999984741211,111.6999969482422,111.8499984741211,94.410400390625,432100,0.0,0.0,EVR,EVR
2018-08-10,110.75,111.4499969482422,108.5,109.9499969482422,92.80662536621094,561300,0.0,0.0,EVR,EVR
2018-08-13,110.25,111.47000122070312,109.6500015258789,109.8499984741211,92.72224426269533,381300,0.0,0.0,EVR,EVR
2018-08-14,110.5,113.0999984741211,110.5,112.5999984741211,95.04344177246094,310400,0.0,0.0,EVR,EVR
2018-08-15,111.5999984741211,113.1500015258789,110.52999877929688,110.9499969482422,93.6507339477539,286400,0.0,0.0,EVR,EVR
2018-08-16,111.8000030517578,112.4000015258789,110.3499984741211,110.8499984741211,93.56633758544922,655500,0.0,0.0,EVR,EVR
2018-08-17,110.6500015258789,111.25,109.5999984741211,109.6500015258789,92.55343627929688,282400,0.0,0.0,EVR,EVR
2018-08-20,109.8499984741211,110.3499984741211,108.68000030517578,108.8499984741211,91.87818145751952,283200,0.0,0.0,EVR,EVR
2018-08-21,108.4000015258789,110.08000183105467,107.6500015258789,109.5500030517578,92.4690399169922,287200,0.0,0.0,EVR,EVR
2018-08-22,109.0,110.0500030517578,108.5500030517578,109.1500015258789,92.13140869140624,222100,0.0,0.0,EVR,EVR
2018-08-23,109.1500015258789,109.6500015258789,106.75,107.5500030517578,90.78084564208984,334200,0.0,0.0,EVR,EVR
2018-08-24,108.0,108.9000015258789,107.6999969482422,108.5999984741211,91.66714477539062,213100,0.0,0.0,EVR,EVR
2018-08-27,109.1500015258789,110.41999816894533,108.8499984741211,109.75,92.63785552978516,317500,0.0,0.0,EVR,EVR
2018-08-28,110.0500030517578,110.2300033569336,107.9000015258789,108.1500015258789,91.28732299804688,310600,0.0,0.0,EVR,EVR
2018-08-29,108.1500015258789,108.1500015258789,104.9000015258789,106.0999984741211,89.55693817138672,477000,0.0,0.0,EVR,EVR
2018-08-30,105.3499984741211,106.5999984741211,105.0500030517578,105.6500015258789,89.59935760498047,310800,0.5,0.0,EVR,EVR
2018-08-31,105.4499969482422,106.4499969482422,105.0,106.1500015258789,90.02340698242188,266700,0.0,0.0,EVR,EVR
2018-09-04,105.0,105.6500015258789,103.1500015258789,104.25,88.41201782226562,507500,0.0,0.0,EVR,EVR
2018-09-05,103.9499969482422,104.8000030517578,102.8499984741211,104.5999984741211,88.70886993408203,387800,0.0,0.0,EVR,EVR
2018-09-06,104.3499984741211,104.9499969482422,102.1500015258789,102.3000030517578,86.75825500488281,302500,0.0,0.0,EVR,EVR
2018-09-07,102.5,102.8000030517578,100.0,101.0,85.65579223632812,710300,0.0,0.0,EVR,EVR
2018-09-10,101.4499969482422,102.5,100.75,101.8499984741211,86.37666320800781,353700,0.0,0.0,EVR,EVR
2018-09-11,101.3499984741211,103.3499984741211,101.1500015258789,103.0,87.35192108154297,289000,0.0,0.0,EVR,EVR
2018-09-12,103.0500030517578,103.0999984741211,101.70999908447266,102.8000030517578,87.18234252929688,335800,0.0,0.0,EVR,EVR
2018-09-13,103.25,104.5999984741211,102.0,103.5500030517578,87.81839752197266,275400,0.0,0.0,EVR,EVR
2018-09-14,103.6999969482422,105.25,103.1999969482422,104.75,88.83607482910156,325300,0.0,0.0,EVR,EVR
2018-09-17,105.0999984741211,105.22000122070312,102.25,102.5,86.92790222167969,355300,0.0,0.0,EVR,EVR
2018-09-18,103.0,103.0500030517578,99.9499969482422,101.0,85.65579223632812,454200,0.0,0.0,EVR,EVR
2018-09-19,101.1999969482422,102.8000030517578,101.0,101.9499969482422,86.46145629882812,398300,0.0,0.0,EVR,EVR
2018-09-20,102.6999969482422,103.37999725341795,102.0999984741211,102.5500030517578,86.97032165527344,394900,0.0,0.0,EVR,EVR
2018-09-21,102.5999984741211,103.0999984741211,102.3000030517578,102.8000030517578,87.18234252929688,472600,0.0,0.0,EVR,EVR
2018-09-24,102.8499984741211,103.1999969482422,101.4000015258789,102.5500030517578,86.97032165527344,274100,0.0,0.0,EVR,EVR
2018-09-25,102.3000030517578,103.6500015258789,101.3000030517578,102.8000030517578,87.18234252929688,354500,0.0,0.0,EVR,EVR
2018-09-26,103.3499984741211,103.3499984741211,101.25,101.8000030517578,86.3342514038086,406600,0.0,0.0,EVR,EVR
2018-09-27,102.0,102.5500030517578,100.6999969482422,101.0999984741211,85.74058532714844,239500,0.0,0.0,EVR,EVR
2018-09-28,100.5500030517578,101.25,100.1500015258789,100.5500030517578,85.27415466308594,298400,0.0,0.0,EVR,EVR
2018-10-01,101.19000244140624,101.87999725341795,98.66999816894533,98.8000030517578,83.7900161743164,382400,0.0,0.0,EVR,EVR
2018-10-02,98.75,98.75,97.1999969482422,97.56999969482422,82.74689483642578,280400,0.0,0.0,EVR,EVR
2018-10-03,98.31999969482422,99.83999633789062,97.5999984741211,98.37000274658205,83.42536926269531,484000,0.0,0.0,EVR,EVR
2018-10-04,98.0999984741211,98.8000030517578,95.8499984741211,96.66000366210938,81.97514343261719,396400,0.0,0.0,EVR,EVR
2018-10-05,96.76000213623048,97.04000091552734,94.9000015258789,95.79000091552734,81.2373275756836,460800,0.0,0.0,EVR,EVR
2018-10-08,94.87999725341795,94.98999786376952,92.16999816894533,93.81999969482422,79.56658935546875,460900,0.0,0.0,EVR,EVR
2018-10-09,93.29000091552734,94.79000091552734,92.23999786376952,94.0199966430664,79.7362060546875,374600,0.0,0.0,EVR,EVR
2018-10-10,94.0,94.12000274658205,90.83999633789062,90.9800033569336,77.15805053710938,392300,0.0,0.0,EVR,EVR
2018-10-11,90.12000274658205,91.1500015258789,88.43000030517578,88.62999725341797,75.16506958007812,567800,0.0,0.0,EVR,EVR
2018-10-12,90.37000274658205,91.08999633789062,87.5,89.94000244140625,76.27604675292969,639500,0.0,0.0,EVR,EVR
2018-10-15,89.62000274658203,91.16000366210938,89.37999725341797,89.41999816894531,75.83505249023438,316700,0.0,0.0,EVR,EVR
2018-10-16,90.3000030517578,92.04000091552734,89.04000091552734,91.83000183105467,77.87890625,376600,0.0,0.0,EVR,EVR
2018-10-17,91.91999816894533,92.69000244140624,89.87000274658203,91.91999816894533,77.95525360107422,395000,0.0,0.0,EVR,EVR
2018-10-18,91.5500030517578,91.73999786376952,88.61000061035156,89.05000305175781,75.52127838134766,421100,0.0,0.0,EVR,EVR
2018-10-19,88.70999908447266,89.45999908447266,86.5999984741211,88.41999816894531,74.98697662353516,564200,0.0,0.0,EVR,EVR
2018-10-22,88.69999694824219,89.11000061035156,87.29000091552734,88.31999969482422,74.90218353271484,375000,0.0,0.0,EVR,EVR
2018-10-23,85.79000091552734,86.37000274658203,83.61000061035156,85.30000305175781,72.34095764160156,1348200,0.0,0.0,EVR,EVR
2018-10-24,84.87000274658203,85.91000366210938,80.86000061035156,81.01000213623047,68.70272827148438,1327400,0.0,0.0,EVR,EVR
2018-10-25,81.66999816894531,84.55999755859375,81.52999877929688,83.41999816894531,70.74659729003906,769500,0.0,0.0,EVR,EVR
2018-10-26,81.76000213623047,82.87000274658203,80.80000305175781,81.27999877929688,68.93170928955078,655900,0.0,0.0,EVR,EVR
2018-10-29,82.55000305175781,83.33999633789062,80.37999725341797,80.70999908447266,68.44829559326172,607100,0.0,0.0,EVR,EVR
2018-10-30,80.8499984741211,82.37999725341797,80.12000274658203,82.01000213623047,69.55081939697266,781100,0.0,0.0,EVR,EVR
2018-10-31,83.36000061035156,83.93000030517578,81.5999984741211,81.69000244140625,69.27940368652344,646000,0.0,0.0,EVR,EVR
2018-11-01,82.33999633789062,83.94000244140625,81.75,83.22000122070312,70.57698059082031,500700,0.0,0.0,EVR,EVR
2018-11-02,84.26000213623047,85.12999725341797,82.0999984741211,82.66000366210938,70.10204315185547,570400,0.0,0.0,EVR,EVR
2018-11-05,82.47000122070312,83.02999877929688,81.44999694824219,82.44999694824219,69.9239501953125,399600,0.0,0.0,EVR,EVR
2018-11-06,82.22000122070312,85.11000061035156,81.61000061035156,84.9000015258789,72.00174713134766,656900,0.0,0.0,EVR,EVR
2018-11-07,85.48999786376953,85.97000122070312,83.58999633789062,84.8499984741211,71.95934295654297,309800,0.0,0.0,EVR,EVR
2018-11-08,84.76000213623047,86.76000213623047,84.2699966430664,85.8499984741211,72.80741882324219,323600,0.0,0.0,EVR,EVR
2018-11-09,85.4000015258789,85.48999786376953,83.12000274658203,84.08999633789062,71.31480407714844,259300,0.0,0.0,EVR,EVR
2018-11-12,83.88999938964844,83.93000030517578,81.69999694824219,81.8499984741211,69.41510772705078,275800,0.0,0.0,EVR,EVR
2018-11-13,81.91000366210938,83.01000213623047,80.25,80.70999908447266,68.44829559326172,543800,0.0,0.0,EVR,EVR
2018-11-14,81.58999633789062,81.91999816894531,78.47000122070312,79.61000061035156,67.51542663574219,638300,0.0,0.0,EVR,EVR
2018-11-15,79.13999938964844,81.69000244140625,78.72000122070312,81.66999816894531,69.26246643066406,291500,0.0,0.0,EVR,EVR
2018-11-16,81.02999877929688,82.41000366210938,80.63999938964844,81.69999694824219,69.28789520263672,230100,0.0,0.0,EVR,EVR
2018-11-19,81.31999969482422,81.83999633789062,80.0999984741211,80.6500015258789,68.39739990234375,315600,0.0,0.0,EVR,EVR
2018-11-20,79.20999908447266,80.36000061035156,78.26000213623047,78.27999877929688,66.38748168945312,526200,0.0,0.0,EVR,EVR
2018-11-21,78.94000244140625,80.87999725341797,78.05999755859375,79.81999969482422,67.6935043334961,557400,0.0,0.0,EVR,EVR
2018-11-23,79.19000244140625,81.7699966430664,78.95999908447266,80.87999725341797,68.59248352050781,208700,0.0,0.0,EVR,EVR
2018-11-26,82.3499984741211,84.13999938964844,81.26000213623047,82.48999786376953,69.95785522460938,410800,0.0,0.0,EVR,EVR
2018-11-27,81.95999908447266,82.66000366210938,80.9800033569336,81.27999877929688,68.93170928955078,502900,0.0,0.0,EVR,EVR
2018-11-28,81.69000244140625,84.2699966430664,80.72000122070312,84.05999755859375,71.28934478759766,390400,0.0,0.0,EVR,EVR
2018-11-29,83.06999969482422,83.91000366210938,81.6500015258789,81.83000183105469,69.81340789794922,398900,0.5,0.0,EVR,EVR
2018-11-30,81.91999816894531,82.9800033569336,81.54000091552734,82.55999755859375,70.43618774414062,821100,0.0,0.0,EVR,EVR
2018-12-03,84.19999694824219,85.02999877929688,82.6500015258789,83.08999633789062,70.88838958740234,756900,0.0,0.0,EVR,EVR
2018-12-04,83.04000091552734,83.05000305175781,78.02999877929688,78.31999969482422,66.81883239746094,466900,0.0,0.0,EVR,EVR
2018-12-06,76.41000366210938,78.6500015258789,75.94000244140625,78.58000183105469,67.0406723022461,530500,0.0,0.0,EVR,EVR
2018-12-07,78.33999633789062,80.5999984741211,76.6500015258789,76.81999969482422,65.53911590576172,455600,0.0,0.0,EVR,EVR
2018-12-10,76.3499984741211,76.62000274658203,74.87000274658203,76.19999694824219,65.01018524169922,474200,0.0,0.0,EVR,EVR
2018-12-11,77.66999816894531,77.97000122070312,75.44999694824219,75.91000366210938,64.76275634765625,410400,0.0,0.0,EVR,EVR
2018-12-12,77.38999938964844,78.19999694824219,76.18000030517578,76.70999908447266,65.44527435302734,349500,0.0,0.0,EVR,EVR
2018-12-13,76.76000213623047,77.77999877929688,74.93000030517578,75.26000213623047,64.20818328857422,410000,0.0,0.0,EVR,EVR
2018-12-14,74.5,76.31999969482422,73.55000305175781,73.66999816894531,62.851688385009766,294700,0.0,0.0,EVR,EVR
2018-12-17,73.12000274658203,74.44000244140625,71.70999908447266,72.06999969482422,61.48666000366211,420200,0.0,0.0,EVR,EVR
2018-12-18,72.7699966430664,73.94000244140625,71.91000366210938,72.05000305175781,61.46960067749024,401100,0.0,0.0,EVR,EVR
2018-12-19,72.04000091552734,72.63999938964844,68.83000183105469,69.37000274658203,59.183135986328125,626000,0.0,0.0,EVR,EVR
2018-12-20,68.87000274658203,69.70999908447266,67.68000030517578,68.45999908447266,58.4067611694336,616500,0.0,0.0,EVR,EVR
2018-12-21,68.37000274658203,69.0999984741211,66.16000366210938,66.33000183105469,56.58955764770508,1003000,0.0,0.0,EVR,EVR
2018-12-24,65.83000183105469,66.98999786376953,64.5999984741211,64.9000015258789,55.36954116821289,230500,0.0,0.0,EVR,EVR
2018-12-26,65.48999786376953,68.75,64.37000274658203,68.66999816894531,58.58592224121094,442200,0.0,0.0,EVR,EVR
2018-12-27,67.44000244140625,69.58000183105469,66.62999725341797,69.54000091552734,59.32818222045898,398700,0.0,0.0,EVR,EVR
2018-12-28,69.91000366210938,71.16999816894531,69.55999755859375,70.7300033569336,60.34342575073242,569500,0.0,0.0,EVR,EVR
2018-12-31,71.05000305175781,71.95999908447266,70.2699966430664,71.55999755859375,61.05154037475586,358400,0.0,0.0,EVR,EVR
2019-01-02,70.11000061035156,74.2300033569336,69.9800033569336,73.83999633789062,62.9967155456543,725100,0.0,0.0,EVR,EVR
2019-01-03,73.37999725341797,75.58999633789062,72.93000030517578,73.66999816894531,62.851688385009766,790200,0.0,0.0,EVR,EVR
2019-01-04,74.80000305175781,76.86000061035156,74.5999984741211,76.44000244140625,65.21492767333984,607900,0.0,0.0,EVR,EVR
2019-01-07,74.44999694824219,76.26000213623047,73.1500015258789,75.01000213623047,63.99491500854492,783700,0.0,0.0,EVR,EVR
2019-01-08,76.5,77.58999633789062,74.88999938964844,77.1500015258789,65.82067108154297,771300,0.0,0.0,EVR,EVR
2019-01-09,77.52999877929688,79.19000244140625,77.5199966430664,79.12999725341797,67.50989532470703,390400,0.0,0.0,EVR,EVR
2019-01-10,78.7699966430664,80.37000274658203,77.91999816894531,80.04000091552734,68.28626251220703,413500,0.0,0.0,EVR,EVR
2019-01-11,79.5999984741211,81.56999969482422,79.3499984741211,81.29000091552734,69.35270690917969,560400,0.0,0.0,EVR,EVR
2019-01-14,80.62000274658203,81.62999725341797,79.58000183105469,80.66000366210938,68.81523895263672,916800,0.0,0.0,EVR,EVR
2019-01-15,81.0199966430664,81.36000061035156,79.25,81.22000122070312,69.29299926757812,335800,0.0,0.0,EVR,EVR
2019-01-16,82.25,84.16999816894531,82.22000122070312,83.72000122070312,71.42587280273438,305500,0.0,0.0,EVR,EVR
2019-01-17,83.12000274658203,84.88999938964844,82.76000213623047,83.66000366210938,71.37470245361328,438700,0.0,0.0,EVR,EVR
2019-01-18,84.47000122070312,86.44999694824219,83.5,86.22000122070312,73.55873107910156,602000,0.0,0.0,EVR,EVR
2019-01-22,85.5,85.5,82.56999969482422,83.16999816894531,70.95663452148438,628800,0.0,0.0,EVR,EVR
2019-01-23,83.68000030517578,83.93000030517578,81.69999694824219,82.80999755859375,70.64950561523438,414200,0.0,0.0,EVR,EVR
2019-01-24,82.8499984741211,84.13999938964844,82.20999908447266,83.63999938964844,71.35761260986328,407500,0.0,0.0,EVR,EVR
2019-01-25,84.7300033569336,85.3499984741211,84.37999725341797,84.6500015258789,72.21929168701172,284400,0.0,0.0,EVR,EVR
2019-01-28,83.79000091552734,85.62000274658203,83.7300033569336,85.0999984741211,72.60321044921875,421000,0.0,0.0,EVR,EVR
2019-01-29,85.12999725341797,85.12999725341797,83.55999755859375,83.61000061035156,71.33202362060547,493100,0.0,0.0,EVR,EVR
2019-01-30,93.0500030517578,93.5,87.5,90.68000030517578,77.36381530761719,2047600,0.0,0.0,EVR,EVR
2019-01-31,90.83999633789062,92.4000015258789,88.94999694824219,89.44999694824219,76.31441497802734,1020100,0.0,0.0,EVR,EVR
2019-02-01,89.19999694824219,90.41999816894533,88.88999938964844,89.80999755859375,76.62154388427734,754200,0.0,0.0,EVR,EVR
2019-02-04,89.94999694824219,90.19000244140624,88.36000061035156,89.66000366210938,76.49359130859375,459900,0.0,0.0,EVR,EVR
2019-02-05,89.76000213623047,91.95999908447266,89.66000366210938,90.72000122070312,77.39793395996094,867500,0.0,0.0,EVR,EVR
2019-02-06,89.4800033569336,90.79000091552734,89.41999816894531,90.45999908447266,77.1761245727539,602100,0.0,0.0,EVR,EVR
2019-02-07,90.0,90.3000030517578,88.16999816894531,89.66000366210938,76.49359130859375,768100,0.0,0.0,EVR,EVR
2019-02-08,89.12000274658203,89.9000015258789,87.98999786376953,89.61000061035156,76.4509506225586,368500,0.0,0.0,EVR,EVR
2019-02-11,89.87999725341797,91.2699966430664,89.52999877929688,91.16000366210938,77.77330780029297,464500,0.0,0.0,EVR,EVR
2019-02-12,91.47000122070312,92.47000122070312,90.4000015258789,90.8499984741211,77.50881958007812,492100,0.0,0.0,EVR,EVR
2019-02-13,90.79000091552734,91.79000091552734,89.73999786376953,89.9000015258789,76.69831848144531,376100,0.0,0.0,EVR,EVR
2019-02-14,89.2300033569336,90.16000366210938,88.36000061035156,89.55999755859375,76.40826416015625,417900,0.0,0.0,EVR,EVR
2019-02-15,90.54000091552734,92.41999816894533,89.76000213623047,91.73999786376952,78.26812744140625,507700,0.0,0.0,EVR,EVR
2019-02-19,91.02999877929688,92.41999816894533,90.01000213623047,91.83999633789062,78.35343933105469,360900,0.0,0.0,EVR,EVR
2019-02-20,91.36000061035156,92.75,91.0199966430664,92.4000015258789,78.83121490478516,444100,0.0,0.0,EVR,EVR
2019-02-21,92.18000030517578,92.36000061035156,90.91000366210938,91.36000061035156,78.36801147460938,219000,0.5,0.0,EVR,EVR
2019-02-22,91.36000061035156,92.23999786376952,91.11000061035156,91.7300033569336,78.68539428710938,211700,0.0,0.0,EVR,EVR
2019-02-25,92.0500030517578,93.62000274658205,91.95999908447266,92.87999725341795,79.67184448242188,486000,0.0,0.0,EVR,EVR
2019-02-26,92.81999969482422,94.0199966430664,92.81999969482422,93.58999633789062,80.28089141845703,557700,0.0,0.0,EVR,EVR
2019-02-27,93.73999786376952,94.25,92.5999984741211,93.68000030517578,80.35810089111328,348100,0.0,0.0,EVR,EVR
2019-02-28,93.66000366210938,93.7699966430664,91.91000366210938,92.0999984741211,79.0027847290039,412500,0.0,0.0,EVR,EVR
2019-03-01,93.05999755859376,94.13999938964844,92.91999816894533,93.5999984741211,80.28947448730469,246700,0.0,0.0,EVR,EVR
2019-03-04,93.79000091552734,94.7699966430664,92.23999786376952,92.83999633789062,79.63756561279297,373400,0.0,0.0,EVR,EVR
2019-03-05,92.7300033569336,93.08000183105467,90.72000122070312,91.33999633789062,78.3508529663086,486400,0.0,0.0,EVR,EVR
2019-03-06,91.44000244140624,91.47000122070312,88.95999908447266,89.12999725341797,76.45513153076172,235300,0.0,0.0,EVR,EVR
2019-03-07,88.88999938964844,89.0999984741211,87.22000122070312,88.5999984741211,76.00050354003906,361800,0.0,0.0,EVR,EVR
2019-03-08,87.58000183105469,88.94000244140625,86.91999816894531,88.08999633789062,75.56304168701172,326500,0.0,0.0,EVR,EVR
2019-03-11,88.76000213623047,91.06999969482422,88.08000183105469,90.81999969482422,77.90481567382812,395400,0.0,0.0,EVR,EVR
2019-03-12,91.11000061035156,92.41000366210938,90.5999984741211,92.2300033569336,79.11430358886719,456800,0.0,0.0,EVR,EVR
2019-03-13,92.97000122070312,93.25,92.12000274658205,92.4499969482422,79.30300903320312,376600,0.0,0.0,EVR,EVR
2019-03-14,92.20999908447266,92.7699966430664,91.41999816894533,91.4800033569336,78.47093200683594,587700,0.0,0.0,EVR,EVR
2019-03-15,91.44000244140624,91.93000030517578,89.31999969482422,89.88999938964844,77.10704040527344,807900,0.0,0.0,EVR,EVR
2019-03-18,90.48999786376952,92.62999725341795,90.48999786376952,92.19000244140624,79.0799789428711,311700,0.0,0.0,EVR,EVR
2019-03-19,92.9800033569336,93.30999755859376,91.80999755859376,92.0500030517578,78.95989227294922,419200,0.0,0.0,EVR,EVR
2019-03-20,91.97000122070312,92.77999877929688,90.95999908447266,91.04000091552734,78.09349060058594,621400,0.0,0.0,EVR,EVR
2019-03-21,90.6500015258789,92.11000061035156,89.8499984741211,91.7699966430664,78.71973419189453,374700,0.0,0.0,EVR,EVR
2019-03-22,90.8499984741211,90.87000274658205,87.33999633789062,88.12000274658203,75.58877563476562,294500,0.0,0.0,EVR,EVR
2019-03-25,88.3499984741211,89.4800033569336,87.91999816894531,89.19999694824219,76.51516723632812,400900,0.0,0.0,EVR,EVR
2019-03-26,90.0,90.58999633789062,89.37000274658203,90.44000244140624,77.57884216308594,482200,0.0,0.0,EVR,EVR
2019-03-27,90.7300033569336,92.01000213623048,90.38999938964844,91.12000274658205,78.16216278076172,374000,0.0,0.0,EVR,EVR
2019-03-28,91.55999755859376,92.23999786376952,91.0,91.47000122070312,78.46237182617188,398800,0.0,0.0,EVR,EVR
2019-03-29,92.08000183105467,92.08000183105467,90.01000213623047,91.0,78.0592269897461,554700,0.0,0.0,EVR,EVR
2019-04-01,92.05999755859376,93.87000274658205,91.9499969482422,93.4000015258789,80.11791229248047,382600,0.0,0.0,EVR,EVR
2019-04-02,93.30999755859376,93.43000030517578,92.5,93.29000091552734,80.02355194091797,238000,0.0,0.0,EVR,EVR
2019-04-03,94.16000366210938,94.29000091552734,92.6500015258789,93.05999755859376,79.82626342773438,351100,0.0,0.0,EVR,EVR
2019-04-04,93.0,94.1500015258789,92.97000122070312,93.79000091552734,80.45246124267578,351600,0.0,0.0,EVR,EVR
2019-04-05,94.08000183105467,94.51000213623048,93.58000183105467,93.97000122070312,80.60685729980469,310400,0.0,0.0,EVR,EVR
2019-04-08,93.0999984741211,93.16999816894533,90.41999816894533,90.79000091552734,77.87907409667969,526100,0.0,0.0,EVR,EVR
2019-04-09,90.22000122070312,91.05999755859376,89.69000244140625,89.94000244140625,77.14996337890625,301000,0.0,0.0,EVR,EVR
2019-04-10,90.47000122070312,91.05999755859376,90.16000366210938,90.45999908447266,77.59600067138672,406300,0.0,0.0,EVR,EVR
2019-04-11,91.08999633789062,91.87999725341795,90.54000091552734,91.77999877929688,78.72830200195312,416800,0.0,0.0,EVR,EVR
2019-04-12,93.37999725341795,95.16999816894533,93.37999725341795,94.83999633789062,81.35313415527344,504600,0.0,0.0,EVR,EVR
2019-04-15,94.51000213623048,95.66999816894533,93.63999938964844,93.69000244140624,80.36666870117188,314000,0.0,0.0,EVR,EVR
2019-04-16,93.98999786376952,95.1999969482422,93.62000274658205,95.11000061035156,81.58476257324219,271200,0.0,0.0,EVR,EVR
2019-04-17,95.37000274658205,95.41999816894533,93.29000091552734,94.33000183105467,80.9156494140625,395600,0.0,0.0,EVR,EVR
2019-04-18,94.66000366210938,94.66000366210938,92.6999969482422,93.91999816894533,80.56396484375,273800,0.0,0.0,EVR,EVR
2019-04-22,93.75,94.80999755859376,93.20999908447266,94.54000091552734,81.09578704833984,300100,0.0,0.0,EVR,EVR
2019-04-23,94.75,96.2300033569336,93.68000030517578,95.9000015258789,82.26239013671875,587500,0.0,0.0,EVR,EVR
2019-04-24,94.95999908447266,95.0500030517578,91.93000030517578,94.08999633789062,80.70979309082031,1125700,0.0,0.0,EVR,EVR
2019-04-25,95.12999725341795,97.37000274658205,94.0999984741211,96.86000061035156,83.08589172363281,618800,0.0,0.0,EVR,EVR
2019-04-26,96.36000061035156,97.4800033569336,95.61000061035156,96.69000244140624,82.94005584716797,524800,0.0,0.0,EVR,EVR
2019-04-29,97.33000183105467,98.9000015258789,96.8000030517578,98.0199966430664,84.08090209960938,344400,0.0,0.0,EVR,EVR
2019-04-30,98.2300033569336,98.3000030517578,96.0500030517578,97.43000030517578,83.57481384277344,434500,0.0,0.0,EVR,EVR
2019-05-01,97.56999969482422,97.66000366210938,94.77999877929688,94.77999877929688,81.30166625976562,275600,0.0,0.0,EVR,EVR
2019-05-02,94.91000366210938,95.66999816894533,93.83999633789062,94.83000183105467,81.34455871582031,338500,0.0,0.0,EVR,EVR
2019-05-03,94.86000061035156,95.62000274658205,94.5199966430664,94.9800033569336,81.47321319580078,337400,0.0,0.0,EVR,EVR
2019-05-06,93.41999816894533,93.88999938964844,92.12999725341795,93.62000274658205,80.30663299560547,381600,0.0,0.0,EVR,EVR
2019-05-07,92.52999877929688,92.6999969482422,89.9000015258789,90.7699966430664,77.86190795898438,448000,0.0,0.0,EVR,EVR
2019-05-08,90.37999725341795,91.26000213623048,89.68000030517578,89.75,76.9869613647461,321600,0.0,0.0,EVR,EVR
2019-05-09,89.11000061035156,90.87000274658205,88.38999938964844,90.2300033569336,77.39869689941406,428200,0.0,0.0,EVR,EVR
2019-05-10,89.68000030517578,90.61000061035156,88.76000213623047,90.16999816894533,77.34722900390625,447300,0.0,0.0,EVR,EVR
2019-05-13,88.04000091552734,88.45999908447266,85.47000122070312,85.7699966430664,73.57295989990234,424300,0.0,0.0,EVR,EVR
2019-05-14,85.83999633789062,87.5999984741211,85.77999877929688,86.79000091552734,74.44791412353516,421300,0.0,0.0,EVR,EVR
2019-05-15,85.66999816894531,85.83000183105469,84.25,85.05000305175781,72.95532989501953,414700,0.0,0.0,EVR,EVR
2019-05-16,85.01000213623047,86.38999938964844,84.91999816894531,85.76000213623047,73.56437683105469,466400,0.0,0.0,EVR,EVR
2019-05-17,84.80999755859375,84.95999908447266,82.19999694824219,82.2699966430664,70.5706787109375,735700,0.0,0.0,EVR,EVR
2019-05-20,81.79000091552734,83.2300033569336,81.22000122070312,82.75,70.98243713378906,601600,0.0,0.0,EVR,EVR
2019-05-21,83.52999877929688,84.66999816894531,83.02999877929688,83.2699966430664,71.42845916748047,437300,0.0,0.0,EVR,EVR
2019-05-22,82.7300033569336,83.06999969482422,82.33999633789062,82.44000244140625,70.71647644042969,222800,0.0,0.0,EVR,EVR
2019-05-23,82.66000366210938,82.87999725341797,80.38999938964844,80.83000183105469,69.33545684814453,533800,0.0,0.0,EVR,EVR
2019-05-24,81.44999694824219,82.30000305175781,80.97000122070312,82.06999969482422,70.39910888671875,714000,0.0,0.0,EVR,EVR
2019-05-28,82.23999786376953,82.81999969482422,80.58000183105469,80.63999938964844,69.1724853515625,324000,0.0,0.0,EVR,EVR
2019-05-29,80.0,80.43000030517578,79.22000122070312,80.30999755859375,68.8893814086914,433100,0.0,0.0,EVR,EVR
2019-05-30,79.77999877929688,80.76000213623047,78.58000183105469,78.81999969482422,68.1031265258789,367100,0.58,0.0,EVR,EVR
2019-05-31,77.87999725341797,78.58999633789062,77.08000183105469,77.2300033569336,66.72930145263672,951500,0.0,0.0,EVR,EVR
2019-06-03,77.06999969482422,78.87999725341797,77.01000213623047,78.48999786376953,67.8179931640625,579900,0.0,0.0,EVR,EVR
2019-06-04,80.38999938964844,83.08999633789062,80.0199966430664,83.0199966430664,71.7320785522461,434500,0.0,0.0,EVR,EVR
2019-06-05,83.5,84.45999908447266,82.43000030517578,84.33000183105469,72.86395263671875,564900,0.0,0.0,EVR,EVR
2019-06-06,86.0,87.75,85.22000122070312,87.16000366210938,75.30916595458984,468000,0.0,0.0,EVR,EVR
2019-06-07,87.75,88.87000274658203,87.08999633789062,87.87000274658203,75.922607421875,322500,0.0,0.0,EVR,EVR
2019-06-10,89.27999877929688,89.56999969482422,88.33999633789062,88.73999786376953,76.67433166503906,491400,0.0,0.0,EVR,EVR
2019-06-11,89.5999984741211,90.38999938964844,88.9000015258789,89.37000274658203,77.21868133544922,271600,0.0,0.0,EVR,EVR
2019-06-12,89.29000091552734,89.29000091552734,87.27999877929688,88.31999969482422,76.31145477294922,224400,0.0,0.0,EVR,EVR
2019-06-13,88.80000305175781,89.36000061035156,87.48999786376953,87.9800033569336,76.0176773071289,242200,0.0,0.0,EVR,EVR
2019-06-14,87.79000091552734,87.87000274658203,86.3499984741211,87.11000061035156,75.26598358154297,269100,0.0,0.0,EVR,EVR
2019-06-17,86.69000244140625,87.6500015258789,85.9000015258789,86.12999725341797,74.41919708251953,302000,0.0,0.0,EVR,EVR
2019-06-18,86.19000244140625,88.5,86.0199966430664,87.43000030517578,75.54244232177734,325500,0.0,0.0,EVR,EVR
2019-06-19,87.87999725341797,88.26000213623047,86.77999877929688,86.83999633789062,75.03268432617188,324100,0.0,0.0,EVR,EVR
2019-06-20,88.01000213623047,88.62999725341797,87.16000366210938,87.8499984741211,75.90535736083984,271800,0.0,0.0,EVR,EVR
2019-06-21,87.63999938964844,88.75,87.3499984741211,88.43000030517578,76.406494140625,564700,0.0,0.0,EVR,EVR
2019-06-24,88.47000122070312,89.2300033569336,87.13999938964844,87.22000122070312,75.36100769042969,254700,0.0,0.0,EVR,EVR
2019-06-25,87.31999969482422,87.83000183105469,85.97000122070312,87.02999877929688,75.19683074951172,324900,0.0,0.0,EVR,EVR
2019-06-26,87.62999725341797,88.66999816894531,87.22000122070312,87.62000274658203,75.70662689208984,271700,0.0,0.0,EVR,EVR
2019-06-27,88.19999694824219,90.04000091552734,87.44000244140625,88.45999908447266,76.43241119384766,395400,0.0,0.0,EVR,EVR
2019-06-28,89.31999969482422,90.5199966430664,88.4800033569336,88.56999969482422,76.5274429321289,975700,0.0,0.0,EVR,EVR
2019-07-01,90.47000122070312,91.12000274658205,88.5199966430664,88.94999694824219,76.85578155517578,355600,0.0,0.0,EVR,EVR
2019-07-02,88.98999786376953,88.98999786376953,87.81999969482422,88.44999694824219,76.42375946044922,254800,0.0,0.0,EVR,EVR
2019-07-03,88.94999694824219,89.43000030517578,88.45999908447266,89.18000030517578,77.05450439453125,127100,0.0,0.0,EVR,EVR
2019-07-05,89.51000213623047,90.48999786376952,89.05999755859375,89.66000366210938,77.46924591064453,194500,0.0,0.0,EVR,EVR
2019-07-08,88.62000274658203,88.62000274658203,85.91000366210938,86.68000030517578,74.89442443847656,515100,0.0,0.0,EVR,EVR
2019-07-09,85.93000030517578,87.62000274658203,85.69000244140625,87.51000213623047,75.61158752441406,326900,0.0,0.0,EVR,EVR
2019-07-10,87.86000061035156,88.4800033569336,86.97000122070312,87.08000183105469,75.24005126953125,215300,0.0,0.0,EVR,EVR
2019-07-11,87.73999786376953,89.2300033569336,87.41000366210938,89.06999969482422,76.95948028564453,258800,0.0,0.0,EVR,EVR
2019-07-12,89.25,91.16000366210938,89.13999938964844,90.91000366210938,78.54930877685547,269800,0.0,0.0,EVR,EVR
2019-07-15,90.5999984741211,91.4499969482422,88.05000305175781,88.61000061035156,76.56201171875,443600,0.0,0.0,EVR,EVR
2019-07-16,88.98999786376953,90.1999969482422,88.72000122070312,89.75,77.5469970703125,256400,0.0,0.0,EVR,EVR
2019-07-17,89.69999694824219,89.94999694824219,87.51000213623047,87.87000274658203,75.922607421875,386100,0.0,0.0,EVR,EVR
2019-07-18,87.87000274658203,89.2699966430664,87.16999816894531,88.1500015258789,76.16455078125,371400,0.0,0.0,EVR,EVR
2019-07-19,88.08999633789062,89.29000091552734,87.16000366210938,87.19000244140625,75.33509063720703,524900,0.0,0.0,EVR,EVR
2019-07-22,87.58000183105469,88.19000244140625,86.76000213623047,87.0,75.17091369628906,277600,0.0,0.0,EVR,EVR
2019-07-23,87.45999908447266,88.43000030517578,86.80999755859375,87.52999877929688,75.62885284423828,750100,0.0,0.0,EVR,EVR
2019-07-24,88.0,90.7699966430664,87.58000183105469,90.31999969482422,78.03951263427734,1046600,0.0,0.0,EVR,EVR
2019-07-25,90.7300033569336,91.58999633789062,88.33000183105469,88.94000244140625,76.84713745117188,468300,0.0,0.0,EVR,EVR
2019-07-26,89.30000305175781,89.6500015258789,87.91000366210938,89.38999938964844,77.2359619140625,286700,0.0,0.0,EVR,EVR
2019-07-29,89.18000030517578,89.44000244140625,87.2300033569336,87.52999877929688,75.62885284423828,344300,0.0,0.0,EVR,EVR
2019-07-30,86.6500015258789,87.44999694824219,85.44999694824219,87.27999877929688,75.412841796875,376300,0.0,0.0,EVR,EVR
2019-07-31,87.7300033569336,88.0199966430664,85.94000244140625,86.37000274658203,74.6265869140625,407900,0.0,0.0,EVR,EVR
2019-08-01,86.19999694824219,86.43000030517578,81.70999908447266,82.0,70.85075378417969,437300,0.0,0.0,EVR,EVR
2019-08-02,81.5999984741211,81.5999984741211,78.8499984741211,80.56999969482422,69.61517333984375,732700,0.0,0.0,EVR,EVR
2019-08-05,78.75,79.1500015258789,76.79000091552734,77.98999786376953,67.3859634399414,603500,0.0,0.0,EVR,EVR
2019-08-06,79.2699966430664,80.94000244140625,79.06999969482422,80.7300033569336,69.75342559814453,609200,0.0,0.0,EVR,EVR
2019-08-07,79.2300033569336,80.13999938964844,78.55999755859375,79.58000183105469,68.75979614257812,428800,0.0,0.0,EVR,EVR
2019-08-08,80.66999816894531,81.66999816894531,80.44000244140625,81.33000183105469,70.27184295654297,434900,0.0,0.0,EVR,EVR
2019-08-09,80.81999969482422,81.06999969482422,78.58000183105469,78.66999816894531,67.9735107421875,286100,0.0,0.0,EVR,EVR
2019-08-12,77.36000061035156,77.44000244140625,75.54000091552734,75.93000030517578,65.6060562133789,289600,0.0,0.0,EVR,EVR
2019-08-13,75.9000015258789,78.88999938964844,75.5999984741211,78.58000183105469,67.895751953125,299200,0.0,0.0,EVR,EVR
2019-08-14,76.88999938964844,78.06999969482422,75.77999877929688,77.11000061035156,66.6256103515625,316600,0.0,0.0,EVR,EVR
2019-08-15,77.75,78.55999755859375,76.5,76.97000122070312,66.50466918945312,294200,0.0,0.0,EVR,EVR
2019-08-16,77.51000213623047,79.33999633789062,77.44999694824219,78.83999633789062,68.12040710449219,288600,0.0,0.0,EVR,EVR
2019-08-19,80.12999725341797,80.41999816894531,76.5,79.45999908447266,68.65609741210938,210700,0.0,0.0,EVR,EVR
2019-08-20,79.16999816894531,79.2300033569336,78.0999984741211,78.79000091552734,68.07719421386719,288900,0.0,0.0,EVR,EVR
2019-08-21,79.76000213623047,79.87000274658203,78.69000244140625,78.98999786376953,68.25001525878906,222500,0.0,0.0,EVR,EVR
2019-08-22,79.55999755859375,79.68000030517578,78.16999816894531,79.05000305175781,68.30186462402344,148000,0.0,0.0,EVR,EVR
2019-08-23,78.56999969482422,79.38999938964844,76.62000274658203,76.80000305175781,66.35779571533203,269800,0.0,0.0,EVR,EVR
2019-08-26,77.55999755859375,77.88999938964844,76.18000030517578,77.18000030517578,66.68612670898438,257500,0.0,0.0,EVR,EVR
2019-08-27,77.73999786376953,77.73999786376953,75.05999755859375,75.91999816894531,65.59741973876953,399100,0.0,0.0,EVR,EVR
2019-08-28,75.66000366210938,77.5,75.41999816894531,76.94999694824219,66.48737335205078,197900,0.0,0.0,EVR,EVR
2019-08-29,77.72000122070312,79.2699966430664,77.72000122070312,79.08000183105469,68.84669494628906,277300,0.58,0.0,EVR,EVR
2019-08-30,79.62999725341797,80.02999877929688,78.94999694824219,79.76000213623047,69.4386978149414,445000,0.0,0.0,EVR,EVR
2019-09-03,79.20999908447266,79.62000274658203,76.54000091552734,77.4000015258789,67.38411712646484,495800,0.0,0.0,EVR,EVR
2019-09-04,78.44999694824219,78.61000061035156,77.20999908447266,78.36000061035156,68.21986389160156,421900,0.0,0.0,EVR,EVR
2019-09-05,79.80999755859375,80.9800033569336,79.72000122070312,79.83999633789062,69.50834655761719,275800,0.0,0.0,EVR,EVR
2019-09-06,79.80999755859375,79.9800033569336,78.19999694824219,78.4800033569336,68.32433319091797,449200,0.0,0.0,EVR,EVR
2019-09-09,79.2300033569336,81.26000213623047,79.0999984741211,80.54000091552734,70.11775970458984,567200,0.0,0.0,EVR,EVR
2019-09-10,81.0199966430664,81.80999755859375,80.26000213623047,81.61000061035156,71.04930114746094,725100,0.0,0.0,EVR,EVR
2019-09-11,82.08999633789062,82.08999633789062,79.37000274658203,80.5199966430664,70.10034942626953,630000,0.0,0.0,EVR,EVR
2019-09-12,80.11000061035156,81.6500015258789,79.43000030517578,81.16999816894531,70.66622924804688,305500,0.0,0.0,EVR,EVR
2019-09-13,82.02999877929688,83.94999694824219,81.79000091552734,83.62000274658203,72.79917907714844,568600,0.0,0.0,EVR,EVR
2019-09-16,82.66999816894531,84.66999816894531,82.66999816894531,83.76000213623047,72.92108154296875,456700,0.0,0.0,EVR,EVR
2019-09-17,83.2300033569336,84.81999969482422,82.26000213623047,84.7300033569336,73.76557159423828,490800,0.0,0.0,EVR,EVR
2019-09-18,84.08000183105469,85.33000183105469,83.58000183105469,84.97000122070312,73.9745101928711,427500,0.0,0.0,EVR,EVR
2019-09-19,84.91000366210938,85.41999816894531,83.1500015258789,83.6500015258789,72.82532501220703,570100,0.0,0.0,EVR,EVR
2019-09-20,83.80999755859375,85.12999725341797,83.73999786376953,84.63999938964844,73.68720245361328,842200,0.0,0.0,EVR,EVR
2019-09-23,83.97000122070312,84.62000274658203,82.13999938964844,84.22000122070312,73.32157135009766,398300,0.0,0.0,EVR,EVR
2019-09-24,84.22000122070312,84.4800033569336,80.81999969482422,80.95999908447266,70.48341369628906,459000,0.0,0.0,EVR,EVR
2019-09-25,80.86000061035156,82.55000305175781,80.44000244140625,82.16000366210938,71.52813720703125,367100,0.0,0.0,EVR,EVR
2019-09-26,81.8499984741211,82.44000244140625,79.98999786376953,80.16000366210938,69.78695678710938,874200,0.0,0.0,EVR,EVR
2019-09-27,80.66000366210938,81.13999938964844,78.61000061035156,78.75,68.55941772460938,701800,0.0,0.0,EVR,EVR
2019-09-30,79.08999633789062,80.52999877929688,79.04000091552734,80.0999984741211,69.7347183227539,912200,0.0,0.0,EVR,EVR
2019-10-01,80.33000183105469,80.51000213623047,76.69000244140625,77.30000305175781,67.29703521728516,436000,0.0,0.0,EVR,EVR
2019-10-02,76.55000305175781,76.93000030517578,75.13999938964844,75.69000244140625,65.89537811279297,495400,0.0,0.0,EVR,EVR
2019-10-03,75.41000366210938,76.23999786376953,74.55999755859375,76.19000244140625,66.33067321777344,433800,0.0,0.0,EVR,EVR
2019-10-04,76.08000183105469,76.52999877929688,74.86000061035156,75.70999908447266,65.91277313232422,508900,0.0,0.0,EVR,EVR
2019-10-07,75.70999908447266,76.69000244140625,75.05000305175781,75.0999984741211,65.3817138671875,452900,0.0,0.0,EVR,EVR
2019-10-08,73.91000366210938,74.91999816894531,73.51000213623047,73.95999908447266,64.38923645019531,318600,0.0,0.0,EVR,EVR
2019-10-09,74.55999755859375,75.05000305175781,73.5999984741211,73.81999969482422,64.26736450195312,467400,0.0,0.0,EVR,EVR
2019-10-10,74.7300033569336,75.5,74.27999877929688,74.3499984741211,64.728759765625,549900,0.0,0.0,EVR,EVR
2019-10-11,75.75,77.41999816894531,75.5999984741211,76.0999984741211,66.2522964477539,439700,0.0,0.0,EVR,EVR
2019-10-14,75.68000030517578,77.0,75.54000091552734,76.2699966430664,66.40032196044922,289600,0.0,0.0,EVR,EVR
2019-10-15,76.18000030517578,77.77999877929688,75.69000244140625,77.13999938964844,67.1577377319336,328400,0.0,0.0,EVR,EVR
2019-10-16,76.87000274658203,77.94999694824219,76.52999877929688,76.7699966430664,66.83561706542969,392200,0.0,0.0,EVR,EVR
2019-10-17,77.4800033569336,77.4800033569336,76.41000366210938,76.62000274658203,66.70501708984375,369500,0.0,0.0,EVR,EVR
2019-10-18,76.30000305175781,77.68000030517578,76.11000061035156,76.97000122070312,67.0097427368164,329600,0.0,0.0,EVR,EVR
2019-10-21,77.81999969482422,78.88999938964844,77.80999755859375,78.72000122070312,68.53327941894531,338400,0.0,0.0,EVR,EVR
2019-10-22,78.88999938964844,79.5999984741211,78.3499984741211,78.91999816894531,68.7074203491211,704900,0.0,0.0,EVR,EVR
2019-10-23,71.76000213623047,75.0,71.05999755859375,73.33000183105469,63.840763092041016,1830000,0.0,0.0,EVR,EVR
2019-10-24,73.56999969482422,74.36000061035156,72.94999694824219,74.29000091552734,64.67654418945312,481600,0.0,0.0,EVR,EVR
2019-10-25,74.16000366210938,74.9800033569336,73.94000244140625,74.52999877929688,64.88549041748047,452500,0.0,0.0,EVR,EVR
2019-10-28,75.16999816894531,76.94000244140625,75.16999816894531,76.12000274658203,66.2697525024414,526300,0.0,0.0,EVR,EVR
2019-10-29,75.44999694824219,76.0999984741211,74.6500015258789,75.44000244140625,65.677734375,511300,0.0,0.0,EVR,EVR
2019-10-30,75.05999755859375,75.05999755859375,73.16999816894531,73.66999816894531,64.13677215576172,564100,0.0,0.0,EVR,EVR
2019-10-31,73.38999938964844,73.94999694824219,72.80000305175781,73.63999938964844,64.11067199707031,851800,0.0,0.0,EVR,EVR
2019-11-01,74.54000091552734,75.66000366210938,74.18000030517578,75.13999938964844,65.41654205322266,445900,0.0,0.0,EVR,EVR
2019-11-04,75.5199966430664,77.12999725341797,74.44999694824219,76.7699966430664,66.83561706542969,505600,0.0,0.0,EVR,EVR
2019-11-05,77.37999725341797,78.7300033569336,77.12999725341797,77.91000366210938,67.82811737060547,615900,0.0,0.0,EVR,EVR
2019-11-06,77.88999938964844,78.27999877929688,77.5,77.87000274658203,67.79326629638672,353200,0.0,0.0,EVR,EVR
2019-11-07,78.83000183105469,80.16999816894531,78.4800033569336,78.81999969482422,68.62034606933594,437700,0.0,0.0,EVR,EVR
2019-11-08,78.76000213623047,79.0,77.94999694824219,78.27999877929688,68.15021514892578,203600,0.0,0.0,EVR,EVR
2019-11-11,77.72000122070312,78.16000366210938,77.12000274658203,77.30000305175781,67.29703521728516,333400,0.0,0.0,EVR,EVR
2019-11-12,77.25,78.08000183105469,76.5999984741211,77.1500015258789,67.16643524169922,285100,0.0,0.0,EVR,EVR
2019-11-13,76.31999969482422,76.97000122070312,74.98999786376953,75.2300033569336,65.49491119384766,298300,0.0,0.0,EVR,EVR
2019-11-14,74.93000030517578,75.98999786376953,74.69000244140625,75.8499984741211,66.03468322753906,335600,0.0,0.0,EVR,EVR
2019-11-15,76.37999725341797,76.76000213623047,75.41999816894531,75.80000305175781,65.99115753173828,248100,0.0,0.0,EVR,EVR
2019-11-18,75.75,76.41000366210938,75.23999786376953,76.0,66.16525268554688,298600,0.0,0.0,EVR,EVR
2019-11-19,76.2300033569336,76.8499984741211,76.05000305175781,76.5,66.6005630493164,253800,0.0,0.0,EVR,EVR
2019-11-20,77.04000091552734,79.0,76.48999786376953,77.83999633789062,67.76715087890625,546700,0.0,0.0,EVR,EVR
2019-11-21,78.0,78.16000366210938,76.91999816894531,77.41000366210938,67.39281463623047,375700,0.0,0.0,EVR,EVR
2019-11-22,77.62000274658203,78.70999908447266,77.62000274658203,78.5,68.34174346923828,227900,0.0,0.0,EVR,EVR
2019-11-25,78.80000305175781,80.3499984741211,78.37999725341797,80.11000061035156,69.74341583251953,476600,0.0,0.0,EVR,EVR
2019-11-26,80.19999694824219,80.86000061035156,78.9800033569336,79.19000244140625,68.94247436523438,317000,0.0,0.0,EVR,EVR
2019-11-27,79.08999633789062,79.11000061035156,78.04000091552734,78.33999633789062,68.70564270019531,279900,0.58,0.0,EVR,EVR
2019-11-29,78.01000213623047,78.13999938964844,77.19999694824219,77.37999725341797,67.86372375488281,89900,0.0,0.0,EVR,EVR
2019-12-02,77.44000244140625,78.05999755859375,76.41000366210938,76.45999908447266,67.05686950683594,261400,0.0,0.0,EVR,EVR
2019-12-03,75.58999633789062,75.58999633789062,74.01000213623047,75.06999969482422,65.83780670166016,483700,0.0,0.0,EVR,EVR
2019-12-04,75.11000061035156,76.41999816894531,75.11000061035156,75.9000015258789,66.56575012207031,484200,0.0,0.0,EVR,EVR
2019-12-05,76.52999877929688,77.19000244140625,75.58000183105469,75.87999725341797,66.5481948852539,590400,0.0,0.0,EVR,EVR
2019-12-06,76.72000122070312,77.69000244140625,76.69000244140625,77.1500015258789,67.66201782226562,291800,0.0,0.0,EVR,EVR
2019-12-09,77.0999984741211,77.18000030517578,75.62000274658203,75.73999786376953,66.42540740966797,411300,0.0,0.0,EVR,EVR
2019-12-10,75.58000183105469,76.06999969482422,74.29000091552734,74.54000091552734,65.37300872802734,491300,0.0,0.0,EVR,EVR
2019-12-11,74.44999694824219,74.9000015258789,73.6500015258789,73.9800033569336,64.88187408447266,438400,0.0,0.0,EVR,EVR
2019-12-12,74.12000274658203,76.31999969482422,74.04000091552734,76.30000305175781,66.91656494140625,380600,0.0,0.0,EVR,EVR
2019-12-13,76.0999984741211,77.08000183105469,75.45999908447266,75.56999969482422,66.27632141113281,353300,0.0,0.0,EVR,EVR
2019-12-16,76.33999633789062,77.23999786376953,75.38999938964844,75.55999755859375,66.2675552368164,413800,0.0,0.0,EVR,EVR
2019-12-17,75.72000122070312,76.16000366210938,74.9000015258789,75.87000274658203,66.53944396972656,394900,0.0,0.0,EVR,EVR
2019-12-18,76.33000183105469,76.41999816894531,75.79000091552734,76.26000213623047,66.88146209716797,434000,0.0,0.0,EVR,EVR
2019-12-19,76.73999786376953,76.88999938964844,75.66999816894531,75.73999786376953,66.42540740966797,298200,0.0,0.0,EVR,EVR
2019-12-20,76.33000183105469,77.06999969482422,75.72000122070312,76.55999755859375,67.14457702636719,819400,0.0,0.0,EVR,EVR
2019-12-23,76.75,76.91999816894531,75.45999908447266,75.66000366210938,66.35526275634766,227000,0.0,0.0,EVR,EVR
2019-12-24,76.01000213623047,76.47000122070312,75.81999969482422,76.0,66.65345764160156,88300,0.0,0.0,EVR,EVR
2019-12-26,76.16999816894531,76.91000366210938,76.11000061035156,76.56999969482422,67.1533432006836,156900,0.0,0.0,EVR,EVR
2019-12-27,76.69999694824219,76.87999725341797,75.36000061035156,75.37999725341797,66.10968780517578,207400,0.0,0.0,EVR,EVR
2019-12-30,75.66000366210938,75.97000122070312,74.66000366210938,75.01000213623047,65.78520202636719,366800,0.0,0.0,EVR,EVR
2019-12-31,74.79000091552734,75.20999908447266,74.38999938964844,74.76000213623047,65.56592559814453,311700,0.0,0.0,EVR,EVR
2020-01-02,75.43000030517578,75.75,74.93000030517578,75.72000122070312,66.40786743164062,360900,0.0,0.0,EVR,EVR
2020-01-03,74.58999633789062,74.9800033569336,72.55999755859375,73.37999725341797,64.35565185546875,429000,0.0,0.0,EVR,EVR
2020-01-06,72.26000213623047,73.97000122070312,71.41000366210938,73.83999633789062,64.75907135009766,686000,0.0,0.0,EVR,EVR
2020-01-07,73.37000274658203,73.86000061035156,72.94999694824219,73.37999725341797,64.35565185546875,618400,0.0,0.0,EVR,EVR
2020-01-08,73.45999908447266,75.7699966430664,73.30000305175781,75.33000183105469,66.06584167480469,497500,0.0,0.0,EVR,EVR
2020-01-09,75.88999938964844,76.0,73.94000244140625,75.11000061035156,65.87290954589844,486800,0.0,0.0,EVR,EVR
2020-01-10,75.30000305175781,75.47000122070312,74.26000213623047,74.6500015258789,65.46945190429688,378900,0.0,0.0,EVR,EVR
2020-01-13,75.12999725341797,75.33000183105469,73.94999694824219,74.4800033569336,65.32039642333984,596700,0.0,0.0,EVR,EVR
2020-01-14,74.80000305175781,75.94999694824219,74.5999984741211,75.19000244140625,65.94305419921875,488300,0.0,0.0,EVR,EVR
2020-01-15,74.76000213623047,75.6500015258789,74.36000061035156,75.16999816894531,65.92550659179688,594200,0.0,0.0,EVR,EVR
2020-01-16,75.91000366210938,78.33000183105469,75.91000366210938,77.23999786376953,67.74093627929688,682500,0.0,0.0,EVR,EVR
2020-01-17,77.58000183105469,77.68000030517578,76.73999786376953,77.19999694824219,67.70586395263672,389500,0.0,0.0,EVR,EVR
2020-01-21,76.58000183105469,77.9000015258789,76.22000122070312,77.2699966430664,67.76725006103516,845900,0.0,0.0,EVR,EVR
2020-01-22,77.91000366210938,78.47000122070312,77.20999908447266,77.69999694824219,68.14437866210938,383200,0.0,0.0,EVR,EVR
2020-01-23,77.0999984741211,77.41999816894531,75.98999786376953,76.12999725341797,66.76746368408203,369000,0.0,0.0,EVR,EVR
2020-01-24,76.19000244140625,76.37000274658203,73.70999908447266,74.62999725341797,65.45194244384766,378300,0.0,0.0,EVR,EVR
2020-01-27,72.81999969482422,73.69999694824219,72.5,72.93000030517578,63.96098327636719,845900,0.0,0.0,EVR,EVR
2020-01-28,73.58000183105469,74.30999755859375,73.25,73.48999786376953,64.45213317871094,913800,0.0,0.0,EVR,EVR
2020-01-29,80.04000091552734,84.11000061035156,78.5999984741211,80.83000183105469,70.88944244384766,1231000,0.0,0.0,EVR,EVR
2020-01-30,80.43000030517578,80.69999694824219,77.5,79.36000061035156,69.60021209716797,782600,0.0,0.0,EVR,EVR
2020-01-31,78.66999816894531,78.66999816894531,76.27999877929688,76.62000274658203,67.19719696044922,943000,0.0,0.0,EVR,EVR
2020-02-03,77.29000091552734,78.16000366210938,76.27999877929688,76.33999633789062,66.95160675048828,461900,0.0,0.0,EVR,EVR
2020-02-04,77.72000122070312,78.72000122070312,77.08999633789062,77.12000274658203,67.63570404052734,690800,0.0,0.0,EVR,EVR
2020-02-05,78.29000091552734,79.94999694824219,77.77999877929688,79.58000183105469,69.79316711425781,749700,0.0,0.0,EVR,EVR
2020-02-06,79.0,81.7699966430664,78.13999938964844,81.63999938964844,71.59983825683594,1379600,0.0,0.0,EVR,EVR
2020-02-07,80.93000030517578,81.63999938964844,79.75,80.29000091552734,70.41584777832031,788100,0.0,0.0,EVR,EVR
2020-02-10,80.26000213623047,81.11000061035156,79.87000274658203,81.06999969482422,71.09994506835938,463300,0.0,0.0,EVR,EVR
2020-02-11,81.06999969482422,82.44999694824219,80.5999984741211,81.48999786376953,71.46826171875,593800,0.0,0.0,EVR,EVR
2020-02-12,81.94000244140625,82.58000183105469,80.38999938964844,82.26000213623047,72.14358520507812,839800,0.0,0.0,EVR,EVR
2020-02-13,81.77999877929688,82.13999938964844,80.48999786376953,80.7300033569336,70.80175018310547,569400,0.0,0.0,EVR,EVR
2020-02-14,80.56999969482422,80.87000274658203,79.79000091552734,80.45999908447266,70.56497192382812,296800,0.0,0.0,EVR,EVR
2020-02-18,80.01000213623047,81.01000213623047,79.44000244140625,80.4000015258789,70.51234436035156,563200,0.0,0.0,EVR,EVR
2020-02-19,80.91000366210938,82.05000305175781,80.69000244140625,81.62000274658203,71.58230590820312,385400,0.0,0.0,EVR,EVR
2020-02-20,81.26000213623047,83.91000366210938,81.26000213623047,81.62999725341797,71.591064453125,524800,0.0,0.0,EVR,EVR
2020-02-21,81.02999877929688,81.48999786376953,79.04000091552734,79.13999938964844,69.40727233886719,392200,0.0,0.0,EVR,EVR
2020-02-24,75.83999633789062,77.30000305175781,75.63999938964844,76.73999786376953,67.30243682861328,867200,0.0,0.0,EVR,EVR
2020-02-25,77.0,77.23999786376953,73.36000061035156,73.87999725341797,64.79415130615234,830200,0.0,0.0,EVR,EVR
2020-02-26,74.23999786376953,75.05999755859375,70.7699966430664,70.80000305175781,62.09294891357422,876000,0.0,0.0,EVR,EVR
2020-02-27,68.16999816894531,70.93000030517578,66.56999969482422,68.7300033569336,60.77539825439453,1497200,0.58,0.0,EVR,EVR
2020-02-28,66.16000366210938,67.56999969482422,64.44000244140625,66.62000274658203,58.90958786010742,1787400,0.0,0.0,EVR,EVR
2020-03-02,66.98999786376953,68.08999633789062,64.80999755859375,68.05000305175781,60.17408752441406,537800,0.0,0.0,EVR,EVR
2020-03-03,68.01000213623047,69.25,64.75,65.1500015258789,57.60972595214844,939900,0.0,0.0,EVR,EVR
2020-03-04,66.20999908447266,67.11000061035156,64.38999938964844,66.93000030517578,59.183719635009766,752200,0.0,0.0,EVR,EVR
2020-03-05,65.0,65.0199966430664,61.34000015258789,62.220001220703125,55.01883316040039,462600,0.0,0.0,EVR,EVR
2020-03-06,59.43999862670898,62.380001068115234,59.40999984741211,61.66999816894531,54.53248596191406,609100,0.0,0.0,EVR,EVR
2020-03-09,54.25,56.58000183105469,52.90999984741211,53.31999969482422,47.14889907836914,593600,0.0,0.0,EVR,EVR
2020-03-10,56.58000183105469,56.7599983215332,52.84999847412109,55.34999847412109,48.94395065307617,699300,0.0,0.0,EVR,EVR
2020-03-11,53.97999954223633,54.84000015258789,50.84999847412109,51.75,45.76060485839844,581300,0.0,0.0,EVR,EVR
2020-03-12,46.880001068115234,48.150001525878906,43.52000045776367,43.7599983215332,38.69534683227539,812600,0.0,0.0,EVR,EVR
2020-03-13,47.59999847412109,49.400001525878906,44.880001068115234,49.400001525878906,43.68258285522461,859500,0.0,0.0,EVR,EVR
2020-03-16,41.560001373291016,46.27000045776367,41.560001373291016,41.79999923706055,36.96219253540039,944900,0.0,0.0,EVR,EVR
2020-03-17,42.5,43.77999877929688,40.0,42.18000030517578,37.29821014404297,1068100,0.0,0.0,EVR,EVR
2020-03-18,39.58000183105469,40.5099983215332,33.2599983215332,35.779998779296875,31.63891792297364,885600,0.0,0.0,EVR,EVR
2020-03-19,35.400001525878906,39.90999984741211,33.25,39.470001220703125,34.901851654052734,786600,0.0,0.0,EVR,EVR
2020-03-20,39.77999877929688,41.0099983215332,35.45000076293945,35.75,31.612394332885746,954500,0.0,0.0,EVR,EVR
2020-03-23,36.02000045776367,36.72999954223633,34.54999923706055,35.97999954223633,31.81577682495117,808500,0.0,0.0,EVR,EVR
2020-03-24,38.43000030517578,43.90999984741211,38.02999877929688,43.790000915527344,38.72187042236328,962200,0.0,0.0,EVR,EVR
2020-03-25,44.65999984741211,49.02999877929688,42.34000015258789,44.16999816894531,39.05788040161133,973200,0.0,0.0,EVR,EVR
2020-03-26,44.84000015258789,47.84999847412109,44.720001220703125,46.58000183105469,41.18898010253906,696900,0.0,0.0,EVR,EVR
2020-03-27,44.18000030517578,47.61000061035156,43.470001220703125,46.5099983215332,41.12705993652344,598000,0.0,0.0,EVR,EVR
2020-03-30,46.06999969482422,47.040000915527344,44.27000045776367,46.68999862670898,41.286231994628906,682200,0.0,0.0,EVR,EVR
2020-03-31,45.93999862670898,46.709999084472656,45.0099983215332,46.060001373291016,40.72915649414063,460300,0.0,0.0,EVR,EVR
2020-04-01,43.310001373291016,45.70000076293945,42.709999084472656,45.619998931884766,40.34006881713867,699600,0.0,0.0,EVR,EVR
2020-04-02,45.27000045776367,47.58000183105469,45.04999923706055,47.16999816894531,41.71068572998047,540900,0.0,0.0,EVR,EVR
2020-04-03,47.18999862670898,48.52999877929688,45.88999938964844,47.310001373291016,41.83447647094727,684400,0.0,0.0,EVR,EVR
2020-04-06,49.83000183105469,50.54999923706055,47.34000015258789,49.2599983215332,43.55878829956055,845800,0.0,0.0,EVR,EVR
2020-04-07,51.709999084472656,54.209999084472656,50.95000076293945,52.959999084472656,46.830562591552734,1150800,0.0,0.0,EVR,EVR
2020-04-08,53.27000045776367,55.97999954223633,53.09000015258789,55.77999877929688,49.324180603027344,646600,0.0,0.0,EVR,EVR
2020-04-09,56.380001068115234,59.13999938964844,54.45000076293945,55.97999954223633,49.50103759765625,866700,0.0,0.0,EVR,EVR
2020-04-13,55.66999816894531,55.66999816894531,52.81999969482422,54.560001373291016,48.24538040161133,397100,0.0,0.0,EVR,EVR
2020-04-14,55.91999816894531,56.2400016784668,52.63999938964844,52.97999954223633,46.848243713378906,606600,0.0,0.0,EVR,EVR
2020-04-15,50.13999938964844,51.58000183105469,50.130001068115234,51.130001068115234,45.21236038208008,661300,0.0,0.0,EVR,EVR
2020-04-16,51.25,51.34000015258789,48.720001220703125,50.959999084472656,45.06203842163086,495500,0.0,0.0,EVR,EVR
2020-04-17,53.56999969482422,55.5,52.86000061035156,55.15999984741211,48.77594757080078,559000,0.0,0.0,EVR,EVR
2020-04-20,53.970001220703125,55.900001525878906,52.38999938964844,53.209999084472656,47.05162811279297,430100,0.0,0.0,EVR,EVR
2020-04-21,51.27000045776367,51.97999954223633,50.41999816894531,51.27000045776367,45.33616638183594,558600,0.0,0.0,EVR,EVR
2020-04-22,52.16999816894531,54.43999862670898,47.119998931884766,48.25,42.66568756103516,831000,0.0,0.0,EVR,EVR
2020-04-23,48.470001220703125,51.66999816894531,48.0099983215332,49.59000015258789,43.8505973815918,627100,0.0,0.0,EVR,EVR
2020-04-24,50.2400016784668,50.2400016784668,46.2599983215332,47.61000061035156,42.09976196289063,739900,0.0,0.0,EVR,EVR
2020-04-27,48.83000183105469,51.7599983215332,47.95000076293945,50.83000183105469,44.94708633422852,633900,0.0,0.0,EVR,EVR
2020-04-28,52.61000061035156,53.66999816894531,50.08000183105469,51.45000076293945,45.49532318115234,558200,0.0,0.0,EVR,EVR
2020-04-29,53.720001220703125,55.290000915527344,52.88999938964844,53.790000915527344,47.56449890136719,573000,0.0,0.0,EVR,EVR
2020-04-30,52.54999923706055,52.93000030517578,51.470001220703125,51.59999847412109,45.62797164916992,665600,0.0,0.0,EVR,EVR
2020-05-01,50.18000030517578,50.84999847412109,49.11000061035156,49.93000030517578,44.151248931884766,546800,0.0,0.0,EVR,EVR
2020-05-04,49.54999923706055,49.86000061035156,48.36000061035156,49.5,43.77101135253906,411700,0.0,0.0,EVR,EVR
2020-05-05,50.68000030517578,50.93000030517578,48.45000076293945,48.47999954223633,42.86906814575195,368100,0.0,0.0,EVR,EVR
2020-05-06,49.0099983215332,49.459999084472656,47.59999847412109,47.84999847412109,42.311973571777344,419600,0.0,0.0,EVR,EVR
2020-05-07,48.66999816894531,50.91999816894531,48.66999816894531,50.34999847412109,44.52263641357422,576700,0.0,0.0,EVR,EVR
2020-05-08,51.52999877929688,52.810001373291016,51.34000015258789,52.52000045776367,46.44149017333984,455800,0.0,0.0,EVR,EVR
2020-05-11,51.27000045776367,52.15999984741211,50.77999877929688,51.560001373291016,45.59260177612305,398700,0.0,0.0,EVR,EVR
2020-05-12,52.04999923706055,52.06999969482422,50.13999938964844,50.38999938964844,44.55801773071289,532300,0.0,0.0,EVR,EVR
2020-05-13,49.75,49.93000030517578,46.83000183105469,47.810001373291016,42.276611328125,609000,0.0,0.0,EVR,EVR
2020-05-14,46.47999954223633,48.220001220703125,44.40999984741211,48.150001525878906,42.57726287841797,528900,0.0,0.0,EVR,EVR
2020-05-15,47.77000045776367,49.40999984741211,47.040000915527344,49.25,43.54994201660156,936000,0.0,0.0,EVR,EVR
2020-05-18,52.13999938964844,54.04999923706055,51.369998931884766,53.77999877929688,47.5556526184082,520600,0.0,0.0,EVR,EVR
2020-05-19,53.40999984741211,54.09999847412109,51.18999862670898,51.18999862670898,45.265411376953125,279500,0.0,0.0,EVR,EVR
2020-05-20,52.5,53.34000015258789,52.15999984741211,52.59999847412109,46.5122184753418,439800,0.0,0.0,EVR,EVR
2020-05-21,52.290000915527344,53.20000076293945,52.150001525878906,52.2400016784668,46.19390106201172,332400,0.0,0.0,EVR,EVR
2020-05-22,52.540000915527344,52.88999938964844,51.88999938964844,52.61000061035156,46.52108001708984,367300,0.0,0.0,EVR,EVR
2020-05-26,55.2400016784668,57.09999847412109,54.68999862670898,56.09999847412109,49.60713958740234,489000,0.0,0.0,EVR,EVR
2020-05-27,59.040000915527344,60.04999923706055,57.08000183105469,59.91999816894531,52.98502731323242,666500,0.0,0.0,EVR,EVR
2020-05-28,60.290000915527344,60.290000915527344,56.59000015258789,56.93999862670898,50.84206008911133,502900,0.58,0.0,EVR,EVR
2020-05-29,55.70000076293945,56.310001373291016,54.61000061035156,55.11000061035156,49.20802688598633,389200,0.0,0.0,EVR,EVR
2020-06-01,55.43999862670898,57.060001373291016,54.70000076293945,55.880001068115234,49.89558029174805,464600,0.0,0.0,EVR,EVR
2020-06-02,56.43000030517578,58.68000030517578,56.400001525878906,58.0,51.788536071777344,540900,0.0,0.0,EVR,EVR
2020-06-03,59.9900016784668,61.810001373291016,58.68999862670898,61.790000915527344,55.17264175415039,470000,0.0,0.0,EVR,EVR
2020-06-04,61.43999862670898,63.220001220703125,60.25,63.209999084472656,56.44057846069336,778300,0.0,0.0,EVR,EVR
2020-06-05,68.0,68.5,64.36000061035156,64.62000274658203,57.69957733154297,508300,0.0,0.0,EVR,EVR
2020-06-08,66.30999755859375,67.63999938964844,66.0199966430664,67.36000061035156,60.14613342285156,459500,0.0,0.0,EVR,EVR
2020-06-09,65.0199966430664,65.91999816894531,64.18000030517578,65.05999755859375,58.09244155883789,515100,0.0,0.0,EVR,EVR
2020-06-10,65.0199966430664,65.0199966430664,61.93000030517578,62.25,55.58339309692383,633000,0.0,0.0,EVR,EVR
2020-06-11,58.52000045776367,60.08000183105469,55.810001373291016,55.93000030517578,49.940216064453125,702600,0.0,0.0,EVR,EVR
2020-06-12,58.709999084472656,58.81999969482422,56.7599983215332,58.380001068115234,52.12784957885742,384200,0.0,0.0,EVR,EVR
2020-06-15,55.7599983215332,60.47999954223633,55.72999954223633,59.77000045776367,53.36898040771485,466300,0.0,0.0,EVR,EVR
2020-06-16,62.959999084472656,63.52999877929688,60.04999923706055,61.59000015258789,54.99406814575195,390800,0.0,0.0,EVR,EVR
2020-06-17,61.43999862670898,61.54999923706055,59.58000183105469,59.810001373291016,53.404693603515625,309500,0.0,0.0,EVR,EVR
2020-06-18,58.77000045776367,60.43000030517578,58.4900016784668,59.040000915527344,52.71715545654297,482000,0.0,0.0,EVR,EVR
2020-06-19,59.84000015258789,60.31999969482422,57.43000030517578,57.75,51.56531524658203,1013400,0.0,0.0,EVR,EVR
2020-06-22,57.290000915527344,58.09999847412109,56.810001373291016,57.56999969482422,51.40458297729492,464500,0.0,0.0,EVR,EVR
2020-06-23,58.5099983215332,59.02999877929688,57.0099983215332,58.369998931884766,52.118919372558594,563800,0.0,0.0,EVR,EVR
2020-06-24,57.5099983215332,57.65999984741211,56.41999816894531,56.9900016784668,50.88669967651367,788500,0.0,0.0,EVR,EVR
2020-06-25,56.54999923706055,58.709999084472656,56.5099983215332,58.630001068115234,52.351070404052734,445500,0.0,0.0,EVR,EVR
2020-06-26,57.77000045776367,57.77000045776367,55.130001068115234,55.58000183105469,49.627716064453125,1033700,0.0,0.0,EVR,EVR
2020-06-29,56.36000061035156,57.47999954223633,55.86000061035156,57.31999969482422,51.18136215209961,440900,0.0,0.0,EVR,EVR
2020-06-30,56.88999938964844,59.18000030517578,56.810001373291016,58.91999816894531,52.61000442504883,585100,0.0,0.0,EVR,EVR
2020-07-01,59.2599983215332,59.7599983215332,56.0099983215332,56.09000015258789,50.08308410644531,520300,0.0,0.0,EVR,EVR
2020-07-02,57.619998931884766,58.40999984741211,57.20000076293945,57.290000915527344,51.154579162597656,317800,0.0,0.0,EVR,EVR
2020-07-06,58.880001068115234,59.290000915527344,57.77999877929688,58.5099983215332,52.24392318725586,407900,0.0,0.0,EVR,EVR
2020-07-07,57.68999862670898,57.95000076293945,55.41999816894531,55.52999877929688,49.58305740356445,471100,0.0,0.0,EVR,EVR
2020-07-08,55.68000030517578,56.880001068115234,55.369998931884766,56.7400016784668,50.663482666015625,408700,0.0,0.0,EVR,EVR
2020-07-09,56.0099983215332,56.06999969482422,53.54999923706055,53.70000076293945,47.94903945922852,486400,0.0,0.0,EVR,EVR
2020-07-10,53.56999969482422,55.5,53.0099983215332,55.34000015258789,49.41340255737305,495200,0.0,0.0,EVR,EVR
2020-07-13,56.459999084472656,56.75,54.52999877929688,55.34999847412109,49.422340393066406,345400,0.0,0.0,EVR,EVR
2020-07-14,55.18000030517578,55.68000030517578,54.27000045776367,55.47999954223633,49.538421630859375,559600,0.0,0.0,EVR,EVR
2020-07-15,56.9900016784668,59.02000045776367,56.310001373291016,58.56999969482422,52.2974967956543,351000,0.0,0.0,EVR,EVR
2020-07-16,57.88999938964844,59.18999862670898,57.380001068115234,58.2599983215332,52.02069091796875,238100,0.0,0.0,EVR,EVR
2020-07-17,58.119998931884766,58.2599983215332,57.09999847412109,57.209999084472656,51.08313751220703,233500,0.0,0.0,EVR,EVR
2020-07-20,56.77999877929688,57.54999923706055,56.27000045776367,57.209999084472656,51.08313751220703,532200,0.0,0.0,EVR,EVR
2020-07-21,57.650001525878906,60.09999847412109,57.45000076293945,59.34000015258789,52.98502731323242,499000,0.0,0.0,EVR,EVR
2020-07-22,57.400001525878906,58.0,54.09999847412109,57.0099983215332,50.904563903808594,1206300,0.0,0.0,EVR,EVR
2020-07-23,56.95000076293945,58.06999969482422,56.13999938964844,57.59000015258789,51.42245101928711,558800,0.0,0.0,EVR,EVR
2020-07-24,57.75,57.91999816894531,56.22999954223633,56.56999969482422,50.51168823242188,341700,0.0,0.0,EVR,EVR
2020-07-27,56.130001068115234,56.93999862670898,55.18000030517578,56.58000183105469,50.52061080932617,405200,0.0,0.0,EVR,EVR
2020-07-28,56.45000076293945,56.68999862670898,54.97999954223633,55.18000030517578,49.27054214477539,376900,0.0,0.0,EVR,EVR
2020-07-29,55.02000045776367,56.310001373291016,54.84000015258789,56.2400016784668,50.21703720092773,598800,0.0,0.0,EVR,EVR
2020-07-30,55.02999877929688,55.77999877929688,53.869998931884766,55.09999847412109,49.19911193847656,388400,0.0,0.0,EVR,EVR
2020-07-31,55.130001068115234,55.369998931884766,54.310001373291016,55.29999923706055,49.377689361572266,345100,0.0,0.0,EVR,EVR
2020-08-03,55.59000015258789,57.52000045776367,55.310001373291016,57.40999984741211,51.26171875,490600,0.0,0.0,EVR,EVR
2020-08-04,57.11000061035156,57.7400016784668,56.619998931884766,57.5099983215332,51.351016998291016,367500,0.0,0.0,EVR,EVR
2020-08-05,59.5,61.27999877929688,59.27999877929688,60.09000015258789,53.65471267700195,614100,0.0,0.0,EVR,EVR
2020-08-06,59.58000183105469,60.43999862670898,59.15999984741211,60.369998931884766,53.90472030639648,365800,0.0,0.0,EVR,EVR
2020-08-07,59.79999923706055,62.08000183105469,59.540000915527344,61.959999084472656,55.3244514465332,338200,0.0,0.0,EVR,EVR
2020-08-10,62.2400016784668,63.040000915527344,62.06999969482422,62.61000061035156,55.90483093261719,439000,0.0,0.0,EVR,EVR
2020-08-11,64.30999755859375,66.36000061035156,64.30999755859375,64.75,57.81564331054688,607000,0.0,0.0,EVR,EVR
2020-08-12,65.7300033569336,66.16999816894531,64.30999755859375,65.01000213623047,58.04780578613281,500800,0.0,0.0,EVR,EVR
2020-08-13,64.30000305175781,64.33000183105469,63.02000045776367,63.34999847412109,56.565574645996094,376900,0.0,0.0,EVR,EVR
2020-08-14,62.9900016784668,64.7699966430664,62.84000015258789,64.20999908447266,57.33348083496094,238200,0.0,0.0,EVR,EVR
2020-08-17,64.12000274658203,64.29000091552734,62.33000183105469,62.880001068115234,56.14592361450195,496300,0.0,0.0,EVR,EVR
2020-08-18,62.70000076293945,63.220001220703125,62.5,62.93999862670898,56.199501037597656,213900,0.0,0.0,EVR,EVR
2020-08-19,62.7400016784668,63.720001220703125,62.61000061035156,63.13999938964844,56.378074645996094,360600,0.0,0.0,EVR,EVR
2020-08-20,62.20000076293945,62.900001525878906,61.81999969482422,62.20000076293945,55.53874206542969,557900,0.0,0.0,EVR,EVR
2020-08-21,62.040000915527344,62.59999847412109,61.7599983215332,61.83000183105469,55.2083740234375,230100,0.0,0.0,EVR,EVR
2020-08-24,62.16999816894531,63.869998931884766,61.65999984741211,63.869998931884766,57.02989196777344,232400,0.0,0.0,EVR,EVR
2020-08-25,64.44999694824219,64.86000061035156,63.34999847412109,63.84999847412109,57.01203918457031,215000,0.0,0.0,EVR,EVR
2020-08-26,63.790000915527344,64.23999786376953,63.369998931884766,63.54999923706055,56.744171142578125,289700,0.0,0.0,EVR,EVR
2020-08-27,63.040000915527344,64.33000183105469,62.66999816894531,62.709999084472656,56.50987243652344,370800,0.58,0.0,EVR,EVR
2020-08-28,63.25,63.25,62.02999877929688,62.709999084472656,56.50987243652344,738000,0.0,0.0,EVR,EVR
2020-08-31,62.86000061035156,63.34999847412109,61.869998931884766,61.880001068115234,55.76192855834961,459100,0.0,0.0,EVR,EVR
2020-09-01,61.310001373291016,63.20000076293945,60.63999938964844,62.84000015258789,56.62701797485352,300000,0.0,0.0,EVR,EVR
2020-09-02,63.25,63.95000076293945,62.220001220703125,63.720001220703125,57.42002868652344,503700,0.0,0.0,EVR,EVR
2020-09-03,64.12999725341797,65.02999877929688,62.40999984741211,62.84000015258789,56.62701797485352,276200,0.0,0.0,EVR,EVR
2020-09-04,64.22000122070312,64.41000366210938,61.720001220703125,63.08000183105469,56.84328842163086,258000,0.0,0.0,EVR,EVR
2020-09-08,62.02000045776367,62.02000045776367,60.63999938964844,60.869998931884766,54.85179138183594,469000,0.0,0.0,EVR,EVR
2020-09-09,61.09000015258789,62.04999923706055,60.20000076293945,61.380001068115234,55.31136703491211,558600,0.0,0.0,EVR,EVR
2020-09-10,61.66999816894531,61.97999954223633,60.93000030517578,61.040000915527344,55.00498580932617,585700,0.0,0.0,EVR,EVR
2020-09-11,61.18999862670898,62.41999816894531,61.09000015258789,61.79999923706055,55.68983840942383,363800,0.0,0.0,EVR,EVR
2020-09-14,62.15999984741211,64.91000366210938,62.040000915527344,64.5,58.12290573120117,610300,0.0,0.0,EVR,EVR
2020-09-15,64.73999786376953,66.44999694824219,64.2300033569336,65.97000122070312,59.44756317138672,709600,0.0,0.0,EVR,EVR
2020-09-16,66.05999755859375,68.47000122070312,65.44999694824219,65.69000244140625,59.19524383544922,803800,0.0,0.0,EVR,EVR
2020-09-17,64.58000183105469,65.77999877929688,64.0,65.37999725341797,58.9158935546875,369600,0.0,0.0,EVR,EVR
2020-09-18,65.69000244140625,66.69000244140625,65.47000122070312,66.3499984741211,59.78997421264648,676100,0.0,0.0,EVR,EVR
2020-09-21,64.48999786376953,65.55999755859375,63.77000045776367,64.45999908447266,58.08684539794922,665600,0.0,0.0,EVR,EVR
2020-09-22,64.45999908447266,65.30000305175781,63.79999923706055,64.0199966430664,57.69035339355469,687600,0.0,0.0,EVR,EVR
2020-09-23,64.0,64.79000091552734,61.81999969482422,61.900001525878906,55.77995681762695,293700,0.0,0.0,EVR,EVR
2020-09-24,61.7400016784668,63.25,61.0,61.790000915527344,55.68082427978516,291400,0.0,0.0,EVR,EVR
2020-09-25,61.09999847412109,61.709999084472656,60.41999816894531,61.11000061035156,55.06806182861328,390600,0.0,0.0,EVR,EVR
2020-09-28,62.33000183105469,63.540000915527344,62.16999816894531,63.5,57.22176361083984,570900,0.0,0.0,EVR,EVR
2020-09-29,63.45000076293945,64.75,63.09000015258789,63.5099983215332,57.230770111083984,1041100,0.0,0.0,EVR,EVR
2020-09-30,64.11000061035156,65.69999694824219,64.11000061035156,65.45999908447266,58.98797607421875,414400,0.0,0.0,EVR,EVR
2020-10-01,66.29000091552734,66.80000305175781,65.26000213623047,66.1500015258789,59.60976791381836,395600,0.0,0.0,EVR,EVR
2020-10-02,66.4000015258789,69.23999786376953,65.86000061035156,69.01000213623047,62.186988830566406,402500,0.0,0.0,EVR,EVR
2020-10-05,70.0,70.69000244140625,69.75,70.43000030517578,63.46659851074219,349100,0.0,0.0,EVR,EVR
2020-10-06,71.27999877929688,72.44000244140625,69.5199966430664,70.18000030517578,63.24131774902344,298900,0.0,0.0,EVR,EVR
2020-10-07,71.1500015258789,71.75,69.5,70.19000244140625,63.25032806396485,469100,0.0,0.0,EVR,EVR
2020-10-08,71.0,72.37000274658203,70.6500015258789,72.2300033569336,65.08863830566406,271500,0.0,0.0,EVR,EVR
2020-10-09,73.4800033569336,74.27999877929688,73.08000183105469,73.83000183105469,66.53044128417969,425300,0.0,0.0,EVR,EVR
2020-10-12,74.3499984741211,76.1500015258789,74.1500015258789,75.56999969482422,68.09840393066406,458300,0.0,0.0,EVR,EVR
2020-10-13,74.81999969482422,76.91000366210938,74.22000122070312,76.05000305175781,68.53094482421875,712000,0.0,0.0,EVR,EVR
2020-10-14,76.19999694824219,78.08999633789062,76.16999816894531,76.41999816894531,68.86434936523438,467800,0.0,0.0,EVR,EVR
2020-10-15,75.0199966430664,78.22000122070312,75.0199966430664,78.13999938964844,70.414306640625,360900,0.0,0.0,EVR,EVR
2020-10-16,77.93000030517578,79.3499984741211,77.55999755859375,78.41000366210938,70.65763092041016,362900,0.0,0.0,EVR,EVR
2020-10-19,78.80000305175781,79.47000122070312,77.33000183105469,77.72000122070312,70.03582763671875,378700,0.0,0.0,EVR,EVR
2020-10-20,77.97000122070312,80.54000091552734,77.72000122070312,77.7300033569336,70.04486083984375,562800,0.0,0.0,EVR,EVR
2020-10-21,80.12999725341797,84.44000244140625,79.43000030517578,82.37000274658203,74.22608947753906,738400,0.0,0.0,EVR,EVR
2020-10-22,82.05000305175781,83.91999816894531,80.2699966430664,83.05999755859375,74.84786224365234,590100,0.0,0.0,EVR,EVR
2020-10-23,83.47000122070312,84.73999786376953,83.47000122070312,84.16000366210938,75.83911895751953,511700,0.0,0.0,EVR,EVR
2020-10-26,83.01000213623047,83.98999786376953,81.12999725341797,82.33000183105469,74.19003295898438,690300,0.0,0.0,EVR,EVR
2020-10-27,82.0,83.37999725341797,81.0999984741211,82.0,73.89269256591797,552000,0.0,0.0,EVR,EVR
2020-10-28,80.33000183105469,81.2699966430664,78.02999877929688,78.2300033569336,70.49539947509766,453600,0.0,0.0,EVR,EVR
2020-10-29,78.29000091552734,80.30999755859375,77.37000274658203,79.80000305175781,71.91018676757812,275000,0.0,0.0,EVR,EVR
2020-10-30,79.52999877929688,79.9000015258789,77.72000122070312,79.54000091552734,71.6759033203125,425000,0.0,0.0,EVR,EVR
2020-11-02,80.43000030517578,80.73999786376953,78.94999694824219,79.98999786376953,72.08140563964844,420600,0.0,0.0,EVR,EVR
2020-11-03,81.23999786376953,81.62999725341797,78.83000183105469,80.1500015258789,72.2255859375,392900,0.0,0.0,EVR,EVR
2020-11-04,80.95999908447266,85.1500015258789,80.31999969482422,82.2300033569336,74.09994506835938,479500,0.0,0.0,EVR,EVR
2020-11-05,82.88999938964844,84.97000122070312,82.41000366210938,83.61000061035156,75.343505859375,510400,0.0,0.0,EVR,EVR
2020-11-06,84.0999984741211,84.0999984741211,80.93000030517578,81.80000305175781,73.71243286132812,340000,0.0,0.0,EVR,EVR
2020-11-09,86.26000213623047,88.58999633789062,85.80000305175781,86.91000366210938,78.3172378540039,731600,0.0,0.0,EVR,EVR
2020-11-10,87.18000030517578,89.04000091552734,86.80999755859375,87.2300033569336,78.60557556152344,467200,0.0,0.0,EVR,EVR
2020-11-11,87.62000274658203,87.94000244140625,85.23999786376953,85.66000366210938,77.1908187866211,273700,0.0,0.0,EVR,EVR
2020-11-12,84.5999984741211,85.56999969482422,83.61000061035156,84.5199966430664,76.16352081298828,212700,0.0,0.0,EVR,EVR
2020-11-13,85.73999786376953,87.18000030517578,84.91000366210938,86.77999877929688,78.20005798339844,322800,0.0,0.0,EVR,EVR
2020-11-16,89.29000091552734,89.61000061035156,86.91999816894531,88.69000244140625,79.9212417602539,370900,0.0,0.0,EVR,EVR
2020-11-17,87.87999725341797,89.55000305175781,87.56999969482422,88.83999633789062,80.056396484375,309400,0.0,0.0,EVR,EVR
2020-11-18,89.18000030517578,90.69000244140624,88.27999877929688,88.30999755859375,79.57881164550781,334200,0.0,0.0,EVR,EVR
2020-11-19,87.81999969482422,88.55000305175781,87.25,88.48999786376953,79.74099731445312,166300,0.0,0.0,EVR,EVR
2020-11-20,87.9800033569336,88.56999969482422,87.16000366210938,88.30999755859375,79.57881164550781,196500,0.0,0.0,EVR,EVR
2020-11-23,89.51000213623047,91.87999725341795,88.5999984741211,91.2699966430664,82.24613189697266,220900,0.0,0.0,EVR,EVR
2020-11-24,92.48999786376952,94.66000366210938,92.2699966430664,93.4000015258789,84.16553497314453,313800,0.0,0.0,EVR,EVR
2020-11-25,91.98999786376952,92.97000122070312,90.63999938964844,92.41000366210938,83.82086944580078,394200,0.61,0.0,EVR,EVR
2020-11-27,92.66999816894533,93.41999816894533,91.31999969482422,92.1999969482422,83.63038635253906,98800,0.0,0.0,EVR,EVR
2020-11-30,91.76000213623048,92.93000030517578,90.29000091552734,90.93000030517578,82.47843170166016,487500,0.0,0.0,EVR,EVR
2020-12-01,94.0,94.06999969482422,92.30999755859376,93.0,84.35606384277344,316200,0.0,0.0,EVR,EVR
2020-12-02,92.31999969482422,93.52999877929688,92.29000091552734,93.0,84.35606384277344,191300,0.0,0.0,EVR,EVR
2020-12-03,93.62000274658205,95.2699966430664,92.63999938964844,95.08999633789062,86.25176239013672,390100,0.0,0.0,EVR,EVR
2020-12-04,95.22000122070312,96.11000061035156,94.66999816894533,94.9499969482422,86.12480163574219,346000,0.0,0.0,EVR,EVR
2020-12-07,94.0,95.93000030517578,93.5500030517578,95.12999725341795,86.28807830810547,255200,0.0,0.0,EVR,EVR
2020-12-08,94.0199966430664,97.4800033569336,94.0199966430664,97.0,87.98426055908203,332600,0.0,0.0,EVR,EVR
2020-12-09,97.87999725341795,98.83999633789062,96.77999877929688,98.2300033569336,89.09994506835938,404900,0.0,0.0,EVR,EVR
2020-12-10,96.76000213623048,100.23999786376952,96.43000030517578,99.94000244140624,90.6510009765625,301900,0.0,0.0,EVR,EVR
2020-12-11,98.80999755859376,101.25,98.80999755859376,101.0500030517578,91.65780639648438,484100,0.0,0.0,EVR,EVR
2020-12-14,103.6500015258789,104.6500015258789,101.29000091552734,102.18000030517578,92.68280792236328,325000,0.0,0.0,EVR,EVR
2020-12-15,103.16000366210938,104.16999816894533,102.0,102.61000061035156,93.07283782958984,471400,0.0,0.0,EVR,EVR
2020-12-16,103.9000015258789,105.37999725341795,103.37999725341795,105.26000213623048,95.47653198242188,470100,0.0,0.0,EVR,EVR
2020-12-17,105.31999969482422,106.87000274658205,104.63999938964844,106.76000213623048,96.83710479736328,280100,0.0,0.0,EVR,EVR
2020-12-18,107.0,108.47000122070312,106.66000366210938,108.05999755859376,98.01627349853516,721000,0.0,0.0,EVR,EVR
2020-12-21,107.20999908447266,108.69000244140624,105.22000122070312,108.29000091552734,98.22490692138672,352300,0.0,0.0,EVR,EVR
2020-12-22,108.8000030517578,108.8000030517578,107.41000366210938,108.0999984741211,98.05254364013672,345200,0.0,0.0,EVR,EVR
2020-12-23,108.97000122070312,111.5199966430664,108.97000122070312,110.3000030517578,100.04808807373048,299800,0.0,0.0,EVR,EVR
2020-12-24,111.01000213623048,111.2699966430664,110.0,110.45999908447266,100.1932144165039,109700,0.0,0.0,EVR,EVR
2020-12-28,111.5,112.19000244140624,110.72000122070312,111.56999969482422,101.20002746582033,230200,0.0,0.0,EVR,EVR
2020-12-29,111.22000122070312,111.33000183105467,108.95999908447266,110.36000061035156,100.10250854492188,260700,0.0,0.0,EVR,EVR
2020-12-30,110.19000244140624,111.5,109.37999725341795,109.66999816894533,99.47662353515624,240100,0.0,0.0,EVR,EVR
2020-12-31,109.52999877929688,110.80999755859376,109.0,109.63999938964844,99.4494400024414,313500,0.0,0.0,EVR,EVR
2021-01-04,110.05999755859376,110.77999877929688,107.12999725341795,108.08000183105467,98.03443145751952,247800,0.0,0.0,EVR,EVR
2021-01-05,107.69000244140624,110.7699966430664,107.68000030517578,109.2699966430664,99.11382293701172,473800,0.0,0.0,EVR,EVR
2021-01-06,111.5,116.7300033569336,110.54000091552734,116.29000091552734,105.48133087158205,483900,0.0,0.0,EVR,EVR
2021-01-07,117.13999938964844,120.62999725341795,117.01000213623048,119.0,107.93943786621094,426100,0.0,0.0,EVR,EVR
2021-01-08,119.27999877929688,119.5,114.41000366210938,115.94000244140624,105.1638641357422,393200,0.0,0.0,EVR,EVR
2021-01-11,115.16000366210938,116.68000030517578,114.3000030517578,116.16999816894533,105.37248992919922,280600,0.0,0.0,EVR,EVR
2021-01-12,117.36000061035156,120.06999969482422,117.0,119.06999969482422,108.0029525756836,315600,0.0,0.0,EVR,EVR
2021-01-13,119.33999633789062,119.80999755859376,115.66999816894533,117.27999877929688,106.37931823730467,395100,0.0,0.0,EVR,EVR
2021-01-14,118.58000183105467,118.94000244140624,117.36000061035156,118.08999633789062,107.114013671875,390100,0.0,0.0,EVR,EVR
2021-01-15,116.41999816894533,119.44000244140624,115.83000183105467,118.7699966430664,107.7308349609375,323000,0.0,0.0,EVR,EVR
2021-01-19,119.41000366210938,121.23999786376952,118.75,120.47000122070312,109.2728042602539,286100,0.0,0.0,EVR,EVR
2021-01-20,120.87999725341795,121.45999908447266,117.97000122070312,118.5199966430664,107.5040512084961,360500,0.0,0.0,EVR,EVR
2021-01-21,118.5199966430664,119.0999984741211,114.5999984741211,114.83000183105467,104.15704345703124,306700,0.0,0.0,EVR,EVR
2021-01-22,113.68000030517578,115.18000030517578,113.0999984741211,114.55999755859376,103.912109375,225400,0.0,0.0,EVR,EVR
2021-01-25,114.0500030517578,114.83000183105467,111.16000366210938,112.98999786376952,102.48802185058594,444200,0.0,0.0,EVR,EVR
2021-01-26,113.98999786376952,114.0500030517578,108.80999755859376,109.2300033569336,99.0775146484375,443600,0.0,0.0,EVR,EVR
2021-01-27,107.13999938964844,107.5,103.5,106.56999969482422,96.66475677490234,590800,0.0,0.0,EVR,EVR
2021-01-28,108.4800033569336,112.18000030517578,107.66000366210938,111.55999755859376,101.19097137451172,603800,0.0,0.0,EVR,EVR
2021-01-29,111.38999938964844,112.02999877929688,107.87000274658205,109.0999984741211,98.9596176147461,499400,0.0,0.0,EVR,EVR
2021-02-01,109.62000274658205,113.0199966430664,109.02999877929688,112.80999755859376,102.32476043701172,807100,0.0,0.0,EVR,EVR
2021-02-02,114.95999908447266,116.58000183105467,114.02999877929688,114.5199966430664,103.8758316040039,407500,0.0,0.0,EVR,EVR
2021-02-03,125.0,126.58000183105467,118.25,119.1500015258789,108.07551574707033,912500,0.0,0.0,EVR,EVR
2021-02-04,119.0,119.5500030517578,113.97000122070312,115.4800033569336,104.74662017822266,690900,0.0,0.0,EVR,EVR
2021-02-05,116.5,117.37000274658205,114.6500015258789,114.80999755859376,104.1388931274414,486100,0.0,0.0,EVR,EVR
2021-02-08,108.75,117.97000122070312,108.19000244140624,117.26000213623048,106.36117553710938,994000,0.0,0.0,EVR,EVR
2021-02-09,116.30999755859376,116.91999816894533,113.48999786376952,116.5,105.67180633544922,488600,0.0,0.0,EVR,EVR
2021-02-10,115.98999786376952,118.25,115.55999755859376,116.91000366210938,106.04371643066406,463500,0.0,0.0,EVR,EVR
2021-02-11,118.0,118.94000244140624,115.4499969482422,118.91999816894533,107.86688995361328,419100,0.0,0.0,EVR,EVR
2021-02-12,118.30999755859376,120.62999725341795,117.13999938964844,117.41000366210938,106.49723052978516,557700,0.0,0.0,EVR,EVR
2021-02-16,118.38999938964844,120.83999633789062,117.16000366210938,120.83999633789062,109.6084213256836,1398200,0.0,0.0,EVR,EVR
2021-02-17,119.58999633789062,120.0,116.5199966430664,118.83000183105467,107.7852554321289,394000,0.0,0.0,EVR,EVR
2021-02-18,117.4000015258789,118.80999755859376,115.79000091552734,116.77999877929688,105.92578887939452,396600,0.0,0.0,EVR,EVR
2021-02-19,117.37000274658205,120.5199966430664,117.37000274658205,118.5500030517578,107.53128814697266,322900,0.0,0.0,EVR,EVR
2021-02-22,118.33000183105467,120.16999816894533,117.73999786376952,118.72000122070312,107.68547058105467,411400,0.0,0.0,EVR,EVR
2021-02-23,117.30999755859376,121.44000244140624,116.2300033569336,121.38999938964844,110.10731506347656,619600,0.0,0.0,EVR,EVR
2021-02-24,122.37000274658205,125.7699966430664,122.0999984741211,124.16999816894533,112.62891387939452,528000,0.0,0.0,EVR,EVR
2021-02-25,123.9499969482422,124.9000015258789,119.38999938964844,119.58000183105467,109.0010223388672,347700,0.61,0.0,EVR,EVR
2021-02-26,119.2699966430664,121.11000061035156,117.26000213623048,119.7699966430664,109.1741943359375,606100,0.0,0.0,EVR,EVR
2021-03-01,122.47000122070312,126.76000213623048,122.47000122070312,124.91999816894533,113.8686065673828,851000,0.0,0.0,EVR,EVR
2021-03-02,125.11000061035156,126.38999938964844,123.91999816894533,124.04000091552734,113.0664520263672,340500,0.0,0.0,EVR,EVR
2021-03-03,125.08000183105467,128.99000549316406,125.08000183105467,125.86000061035156,114.72543334960938,538400,0.0,0.0,EVR,EVR
2021-03-04,124.76000213623048,127.33999633789062,116.6500015258789,120.56999969482422,109.90345001220705,576400,0.0,0.0,EVR,EVR
2021-03-05,122.04000091552734,123.9000015258789,116.08999633789062,123.11000061035156,112.2187271118164,600900,0.0,0.0,EVR,EVR
2021-03-08,124.8499984741211,131.55999755859375,124.8000030517578,130.11000061035156,118.5994644165039,795100,0.0,0.0,EVR,EVR
2021-03-09,130.47000122070312,134.57000732421875,128.0800018310547,132.16000366210938,120.46809387207033,588800,0.0,0.0,EVR,EVR
2021-03-10,132.75,135.86000061035156,132.0,134.86000061035156,122.92923736572266,465300,0.0,0.0,EVR,EVR
2021-03-11,134.89999389648438,137.38999938964844,133.6199951171875,135.3000030517578,123.33030700683594,502600,0.0,0.0,EVR,EVR
2021-03-12,134.94000244140625,140.99000549316406,134.75999450683594,140.83999633789062,128.38015747070312,519200,0.0,0.0,EVR,EVR
2021-03-15,142.14999389648438,142.9199981689453,138.91000366210938,142.41000366210938,129.81130981445312,599800,0.0,0.0,EVR,EVR
2021-03-16,143.0,143.9600067138672,139.55999755859375,140.6999969482422,128.2525634765625,320400,0.0,0.0,EVR,EVR
2021-03-17,140.6999969482422,141.7100067138672,138.0,141.44000244140625,128.92709350585938,283900,0.0,0.0,EVR,EVR
2021-03-18,142.69000244140625,144.1300048828125,138.13999938964844,138.60000610351562,126.33837127685548,338900,0.0,0.0,EVR,EVR
2021-03-19,140.2100067138672,142.58999633789062,136.1300048828125,137.39999389648438,125.2445297241211,1246300,0.0,0.0,EVR,EVR
2021-03-22,136.60000610351562,137.47999572753906,132.6999969482422,133.4600067138672,121.65308380126952,458900,0.0,0.0,EVR,EVR
2021-03-23,132.0,133.50999450683594,127.83000183105467,128.41000366210938,117.04985809326172,515300,0.0,0.0,EVR,EVR
2021-03-24,130.17999267578125,131.4499969482422,127.3000030517578,127.47000122070312,116.1930160522461,431900,0.0,0.0,EVR,EVR
2021-03-25,126.56999969482422,129.67999267578125,124.27999877929688,129.02000427246094,117.60588836669922,318000,0.0,0.0,EVR,EVR
2021-03-26,130.36000061035156,130.85000610351562,125.20999908447266,129.5,118.04340362548828,988000,0.0,0.0,EVR,EVR
2021-03-29,129.0,131.42999267578125,127.16999816894533,127.3000030517578,116.03805541992188,739800,0.0,0.0,EVR,EVR
2021-03-30,127.30999755859376,131.99000549316406,127.01000213623048,131.32000732421875,119.702392578125,463200,0.0,0.0,EVR,EVR
2021-03-31,130.6699981689453,134.27999877929688,130.08999633789062,131.74000549316406,120.08525848388672,683900,0.0,0.0,EVR,EVR
2021-04-01,133.1699981689453,136.82000732421875,132.27999877929688,135.80999755859375,123.7951889038086,444600,0.0,0.0,EVR,EVR
2021-04-05,137.66000366210938,139.02000427246094,136.6199951171875,137.61000061035156,125.43596649169922,573500,0.0,0.0,EVR,EVR
2021-04-06,136.77000427246094,140.74000549316406,136.77000427246094,137.39999389648438,125.2445297241211,576200,0.0,0.0,EVR,EVR
2021-04-07,138.02999877929688,139.4199981689453,136.50999450683594,137.00999450683594,124.88899993896484,358100,0.0,0.0,EVR,EVR
2021-04-08,136.66000366210938,136.66000366210938,132.75,135.05999755859375,123.11151885986328,542500,0.0,0.0,EVR,EVR
2021-04-09,134.1999969482422,135.47000122070312,128.9499969482422,131.66000366210938,120.0123291015625,626800,0.0,0.0,EVR,EVR
2021-04-12,132.6199951171875,135.25999450683594,131.00999450683594,134.77999877929688,122.8563003540039,456600,0.0,0.0,EVR,EVR
2021-04-13,134.64999389648438,134.69000244140625,130.9199981689453,132.22000122070312,120.52277374267578,456900,0.0,0.0,EVR,EVR
2021-04-14,132.11000061035156,136.99000549316406,132.02000427246094,135.69000244140625,123.68580627441406,476900,0.0,0.0,EVR,EVR
2021-04-15,136.5500030517578,136.69000244140625,132.0,134.24000549316406,122.36406707763672,454400,0.0,0.0,EVR,EVR
2021-04-16,136.25999450683594,137.47999572753906,135.22000122070312,137.25,125.10777282714844,362900,0.0,0.0,EVR,EVR
2021-04-19,137.92999267578125,140.72000122070312,137.0,139.27000427246094,126.9490737915039,431100,0.0,0.0,EVR,EVR
2021-04-20,138.77999877929688,139.5500030517578,133.2100067138672,135.64999389648438,123.64936065673828,409300,0.0,0.0,EVR,EVR
2021-04-21,134.5399932861328,137.69000244140625,133.75,137.33999633789062,125.18982696533205,313500,0.0,0.0,EVR,EVR
2021-04-22,139.08999633789062,140.63999938964844,136.27999877929688,138.16000366210938,125.9372787475586,614500,0.0,0.0,EVR,EVR
2021-04-23,138.52999877929688,142.42999267578125,138.36000061035156,141.52999877929688,129.0091552734375,453100,0.0,0.0,EVR,EVR
2021-04-26,142.27000427246094,143.6199951171875,139.60000610351562,140.25,127.84241485595705,425900,0.0,0.0,EVR,EVR
2021-04-27,140.05999755859375,143.17999267578125,139.86000061035156,141.92999267578125,129.3737335205078,503100,0.0,0.0,EVR,EVR
2021-04-28,142.0,142.66000366210938,138.35000610351562,141.05999755859375,128.5807342529297,930500,0.0,0.0,EVR,EVR
2021-04-29,144.35000610351562,147.35000610351562,140.72999572753906,142.41000366210938,129.81130981445312,463400,0.0,0.0,EVR,EVR
2021-04-30,141.3800048828125,141.8800048828125,138.60000610351562,140.1300048828125,127.7330322265625,652900,0.0,0.0,EVR,EVR
2021-05-03,142.1999969482422,142.25,139.88999938964844,140.52999877929688,128.09764099121094,331200,0.0,0.0,EVR,EVR
2021-05-04,139.67999267578125,141.35000610351562,136.7100067138672,140.8800048828125,128.41664123535156,351300,0.0,0.0,EVR,EVR
2021-05-05,141.7899932861328,143.60000610351562,140.22999572753906,142.9499969482422,130.30352783203125,362400,0.0,0.0,EVR,EVR
2021-05-06,143.50999450683594,144.07000732421875,140.67999267578125,144.02000427246094,131.2788848876953,317000,0.0,0.0,EVR,EVR
2021-05-07,142.0,146.97000122070312,141.05999755859375,146.57000732421875,133.603271484375,507800,0.0,0.0,EVR,EVR
2021-05-10,146.7899932861328,148.27999877929688,143.63999938964844,143.77999877929688,131.0601348876953,366100,0.0,0.0,EVR,EVR
2021-05-11,142.1699981689453,142.72000122070312,138.63999938964844,139.1999969482422,126.8852996826172,511300,0.0,0.0,EVR,EVR
2021-05-12,139.2100067138672,141.3000030517578,136.52999877929688,136.5800018310547,124.49705505371094,529200,0.0,0.0,EVR,EVR
2021-05-13,137.50999450683594,143.75999450683594,137.50999450683594,143.0,130.34912109375,510400,0.0,0.0,EVR,EVR
2021-05-14,144.85000610351562,148.0,144.4199981689453,147.6300048828125,134.56951904296875,684900,0.0,0.0,EVR,EVR
2021-05-17,146.75999450683594,147.89999389648438,144.58999633789062,146.86000061035156,133.8676300048828,378800,0.0,0.0,EVR,EVR
2021-05-18,146.55999755859375,147.3000030517578,144.5399932861328,144.72000122070312,131.91693115234375,322200,0.0,0.0,EVR,EVR
2021-05-19,141.4600067138672,145.25,140.19000244140625,145.0800018310547,132.24510192871094,330100,0.0,0.0,EVR,EVR
2021-05-20,145.58999633789062,146.35000610351562,143.80999755859375,146.1699981689453,133.23867797851562,364900,0.0,0.0,EVR,EVR
2021-05-21,148.02000427246094,149.72999572753906,147.00999450683594,148.1999969482422,135.08908081054688,349600,0.0,0.0,EVR,EVR
2021-05-24,149.1999969482422,150.32000732421875,148.72999572753906,149.39999389648438,136.1829071044922,345100,0.0,0.0,EVR,EVR
2021-05-25,150.0399932861328,151.10000610351562,144.77999877929688,145.24000549316406,132.39096069335938,319900,0.0,0.0,EVR,EVR
2021-05-26,145.22000122070312,147.44000244140625,144.16000366210938,146.94000244140625,133.94052124023438,314700,0.0,0.0,EVR,EVR
2021-05-27,148.4499969482422,148.6999969482422,146.5,148.0,135.53396606445312,300600,0.68,0.0,EVR,EVR
2021-05-28,147.63999938964844,147.63999938964844,144.94000244140625,145.86000061035156,133.57421875,265700,0.0,0.0,EVR,EVR
2021-06-01,147.27000427246094,148.8300018310547,146.1699981689453,147.6999969482422,135.2592315673828,475700,0.0,0.0,EVR,EVR
2021-06-02,147.67999267578125,148.05999755859375,142.69000244140625,142.92999267578125,130.89100646972656,446500,0.0,0.0,EVR,EVR
2021-06-03,142.1999969482422,142.6999969482422,139.8300018310547,142.0,130.0393524169922,698200,0.0,0.0,EVR,EVR
2021-06-04,142.11000061035156,142.9199981689453,140.36000061035156,141.25,129.35255432128906,343900,0.0,0.0,EVR,EVR
2021-06-07,141.4600067138672,142.91000366210938,140.75999450683594,141.92999267578125,129.97523498535156,386700,0.0,0.0,EVR,EVR
2021-06-08,141.4499969482422,142.19000244140625,138.2100067138672,141.83999633789062,129.89280700683594,418500,0.0,0.0,EVR,EVR
2021-06-09,141.66000366210938,141.7899932861328,139.3000030517578,140.25,128.43678283691406,308200,0.0,0.0,EVR,EVR
2021-06-10,141.0399932861328,141.82000732421875,140.2899932861328,140.75999450683594,128.90379333496094,280900,0.0,0.0,EVR,EVR
2021-06-11,141.5800018310547,142.3699951171875,140.69000244140625,141.97000122070312,130.01185607910156,298900,0.0,0.0,EVR,EVR
2021-06-14,141.1999969482422,141.57000732421875,135.92999267578125,136.4600067138672,124.9659652709961,515800,0.0,0.0,EVR,EVR
2021-06-15,136.97000122070312,138.77999877929688,134.41000366210938,137.72999572753906,126.12904357910156,524300,0.0,0.0,EVR,EVR
2021-06-16,136.97999572753906,137.3300018310547,134.41000366210938,136.30999755859375,124.8285903930664,480400,0.0,0.0,EVR,EVR
2021-06-17,137.35000610351562,137.6699981689453,129.1699981689453,129.52000427246094,118.6105499267578,570700,0.0,0.0,EVR,EVR
2021-06-18,128.2100067138672,129.63999938964844,126.52999877929688,128.02999877929688,117.24605560302734,811200,0.0,0.0,EVR,EVR
2021-06-21,129.5,132.72999572753906,129.5,131.0,119.96588897705078,468400,0.0,0.0,EVR,EVR
2021-06-22,130.5399932861328,131.75999450683594,128.75999450683594,131.0399932861328,120.00252532958984,360200,0.0,0.0,EVR,EVR
2021-06-23,131.82000732421875,132.8800048828125,130.66000366210938,131.7899932861328,120.68936157226562,345600,0.0,0.0,EVR,EVR
2021-06-24,132.91000366210938,135.24000549316406,131.9199981689453,134.9600067138672,123.59234619140624,334800,0.0,0.0,EVR,EVR
2021-06-25,135.25,138.38999938964844,134.92999267578125,137.89999389648438,126.28472137451172,463700,0.0,0.0,EVR,EVR
2021-06-28,138.24000549316406,138.50999450683594,132.94000244140625,134.57000732421875,123.23518371582033,328300,0.0,0.0,EVR,EVR
2021-06-29,136.14999389648438,138.47999572753906,135.16000366210938,137.66000366210938,126.06491088867188,381500,0.0,0.0,EVR,EVR
2021-06-30,137.67999267578125,140.8800048828125,137.55999755859375,140.77000427246094,128.91297912597656,360700,0.0,0.0,EVR,EVR
2021-07-01,142.11000061035156,142.4499969482422,139.30999755859375,142.0399932861328,130.0759735107422,404300,0.0,0.0,EVR,EVR
2021-07-02,142.5399932861328,144.14999389648438,142.0399932861328,143.61000061035156,131.5137481689453,324100,0.0,0.0,EVR,EVR
2021-07-06,144.0500030517578,144.0500030517578,140.27999877929688,141.5800018310547,129.65472412109375,445000,0.0,0.0,EVR,EVR
2021-07-07,140.75,142.1999969482422,137.80999755859375,140.44000244140625,128.61077880859375,273700,0.0,0.0,EVR,EVR
2021-07-08,137.1699981689453,138.07000732421875,134.2899932861328,135.2100067138672,123.82130432128906,331200,0.0,0.0,EVR,EVR
2021-07-09,137.72999572753906,137.83999633789062,132.63999938964844,135.11000061035156,123.72969818115234,544100,0.0,0.0,EVR,EVR
2021-07-12,134.14999389648438,137.61000061035156,133.69000244140625,136.86000061035156,125.33231353759766,365800,0.0,0.0,EVR,EVR
2021-07-13,136.66000366210938,140.1999969482422,136.27999877929688,139.33999633789062,127.60343170166016,436000,0.0,0.0,EVR,EVR
2021-07-14,139.5,141.1300048828125,133.1199951171875,133.13999938964844,121.92562103271484,290800,0.0,0.0,EVR,EVR
2021-07-15,131.38999938964844,133.60000610351562,131.00999450683594,132.97999572753906,121.7790985107422,483900,0.0,0.0,EVR,EVR
2021-07-16,134.3300018310547,134.41000366210938,129.5,129.55999755859375,118.64718627929688,371700,0.0,0.0,EVR,EVR
2021-07-19,127.0,127.0,124.62999725341795,125.41000366210938,114.8467254638672,388400,0.0,0.0,EVR,EVR
2021-07-20,125.23999786376952,131.99000549316406,124.5500030517578,130.5500030517578,119.55377960205078,529400,0.0,0.0,EVR,EVR
2021-07-21,132.72000122070312,134.36000061035156,131.97000122070312,133.72999572753906,122.46593475341795,216600,0.0,0.0,EVR,EVR
2021-07-22,133.72999572753906,136.1999969482422,133.3800048828125,134.8800048828125,123.51907348632812,387700,0.0,0.0,EVR,EVR
2021-07-23,136.17999267578125,136.82000732421875,133.4499969482422,135.38999938964844,123.9861068725586,270500,0.0,0.0,EVR,EVR
2021-07-26,135.3300018310547,136.8800048828125,135.07000732421875,135.3699951171875,123.96781158447266,331900,0.0,0.0,EVR,EVR
2021-07-27,134.17999267578125,134.17999267578125,131.17999267578125,133.55999755859375,122.31024932861328,420900,0.0,0.0,EVR,EVR
2021-07-28,133.55999755859375,133.57000732421875,128.39999389648438,131.97000122070312,120.8542022705078,766600,0.0,0.0,EVR,EVR
2021-07-29,134.00999450683594,135.32000732421875,133.17999267578125,134.00999450683594,122.7223663330078,298700,0.0,0.0,EVR,EVR
2021-07-30,133.1999969482422,134.74000549316406,131.3699951171875,132.1999969482422,121.06481170654295,461700,0.0,0.0,EVR,EVR
2021-08-02,132.75,134.9499969482422,130.61000061035156,130.94000244140625,119.91094970703124,478300,0.0,0.0,EVR,EVR
2021-08-03,131.83999633789062,131.83999633789062,126.48999786376952,128.66000366210938,117.82299041748048,448400,0.0,0.0,EVR,EVR
2021-08-04,127.54000091552734,130.4199981689453,127.12000274658205,129.2899932861328,118.39990997314452,381800,0.0,0.0,EVR,EVR
2021-08-05,130.3699951171875,132.24000549316406,130.0,132.07000732421875,120.94577026367188,325000,0.0,0.0,EVR,EVR
2021-08-06,134.10000610351562,134.49000549316406,131.88999938964844,132.2899932861328,121.147216796875,498500,0.0,0.0,EVR,EVR
2021-08-09,132.8000030517578,133.69000244140625,131.38999938964844,133.44000244140625,122.20038604736328,363100,0.0,0.0,EVR,EVR
2021-08-10,133.5,135.10000610351562,131.91000366210938,134.42999267578125,123.1069793701172,492800,0.0,0.0,EVR,EVR
2021-08-11,135.4499969482422,137.92999267578125,134.0,137.3000030517578,125.73526000976562,327500,0.0,0.0,EVR,EVR
2021-08-12,137.89999389648438,139.60000610351562,137.38999938964844,138.36000061035156,126.70597839355467,245700,0.0,0.0,EVR,EVR
2021-08-13,138.5,139.9199981689453,137.19000244140625,137.6999969482422,126.10157775878906,249400,0.0,0.0,EVR,EVR
2021-08-16,136.75999450683594,137.66000366210938,135.02000427246094,137.10000610351562,125.55207061767578,393900,0.0,0.0,EVR,EVR
2021-08-17,135.6300048828125,136.4199981689453,132.0,134.1199951171875,122.82308197021484,244900,0.0,0.0,EVR,EVR
2021-08-18,134.05999755859375,136.24000549316406,133.52000427246094,133.63999938964844,122.38352966308594,223200,0.0,0.0,EVR,EVR
2021-08-19,131.8699951171875,133.94000244140625,130.02000427246094,130.36000061035156,119.37979125976562,210200,0.0,0.0,EVR,EVR
2021-08-20,131.0,133.6300048828125,129.8699951171875,133.16000366210938,121.9439468383789,210100,0.0,0.0,EVR,EVR
2021-08-23,134.35000610351562,136.82000732421875,134.3300018310547,136.00999450683594,124.55388641357422,199900,0.0,0.0,EVR,EVR
2021-08-24,136.49000549316406,137.6199951171875,135.97000122070312,136.64999389648438,125.1399917602539,198900,0.0,0.0,EVR,EVR
2021-08-25,137.1199951171875,139.8300018310547,137.00999450683594,138.4199981689453,126.76090240478516,196500,0.0,0.0,EVR,EVR
2021-08-26,138.0,138.72999572753906,135.61000061035156,135.9499969482422,125.1135711669922,196900,0.68,0.0,EVR,EVR
2021-08-27,136.00999450683594,139.77000427246094,136.00999450683594,139.7100067138672,128.5738983154297,229800,0.0,0.0,EVR,EVR
2021-08-30,139.44000244140625,142.1199951171875,138.3300018310547,141.11000061035156,129.8623046875,494900,0.0,0.0,EVR,EVR
2021-08-31,141.6999969482422,142.4199981689453,138.25,139.63999938964844,128.50946044921875,425000,0.0,0.0,EVR,EVR
2021-09-01,140.0399932861328,140.3800048828125,137.4199981689453,140.1199951171875,128.951171875,165200,0.0,0.0,EVR,EVR
2021-09-02,140.64999389648438,141.55999755859375,138.85000610351562,139.6300048828125,128.50025939941406,219400,0.0,0.0,EVR,EVR
2021-09-03,138.91000366210938,139.74000549316406,137.25,138.5,127.4603271484375,197400,0.0,0.0,EVR,EVR
2021-09-07,138.05999755859375,139.7100067138672,136.3800048828125,137.75,126.7701187133789,297600,0.0,0.0,EVR,EVR
2021-09-08,137.0800018310547,138.41000366210938,136.2100067138672,137.80999755859375,126.82537841796876,295700,0.0,0.0,EVR,EVR
2021-09-09,137.67999267578125,140.3800048828125,137.32000732421875,138.35000610351562,127.32227325439452,275800,0.0,0.0,EVR,EVR
2021-09-10,138.94000244140625,140.5399932861328,137.92999267578125,138.9499969482422,127.87447357177734,255400,0.0,0.0,EVR,EVR
2021-09-13,140.02999877929688,140.02999877929688,137.60000610351562,139.33999633789062,128.2333984375,168100,0.0,0.0,EVR,EVR
2021-09-14,140.19000244140625,140.35000610351562,137.4600067138672,138.38999938964844,127.359130859375,263700,0.0,0.0,EVR,EVR
2021-09-15,138.69000244140625,141.5,138.25999450683594,139.92999267578125,128.7763671875,320800,0.0,0.0,EVR,EVR
2021-09-16,140.35000610351562,141.22000122070312,138.60000610351562,139.2899932861328,128.18736267089844,284400,0.0,0.0,EVR,EVR
2021-09-17,139.63999938964844,140.61000061035156,136.32000732421875,138.14999389648438,127.13821411132812,865200,0.0,0.0,EVR,EVR
2021-09-20,133.92999267578125,134.94000244140625,132.39999389648438,134.1199951171875,123.42943572998048,338800,0.0,0.0,EVR,EVR
2021-09-21,135.05999755859375,135.50999450683594,132.0800018310547,132.5500030517578,121.98461151123048,249200,0.0,0.0,EVR,EVR
2021-09-22,133.50999450683594,135.75,133.1199951171875,134.42999267578125,123.71472930908205,210600,0.0,0.0,EVR,EVR
2021-09-23,135.0,138.27000427246094,134.74000549316406,137.22999572753906,126.29156494140624,194900,0.0,0.0,EVR,EVR
2021-09-24,136.30999755859375,139.00999450683594,136.3000030517578,137.58999633789062,126.62285614013672,379900,0.0,0.0,EVR,EVR
2021-09-27,138.3699951171875,140.36000061035156,138.3699951171875,140.13999938964844,128.96958923339844,224900,0.0,0.0,EVR,EVR
2021-09-28,139.9499969482422,141.0,136.83999633789062,137.3800048828125,126.42960357666016,235500,0.0,0.0,EVR,EVR
2021-09-29,138.80999755859375,138.80999755859375,136.00999450683594,136.4199981689453,125.5461196899414,263600,0.0,0.0,EVR,EVR
2021-09-30,137.6699981689453,137.6699981689453,133.50999450683594,133.6699981689453,123.01531982421876,371500,0.0,0.0,EVR,EVR
2021-10-01,134.82000732421875,138.67999267578125,133.69000244140625,138.0800018310547,127.0738296508789,420400,0.0,0.0,EVR,EVR
2021-10-04,138.60000610351562,143.0,137.00999450683594,140.07000732421875,128.9051971435547,375700,0.0,0.0,EVR,EVR
2021-10-05,141.75,144.42999267578125,141.0,142.97000122070312,131.5740203857422,341900,0.0,0.0,EVR,EVR
2021-10-06,141.66000366210938,143.38999938964844,139.47999572753906,142.6199951171875,131.25193786621094,244800,0.0,0.0,EVR,EVR
2021-10-07,144.49000549316406,146.44000244140625,143.99000549316406,144.57000732421875,133.04652404785156,322900,0.0,0.0,EVR,EVR
2021-10-08,145.02999877929688,147.36000061035156,144.2899932861328,146.50999450683594,134.831787109375,172500,0.0,0.0,EVR,EVR
2021-10-11,149.0,150.6300048828125,146.47000122070312,146.5,134.8226776123047,239400,0.0,0.0,EVR,EVR
2021-10-12,146.50999450683594,148.6300048828125,145.88999938964844,147.75999450683594,135.98223876953125,299300,0.0,0.0,EVR,EVR
2021-10-13,148.5,149.75,146.72000122070312,148.0800018310547,136.27671813964844,303000,0.0,0.0,EVR,EVR
2021-10-14,150.39999389648438,152.63999938964844,149.35000610351562,151.05999755859375,139.01919555664062,462100,0.0,0.0,EVR,EVR
2021-10-15,152.66000366210938,156.77000427246094,152.66000366210938,154.47000122070312,142.15737915039062,362200,0.0,0.0,EVR,EVR
2021-10-18,154.74000549316406,158.49000549316406,154.5500030517578,156.33999633789062,143.8783416748047,362700,0.0,0.0,EVR,EVR
2021-10-19,157.1300048828125,158.88999938964844,156.82000732421875,158.77000427246094,146.1146240234375,444000,0.0,0.0,EVR,EVR
2021-10-20,158.77000427246094,163.19000244140625,158.0,163.17999267578125,150.1731414794922,518400,0.0,0.0,EVR,EVR
2021-10-21,163.39999389648438,164.6300048828125,159.25999450683594,161.9199981689453,149.01351928710938,557800,0.0,0.0,EVR,EVR
2021-10-22,162.1699981689453,162.9600067138672,159.88999938964844,160.0800018310547,147.32020568847656,347800,0.0,0.0,EVR,EVR
2021-10-25,160.57000732421875,162.08999633789062,158.0800018310547,162.0399932861328,149.12400817871094,483200,0.0,0.0,EVR,EVR
2021-10-26,162.8800048828125,163.4199981689453,160.83999633789062,161.00999450683594,148.176025390625,441100,0.0,0.0,EVR,EVR
2021-10-27,161.07000732421875,162.86000061035156,149.44000244140625,150.41000366210938,138.4209747314453,745800,0.0,0.0,EVR,EVR
2021-10-28,152.7899932861328,153.80999755859375,150.3699951171875,152.4199981689453,140.27076721191406,680700,0.0,0.0,EVR,EVR
2021-10-29,151.39999389648438,153.1699981689453,149.27999877929688,151.83999633789062,139.7370147705078,694700,0.0,0.0,EVR,EVR
2021-11-01,153.6300048828125,155.47999572753906,153.6300048828125,154.4499969482422,142.1389617919922,444000,0.0,0.0,EVR,EVR
2021-11-02,154.0500030517578,155.0,152.02999877929688,152.2899932861328,140.15113830566406,293500,0.0,0.0,EVR,EVR
2021-11-03,151.74000549316406,155.0399932861328,151.74000549316406,154.3000030517578,142.0009307861328,313400,0.0,0.0,EVR,EVR
2021-11-04,152.74000549316406,154.72999572753906,149.67999267578125,151.10000610351562,139.0559539794922,334500,0.0,0.0,EVR,EVR
2021-11-05,152.0399932861328,154.24000549316406,150.5800018310547,151.25,139.19406127929688,494500,0.0,0.0,EVR,EVR
2021-11-08,152.00999450683594,153.33999633789062,150.6300048828125,151.5500030517578,139.47015380859375,595500,0.0,0.0,EVR,EVR
2021-11-09,151.0,152.7100067138672,149.50999450683594,151.32000732421875,139.2584991455078,290700,0.0,0.0,EVR,EVR
2021-11-10,150.63999938964844,152.55999755859375,149.89999389648438,150.72999572753906,138.71546936035156,280700,0.0,0.0,EVR,EVR
2021-11-11,151.5500030517578,155.30999755859375,151.1999969482422,154.3800048828125,142.0745391845703,291300,0.0,0.0,EVR,EVR
2021-11-12,154.47000122070312,155.94000244140625,153.39999389648438,155.66000366210938,143.2525634765625,287200,0.0,0.0,EVR,EVR
2021-11-15,157.02999877929688,157.6999969482422,154.7899932861328,155.32000732421875,142.9396514892578,759600,0.0,0.0,EVR,EVR
2021-11-16,154.47000122070312,155.3699951171875,153.00999450683594,153.99000549316406,141.71566772460938,387200,0.0,0.0,EVR,EVR
2021-11-17,153.6999969482422,154.4600067138672,152.02999877929688,152.7100067138672,140.5376739501953,330300,0.0,0.0,EVR,EVR
2021-11-18,153.2899932861328,154.5,151.47999572753906,151.69000244140625,139.59896850585938,285900,0.0,0.0,EVR,EVR
2021-11-19,150.0,151.42999267578125,148.5500030517578,149.86000061035156,137.91485595703125,317100,0.0,0.0,EVR,EVR
2021-11-22,150.2899932861328,152.0500030517578,149.27999877929688,149.3699951171875,137.46388244628906,423300,0.0,0.0,EVR,EVR
2021-11-23,150.4499969482422,150.88999938964844,148.2899932861328,149.8800048828125,137.93324279785156,332000,0.0,0.0,EVR,EVR
2021-11-24,148.67999267578125,149.55999755859375,146.94000244140625,148.6300048828125,137.40628051757812,337600,0.68,0.0,EVR,EVR
2021-11-26,144.33999633789062,145.13999938964844,142.52999877929688,143.30999755859375,132.48805236816406,249000,0.0,0.0,EVR,EVR
2021-11-29,145.32000732421875,146.16000366210938,142.16000366210938,145.14999389648438,134.18907165527344,314500,0.0,0.0,EVR,EVR
2021-11-30,143.5500030517578,144.69000244140625,138.42999267578125,138.6999969482422,128.2261505126953,838700,0.0,0.0,EVR,EVR
2021-12-01,142.1699981689453,143.25,135.4499969482422,135.4499969482422,125.22158813476562,459000,0.0,0.0,EVR,EVR
2021-12-02,136.63999938964844,139.85000610351562,135.2899932861328,139.14999389648438,128.64218139648438,701500,0.0,0.0,EVR,EVR
2021-12-03,140.0,140.47000122070312,132.0800018310547,134.1699981689453,124.0382308959961,572000,0.0,0.0,EVR,EVR
2021-12-06,135.61000061035156,137.66000366210938,133.57000732421875,135.3699951171875,125.14762115478516,967800,0.0,0.0,EVR,EVR
2021-12-07,137.83999633789062,140.47000122070312,136.83999633789062,138.6199951171875,128.15216064453125,343900,0.0,0.0,EVR,EVR
2021-12-08,133.4600067138672,137.61000061035156,132.97000122070312,136.66000366210938,126.34019470214844,723800,0.0,0.0,EVR,EVR
2021-12-09,136.08999633789062,138.3300018310547,135.3800048828125,135.9499969482422,125.68379974365234,447500,0.0,0.0,EVR,EVR
2021-12-10,137.88999938964844,137.88999938964844,135.61000061035156,136.3300018310547,126.03511810302734,529600,0.0,0.0,EVR,EVR
2021-12-13,135.49000549316406,136.8000030517578,132.1199951171875,132.7899932861328,122.76243591308594,553600,0.0,0.0,EVR,EVR
2021-12-14,132.07000732421875,138.52999877929688,132.0,137.2100067138672,126.8486557006836,610400,0.0,0.0,EVR,EVR
2021-12-15,137.22999572753906,138.14999389648438,135.11000061035156,137.4199981689453,127.04279327392578,683800,0.0,0.0,EVR,EVR
2021-12-16,139.27999877929688,140.25999450683594,135.82000732421875,136.64999389648438,126.33094024658205,287200,0.0,0.0,EVR,EVR
2021-12-17,136.1199951171875,136.24000549316406,133.2899932861328,133.83999633789062,123.733154296875,596700,0.0,0.0,EVR,EVR
2021-12-20,131.8699951171875,132.61000061035156,126.5,128.9499969482422,119.21240234375,361300,0.0,0.0,EVR,EVR
2021-12-21,130.7100067138672,132.82000732421875,130.52000427246094,132.74000549316406,122.71622467041016,345500,0.0,0.0,EVR,EVR
2021-12-22,132.75999450683594,134.10000610351562,132.00999450683594,133.88999938964844,123.77938842773438,285500,0.0,0.0,EVR,EVR
2021-12-23,134.80999755859375,136.6999969482422,134.25999450683594,135.7100067138672,125.46192932128906,227200,0.0,0.0,EVR,EVR
2021-12-27,135.86000061035156,138.36000061035156,135.22999572753906,137.94000244140625,127.52354431152344,214500,0.0,0.0,EVR,EVR
2021-12-28,138.19000244140625,139.1999969482422,137.11000061035156,137.8800048828125,127.46807861328124,185000,0.0,0.0,EVR,EVR
2021-12-29,137.66000366210938,138.25,136.22000122070312,136.74000549316406,126.41412353515624,149700,0.0,0.0,EVR,EVR
2021-12-30,136.74000549316406,138.4199981689453,136.08999633789062,136.22999572753906,125.94266510009766,136200,0.0,0.0,EVR,EVR
2021-12-31,135.77999877929688,136.92999267578125,135.4600067138672,135.85000610351562,125.59136962890624,180300,0.0,0.0,EVR,EVR
2022-01-03,136.39999389648438,139.22000122070312,135.9499969482422,137.05999755859375,126.71002197265624,350300,0.0,0.0,EVR,EVR
2022-01-04,138.77999877929688,140.9499969482422,138.00999450683594,139.67999267578125,129.13217163085938,277900,0.0,0.0,EVR,EVR
2022-01-05,140.1999969482422,141.27999877929688,134.10000610351562,134.61000061035156,124.4450225830078,306800,0.0,0.0,EVR,EVR
2022-01-06,132.94000244140625,137.47999572753906,132.94000244140625,137.38999938964844,127.0150909423828,303800,0.0,0.0,EVR,EVR
2022-01-07,138.57000732421875,138.72999572753906,136.02999877929688,137.0399932861328,126.69152069091795,337400,0.0,0.0,EVR,EVR
2022-01-10,136.6999969482422,137.30999755859375,134.08999633789062,136.47000122070312,126.16454315185548,358200,0.0,0.0,EVR,EVR
2022-01-11,137.2100067138672,140.69000244140625,135.82000732421875,139.7100067138672,129.159912109375,251600,0.0,0.0,EVR,EVR
2022-01-12,140.27000427246094,142.17999267578125,138.9600067138672,139.38999938964844,128.86407470703125,291700,0.0,0.0,EVR,EVR
2022-01-13,140.22999572753906,141.08999633789062,136.27000427246094,137.07000732421875,126.71923065185548,226700,0.0,0.0,EVR,EVR
2022-01-14,135.00999450683594,135.30999755859375,131.38999938964844,133.22999572753906,123.1692123413086,311900,0.0,0.0,EVR,EVR
2022-01-18,131.92999267578125,131.92999267578125,125.1999969482422,125.70999908447266,116.21707153320312,513700,0.0,0.0,EVR,EVR
2022-01-19,127.12000274658205,127.62999725341795,122.22000122070312,122.5500030517578,113.29571533203124,545800,0.0,0.0,EVR,EVR
2022-01-20,123.5999984741211,125.69000244140624,121.5199966430664,121.55999755859376,112.38046264648438,808800,0.0,0.0,EVR,EVR
2022-01-21,121.62000274658205,121.76000213623048,117.73999786376952,118.5199966430664,109.5700225830078,514100,0.0,0.0,EVR,EVR
2022-01-24,115.08999633789062,120.75,111.51000213623048,120.2300033569336,111.1509017944336,729100,0.0,0.0,EVR,EVR
2022-01-25,117.91000366210938,119.8499984741211,114.94000244140624,118.33999633789062,109.40360260009766,451000,0.0,0.0,EVR,EVR
2022-01-26,120.11000061035156,122.22000122070312,116.4499969482422,117.51000213623048,108.63630676269533,435900,0.0,0.0,EVR,EVR
2022-01-27,118.86000061035156,120.37000274658205,115.29000091552734,116.22000122070312,107.44371795654295,555000,0.0,0.0,EVR,EVR
2022-01-28,115.86000061035156,119.9499969482422,114.36000061035156,119.81999969482422,110.7718734741211,274100,0.0,0.0,EVR,EVR
2022-01-31,119.36000061035156,124.94000244140624,119.0500030517578,124.81999969482422,115.394287109375,506600,0.0,0.0,EVR,EVR
2022-02-01,124.44000244140624,127.33000183105467,122.22000122070312,126.62000274658205,117.05836486816406,782900,0.0,0.0,EVR,EVR
2022-02-02,133.0,134.13999938964844,122.08000183105467,126.0199966430664,116.50367736816406,878300,0.0,0.0,EVR,EVR
2022-02-03,127.69000244140624,129.5500030517578,124.41999816894533,128.17999267578125,118.50054168701172,614700,0.0,0.0,EVR,EVR
2022-02-04,128.8699951171875,131.17999267578125,128.38999938964844,129.39999389648438,119.6284408569336,515400,0.0,0.0,EVR,EVR
2022-02-07,129.0,130.77000427246094,128.49000549316406,129.64999389648438,119.8595733642578,358300,0.0,0.0,EVR,EVR
2022-02-08,128.55999755859375,131.1699981689453,126.27999877929688,127.86000061035156,118.20472717285156,721100,0.0,0.0,EVR,EVR
2022-02-09,129.6300048828125,134.5500030517578,128.72000122070312,133.63999938964844,123.54825592041016,816800,0.0,0.0,EVR,EVR
2022-02-10,130.5800018310547,132.9600067138672,127.41000366210938,127.45999908447266,117.83492279052734,1072100,0.0,0.0,EVR,EVR
2022-02-11,127.58000183105467,130.67999267578125,122.5199966430664,123.26000213623048,113.95209503173828,860100,0.0,0.0,EVR,EVR
2022-02-14,123.26000213623048,125.75,122.22000122070312,123.3000030517578,113.98907470703124,979400,0.0,0.0,EVR,EVR
2022-02-15,125.66000366210938,128.02000427246094,124.98999786376952,126.97000122070312,117.38192749023438,731600,0.0,0.0,EVR,EVR
2022-02-16,125.9000015258789,127.79000091552734,124.4000015258789,126.91999816894533,117.335693359375,482100,0.0,0.0,EVR,EVR
2022-02-17,125.22000122070312,126.12000274658205,123.66999816894533,123.7300033569336,114.3865966796875,427200,0.0,0.0,EVR,EVR
2022-02-18,124.1500015258789,125.16999816894533,120.63999938964844,120.8000030517578,111.67784118652344,859700,0.0,0.0,EVR,EVR
2022-02-22,119.66000366210938,120.86000061035156,118.12000274658205,119.30999755859376,110.30036163330078,628300,0.0,0.0,EVR,EVR
2022-02-23,123.5500030517578,125.77999877929688,122.27999877929688,122.72000122070312,113.4528579711914,933800,0.0,0.0,EVR,EVR
2022-02-24,117.0500030517578,124.48999786376952,115.8499984741211,123.73999786376952,115.03325653076172,640900,0.68,0.0,EVR,EVR
2022-02-25,124.19000244140624,129.25999450683594,124.19000244140624,127.8499984741211,118.85406494140624,543400,0.0,0.0,EVR,EVR
2022-02-28,125.13999938964844,127.91999816894533,124.72000122070312,127.01000213623048,118.07315826416016,465600,0.0,0.0,EVR,EVR
2022-03-01,126.0,127.98999786376952,122.02999877929688,124.06999969482422,115.3400421142578,781500,0.0,0.0,EVR,EVR
2022-03-02,125.75,127.0,123.83999633789062,124.44000244140624,115.6839828491211,845700,0.0,0.0,EVR,EVR
2022-03-03,125.0,125.0,120.58999633789062,123.47000122070312,114.78225708007812,321500,0.0,0.0,EVR,EVR
2022-03-04,120.13999938964844,120.88999938964844,117.3499984741211,118.73999786376952,110.38507080078124,358400,0.0,0.0,EVR,EVR
2022-03-07,118.26000213623048,118.58000183105467,110.31999969482422,110.37000274658205,102.60401153564452,707700,0.0,0.0,EVR,EVR
2022-03-08,110.9800033569336,112.3499984741211,106.87999725341795,108.18000030517578,100.56810760498048,601700,0.0,0.0,EVR,EVR
2022-03-09,111.72000122070312,114.5199966430664,111.48999786376952,113.26000213623048,105.2906723022461,268400,0.0,0.0,EVR,EVR
2022-03-10,110.4499969482422,111.66999816894533,108.68000030517578,111.30999755859376,103.47785949707033,455100,0.0,0.0,EVR,EVR
2022-03-11,112.44000244140624,113.20999908447266,110.16000366210938,110.66999816894533,102.88288879394533,260800,0.0,0.0,EVR,EVR
2022-03-14,111.9800033569336,114.19000244140624,110.56999969482422,110.9000015258789,103.0967254638672,238000,0.0,0.0,EVR,EVR
2022-03-15,111.62999725341795,114.9000015258789,111.62000274658205,112.44000244140624,104.52835083007812,333900,0.0,0.0,EVR,EVR
2022-03-16,115.37000274658205,118.0999984741211,114.41999816894533,117.0,108.76750183105467,495800,0.0,0.0,EVR,EVR
2022-03-17,114.72000122070312,116.88999938964844,112.37999725341795,116.55999755859376,108.35845947265624,343900,0.0,0.0,EVR,EVR
2022-03-18,116.5500030517578,118.2699966430664,115.12000274658205,117.72000122070312,109.43683624267578,612000,0.0,0.0,EVR,EVR
2022-03-21,118.19000244140624,118.19000244140624,115.1500015258789,115.76000213623048,107.61474609375,240200,0.0,0.0,EVR,EVR
2022-03-22,116.9000015258789,118.41999816894533,116.27999877929688,117.61000061035156,109.3345718383789,355400,0.0,0.0,EVR,EVR
2022-03-23,116.52999877929688,116.66999816894533,114.4800033569336,114.81999969482422,106.74089813232422,218400,0.0,0.0,EVR,EVR
2022-03-24,115.73999786376952,115.9000015258789,114.16999816894533,115.69000244140624,107.54967498779295,324300,0.0,0.0,EVR,EVR
2022-03-25,116.37999725341795,117.06999969482422,112.62999725341795,113.87000274658205,105.85774993896484,339400,0.0,0.0,EVR,EVR
2022-03-28,113.95999908447266,115.18000030517578,112.5500030517578,114.56999969482422,106.50847625732422,450100,0.0,0.0,EVR,EVR
2022-03-29,117.0,119.43000030517578,116.83000183105467,118.80999755859376,110.45013427734376,369800,0.0,0.0,EVR,EVR
2022-03-30,118.02999877929688,118.02999877929688,114.0500030517578,114.41000366210938,106.35974884033205,242300,0.0,0.0,EVR,EVR
2022-03-31,114.52999877929688,115.11000061035156,111.3000030517578,111.31999969482422,103.48716735839844,386100,0.0,0.0,EVR,EVR
2022-04-01,112.06999969482422,113.22000122070312,109.08000183105467,111.8000030517578,103.93340301513672,510000,0.0,0.0,EVR,EVR
2022-04-04,111.91999816894533,113.1500015258789,110.93000030517578,112.12999725341795,104.24015808105467,357300,0.0,0.0,EVR,EVR
2022-04-05,111.9000015258789,112.51000213623048,109.20999908447266,109.83999633789062,102.1113052368164,720500,0.0,0.0,EVR,EVR
2022-04-06,108.5,108.9000015258789,104.91999816894533,105.58000183105467,98.15103149414062,533400,0.0,0.0,EVR,EVR
2022-04-07,104.51000213623048,106.8499984741211,103.11000061035156,105.37000274658205,97.95582580566406,498400,0.0,0.0,EVR,EVR
2022-04-08,105.44000244140624,109.48999786376952,105.44000244140624,107.70999908447266,100.13118743896484,628000,0.0,0.0,EVR,EVR
2022-04-11,106.61000061035156,110.45999908447266,106.33000183105467,107.7699966430664,100.18695068359376,394800,0.0,0.0,EVR,EVR
2022-04-12,108.2699966430664,109.91000366210938,105.70999908447266,105.97000122070312,98.51359558105467,468400,0.0,0.0,EVR,EVR
2022-04-13,105.25,107.4499969482422,104.33000183105467,107.33999633789062,99.78720092773438,426900,0.0,0.0,EVR,EVR
2022-04-14,108.13999938964844,109.18000030517578,106.0,106.12000274658205,98.6530532836914,307300,0.0,0.0,EVR,EVR
2022-04-18,105.83999633789062,107.77999877929688,105.55999755859376,107.08000183105467,99.54550170898438,353900,0.0,0.0,EVR,EVR
2022-04-19,107.31999969482422,113.83999633789062,107.31999969482422,113.62000274658205,105.62532806396484,458300,0.0,0.0,EVR,EVR
2022-04-20,114.77999877929688,115.5500030517578,113.29000091552734,114.41000366210938,106.35974884033205,327400,0.0,0.0,EVR,EVR
2022-04-21,116.04000091552734,116.6999969482422,110.9000015258789,111.4800033569336,103.63591003417967,242500,0.0,0.0,EVR,EVR
2022-04-22,111.13999938964844,111.20999908447266,107.25,107.33999633789062,99.78720092773438,250300,0.0,0.0,EVR,EVR
2022-04-25,106.56999969482422,110.63999938964844,105.51000213623048,110.58000183105467,102.79922485351562,381800,0.0,0.0,EVR,EVR
2022-04-26,109.2699966430664,113.20999908447266,107.26000213623048,107.29000091552734,99.74073028564452,505800,0.0,0.0,EVR,EVR
2022-04-27,109.0,112.08999633789062,106.02999877929688,106.36000061035156,98.87616729736328,744400,0.0,0.0,EVR,EVR
2022-04-28,106.29000091552734,111.62000274658205,104.4499969482422,110.75,102.95726776123048,664500,0.0,0.0,EVR,EVR
2022-04-29,109.5500030517578,112.2699966430664,105.44000244140624,105.75,98.30908966064452,608500,0.0,0.0,EVR,EVR
2022-05-02,105.62999725341795,110.36000061035156,105.41000366210938,110.19000244140624,102.43667602539062,583700,0.0,0.0,EVR,EVR
2022-05-03,109.8000030517578,111.86000061035156,109.2699966430664,111.16000366210938,103.33843994140624,456200,0.0,0.0,EVR,EVR
2022-05-04,110.98999786376952,114.18000030517578,109.37999725341795,114.0,105.97859954833984,460600,0.0,0.0,EVR,EVR
2022-05-05,111.61000061035156,112.58999633789062,109.86000061035156,111.02999877929688,103.21756744384766,506900,0.0,0.0,EVR,EVR
2022-05-06,110.02999877929688,111.7699966430664,108.54000091552734,110.55999755859376,102.7806396484375,570800,0.0,0.0,EVR,EVR
2022-05-09,107.97000122070312,111.1999969482422,107.9000015258789,108.75,101.0979995727539,550500,0.0,0.0,EVR,EVR
2022-05-10,109.70999908447266,111.62000274658205,107.33000183105467,108.72000122070312,101.0701141357422,615200,0.0,0.0,EVR,EVR
2022-05-11,108.1500015258789,112.2300033569336,106.58999633789062,106.81999969482422,99.30380249023438,566400,0.0,0.0,EVR,EVR
2022-05-12,106.41999816894533,108.43000030517578,104.4499969482422,106.5500030517578,99.05280303955078,527300,0.0,0.0,EVR,EVR
2022-05-13,108.54000091552734,110.88999938964844,108.27999877929688,109.45999908447266,101.75804901123048,250000,0.0,0.0,EVR,EVR
2022-05-16,108.5999984741211,111.26000213623048,107.5,109.79000091552734,102.06482696533205,280900,0.0,0.0,EVR,EVR
2022-05-17,112.73999786376952,115.12999725341795,111.9800033569336,114.1999969482422,106.16451263427734,368200,0.0,0.0,EVR,EVR
2022-05-18,112.37000274658205,113.43000030517578,110.0,110.68000030517578,102.8921890258789,460400,0.0,0.0,EVR,EVR
2022-05-19,108.47000122070312,111.87000274658205,108.47000122070312,110.0999984741211,102.3530044555664,706700,0.0,0.0,EVR,EVR
2022-05-20,111.52999877929688,111.97000122070312,106.02999877929688,109.55999755859376,101.85102081298828,498000,0.0,0.0,EVR,EVR
2022-05-23,109.4499969482422,110.97000122070312,108.12999725341795,110.12999725341795,102.3809051513672,401200,0.0,0.0,EVR,EVR
2022-05-24,109.27999877929688,109.55999755859376,103.91000366210938,107.6500015258789,100.07540130615234,436700,0.0,0.0,EVR,EVR
2022-05-25,106.79000091552734,110.27999877929688,106.79000091552734,109.6500015258789,101.93467712402344,451400,0.0,0.0,EVR,EVR
2022-05-26,110.4800033569336,112.70999908447266,110.45999908447266,111.83999633789062,104.65779113769533,333900,0.72,0.0,EVR,EVR
2022-05-27,112.0,115.16999816894533,111.69000244140624,115.13999938964844,107.7458724975586,244200,0.0,0.0,EVR,EVR
2022-05-31,114.1500015258789,115.41000366210938,112.97000122070312,114.1999969482422,106.8662338256836,329500,0.0,0.0,EVR,EVR
2022-06-01,114.62999725341795,114.62999725341795,108.94000244140624,110.63999938964844,103.53485870361328,333700,0.0,0.0,EVR,EVR
2022-06-02,111.31999969482422,114.12000274658205,111.0199966430664,113.8499984741211,106.53872680664062,347200,0.0,0.0,EVR,EVR
2022-06-03,112.0500030517578,112.63999938964844,110.0199966430664,110.3000030517578,103.21669006347656,314200,0.0,0.0,EVR,EVR
2022-06-06,111.91999816894533,114.73999786376952,111.23999786376952,112.37000274658205,105.1537628173828,396500,0.0,0.0,EVR,EVR
2022-06-07,111.91000366210938,113.52999877929688,110.94000244140624,113.44000244140624,106.1550521850586,267400,0.0,0.0,EVR,EVR
2022-06-08,112.13999938964844,112.87999725341795,109.68000030517578,109.7699966430664,102.7207260131836,240400,0.0,0.0,EVR,EVR
2022-06-09,108.6999969482422,109.7300033569336,106.08000183105467,106.5,99.66072845458984,413800,0.0,0.0,EVR,EVR
2022-06-10,104.0,104.51000213623048,98.58000183105467,99.1999969482422,92.82951354980467,386500,0.0,0.0,EVR,EVR
2022-06-13,96.29000091552734,96.7300033569336,94.06999969482422,94.41999816894533,88.35649108886719,597700,0.0,0.0,EVR,EVR
2022-06-14,94.5999984741211,95.94000244140624,93.79000091552734,94.31999969482422,88.26290130615234,419200,0.0,0.0,EVR,EVR
2022-06-15,95.1999969482422,98.06999969482422,94.38999938964844,96.18000030517578,90.00346374511719,471400,0.0,0.0,EVR,EVR
2022-06-16,93.29000091552734,94.6500015258789,91.41000366210938,93.36000061035156,87.36456298828125,525800,0.0,0.0,EVR,EVR
2022-06-17,94.6999969482422,96.18000030517578,92.87999725341795,93.87999725341795,87.85115051269531,877600,0.0,0.0,EVR,EVR
2022-06-21,95.79000091552734,96.73999786376952,94.37999725341795,95.1500015258789,89.03960418701172,353200,0.0,0.0,EVR,EVR
2022-06-22,93.81999969482422,95.81999969482422,93.5999984741211,93.93000030517578,87.89796447753906,344900,0.0,0.0,EVR,EVR
2022-06-23,93.86000061035156,94.1999969482422,91.73999786376952,93.6999969482422,87.68273162841797,358100,0.0,0.0,EVR,EVR
2022-06-24,94.94000244140624,99.0,94.38999938964844,97.9800033569336,91.6878662109375,596700,0.0,0.0,EVR,EVR
2022-06-27,98.19000244140624,98.44000244140624,96.66000366210938,96.77999877929688,90.56492614746094,224500,0.0,0.0,EVR,EVR
2022-06-28,98.12999725341795,99.1999969482422,96.5199966430664,96.77999877929688,90.56492614746094,232800,0.0,0.0,EVR,EVR
2022-06-29,97.13999938964844,97.22000122070312,95.0,95.31999969482422,89.19868469238281,229000,0.0,0.0,EVR,EVR
2022-06-30,93.54000091552734,95.1500015258789,91.5199966430664,93.61000061035156,87.59850311279297,337400,0.0,0.0,EVR,EVR
2022-07-01,92.70999908447266,95.12000274658205,91.54000091552734,94.11000061035156,88.06639099121094,294000,0.0,0.0,EVR,EVR
2022-07-05,92.88999938964844,94.5999984741211,91.70999908447266,94.5199966430664,88.45005798339844,485300,0.0,0.0,EVR,EVR
2022-07-06,93.0999984741211,93.45999908447266,90.79000091552734,92.61000061035156,86.66271209716797,518900,0.0,0.0,EVR,EVR
2022-07-07,93.58999633789062,94.0999984741211,92.29000091552734,93.56999969482422,87.56106567382812,449200,0.0,0.0,EVR,EVR
2022-07-08,92.62999725341795,94.19000244140624,90.98999786376952,91.73999786376952,85.84858703613281,397700,0.0,0.0,EVR,EVR
2022-07-11,89.98999786376953,90.41999816894533,87.95999908447266,89.45999908447266,83.71500396728516,414300,0.0,0.0,EVR,EVR
2022-07-12,88.98999786376953,91.4000015258789,88.98999786376953,89.76000213623047,83.99574279785156,446100,0.0,0.0,EVR,EVR
2022-07-13,87.6500015258789,89.12000274658203,86.55999755859375,88.26000213623047,82.5920639038086,472100,0.0,0.0,EVR,EVR
2022-07-14,86.68000030517578,86.68000030517578,84.83000183105469,85.76000213623047,80.25260925292969,360700,0.0,0.0,EVR,EVR
2022-07-15,87.44000244140625,90.08000183105467,86.4800033569336,89.38999938964844,83.6495132446289,315900,0.0,0.0,EVR,EVR
2022-07-18,89.62999725341797,91.86000061035156,88.70999908447266,89.2699966430664,83.53719329833984,338000,0.0,0.0,EVR,EVR
2022-07-19,90.76000213623048,93.8000030517578,90.76000213623048,93.44000244140624,87.43941497802734,387600,0.0,0.0,EVR,EVR
2022-07-20,92.63999938964844,96.01000213623048,92.1999969482422,95.70999908447266,89.56363677978516,397700,0.0,0.0,EVR,EVR
2022-07-21,95.27999877929688,96.12000274658205,93.93000030517578,95.69000244140624,89.544921875,286700,0.0,0.0,EVR,EVR
2022-07-22,95.81999969482422,96.9000015258789,95.2300033569336,96.05999755859376,89.89116668701172,400900,0.0,0.0,EVR,EVR
2022-07-25,96.93000030517578,97.31999969482422,95.11000061035156,95.66000366210938,89.516845703125,427100,0.0,0.0,EVR,EVR
2022-07-26,95.5199966430664,95.88999938964844,93.76000213623048,94.20999908447266,88.15997314453125,451300,0.0,0.0,EVR,EVR
2022-07-27,96.87999725341795,97.86000061035156,92.11000061035156,96.1500015258789,89.97537994384766,683500,0.0,0.0,EVR,EVR
2022-07-28,96.25,99.18000030517578,95.22000122070312,98.5500030517578,92.22125244140624,520300,0.0,0.0,EVR,EVR
2022-07-29,99.12999725341795,101.93000030517578,99.12999725341795,99.97000122070312,93.55006408691406,432800,0.0,0.0,EVR,EVR
2022-08-01,97.9499969482422,99.81999969482422,97.2699966430664,98.98999786376952,92.6330108642578,311400,0.0,0.0,EVR,EVR
2022-08-02,97.7300033569336,99.93000030517578,97.26000213623048,97.75,91.47264099121094,400800,0.0,0.0,EVR,EVR
2022-08-03,98.7699966430664,100.95999908447266,98.51000213623048,100.16999816894533,93.73722839355467,319000,0.0,0.0,EVR,EVR
2022-08-04,100.37000274658205,100.9800033569336,99.69000244140624,100.7300033569336,94.26126861572266,304400,0.0,0.0,EVR,EVR
2022-08-05,99.7699966430664,101.91000366210938,99.7699966430664,101.0,94.513916015625,256600,0.0,0.0,EVR,EVR
2022-08-08,101.41999816894533,103.05999755859376,101.2699966430664,101.33000183105467,94.82272338867188,286500,0.0,0.0,EVR,EVR
2022-08-09,100.63999938964844,100.68000030517578,98.30999755859376,99.11000061035156,92.74530792236328,285300,0.0,0.0,EVR,EVR
2022-08-10,101.38999938964844,103.13999938964844,101.08000183105467,102.26000213623048,95.6930160522461,302700,0.0,0.0,EVR,EVR
2022-08-11,103.12000274658205,104.5500030517578,103.12000274658205,104.02999877929688,97.3493423461914,568700,0.0,0.0,EVR,EVR
2022-08-12,104.81999969482422,105.06999969482422,104.1500015258789,105.0,98.25704956054688,205400,0.0,0.0,EVR,EVR
2022-08-15,104.04000091552734,105.87000274658205,104.04000091552734,104.87999725341795,98.14476013183594,339000,0.0,0.0,EVR,EVR
2022-08-16,104.3499984741211,105.70999908447266,104.30999755859376,105.25,98.49100494384766,277600,0.0,0.0,EVR,EVR
2022-08-17,103.7300033569336,104.97000122070312,103.37000274658205,104.38999938964844,97.68621063232422,250700,0.0,0.0,EVR,EVR
2022-08-18,104.23999786376952,105.25,103.83000183105467,105.01000213623048,98.26641082763672,728900,0.0,0.0,EVR,EVR
2022-08-19,104.06999969482422,104.62000274658205,101.30999755859376,101.6500015258789,95.12217712402344,319600,0.0,0.0,EVR,EVR
2022-08-22,99.36000061035156,99.4499969482422,97.0500030517578,98.3000030517578,91.98731994628906,511500,0.0,0.0,EVR,EVR
2022-08-23,98.3000030517578,99.6500015258789,98.12000274658205,98.72000122070312,92.38036346435548,188000,0.0,0.0,EVR,EVR
2022-08-24,98.94000244140624,100.1999969482422,98.36000061035156,98.6999969482422,92.36163330078124,273700,0.0,0.0,EVR,EVR
2022-08-25,98.68000030517578,100.3000030517578,98.68000030517578,99.98999786376952,94.25636291503906,215800,0.72,0.0,EVR,EVR
2022-08-26,100.27999877929688,100.76000213623048,96.23999786376952,96.2699966430664,90.74969482421876,290800,0.0,0.0,EVR,EVR
2022-08-29,96.01000213623048,96.61000061035156,94.87000274658205,94.97000122070312,89.52423095703125,256400,0.0,0.0,EVR,EVR
2022-08-30,95.48999786376952,95.87999725341795,92.87999725341795,93.63999938964844,88.2705078125,550500,0.0,0.0,EVR,EVR
2022-08-31,94.5199966430664,94.73999786376952,93.30999755859376,93.69000244140624,88.31763458251953,375900,0.0,0.0,EVR,EVR
2022-09-01,92.91999816894533,94.3499984741211,91.9000015258789,94.3000030517578,88.89264678955078,410100,0.0,0.0,EVR,EVR
2022-09-02,95.47000122070312,95.86000061035156,92.72000122070312,93.29000091552734,87.94056701660156,488800,0.0,0.0,EVR,EVR
2022-09-06,93.5999984741211,94.37000274658205,90.81999969482422,94.31999969482422,88.91149139404297,671900,0.0,0.0,EVR,EVR
2022-09-07,93.79000091552734,95.8499984741211,93.4000015258789,95.56999969482422,90.08981323242188,339200,0.0,0.0,EVR,EVR
2022-09-08,94.5500030517578,96.63999938964844,93.37999725341795,96.56999969482422,91.03248596191406,326700,0.0,0.0,EVR,EVR
2022-09-09,97.33999633789062,99.27999877929688,97.0500030517578,98.7300033569336,93.0686264038086,342200,0.0,0.0,EVR,EVR
2022-09-12,99.98999786376952,101.4000015258789,98.48999786376952,98.9000015258789,93.22887420654295,406900,0.0,0.0,EVR,EVR
2022-09-13,96.1500015258789,96.72000122070312,93.0999984741211,93.37999725341795,88.0254135131836,314700,0.0,0.0,EVR,EVR
2022-09-14,93.25,93.5199966430664,90.08000183105467,91.70999908447266,86.45116424560547,648400,0.0,0.0,EVR,EVR
2022-09-15,91.9000015258789,94.5999984741211,91.66999816894533,92.31999969482422,87.02618408203125,705000,0.0,0.0,EVR,EVR
2022-09-16,90.5199966430664,90.62999725341795,88.26000213623047,89.69999694824219,84.55641174316406,1529200,0.0,0.0,EVR,EVR
2022-09-19,88.87999725341797,91.68000030517578,88.75,91.48999786376952,86.24378204345703,424500,0.0,0.0,EVR,EVR
2022-09-20,90.63999938964844,91.02999877929688,88.83000183105469,89.30000305175781,84.17935180664062,489100,0.0,0.0,EVR,EVR
2022-09-21,90.16000366210938,91.97000122070312,88.38999938964844,88.38999938964844,83.32154083251953,379600,0.0,0.0,EVR,EVR
2022-09-22,89.11000061035156,89.16999816894531,85.55999755859375,86.5,81.53993225097656,337000,0.0,0.0,EVR,EVR
2022-09-23,83.62999725341797,84.08000183105469,80.04000091552734,81.69000244140625,77.0057373046875,769200,0.0,0.0,EVR,EVR
2022-09-26,81.1500015258789,83.08999633789062,80.45999908447266,80.48999786376953,75.87454223632812,655300,0.0,0.0,EVR,EVR
2022-09-27,81.30000305175781,82.16999816894531,78.66999816894531,80.27999877929688,75.67657470703125,476800,0.0,0.0,EVR,EVR
2022-09-28,80.69000244140625,82.95999908447266,80.63999938964844,82.43000030517578,77.70329284667969,596600,0.0,0.0,EVR,EVR
2022-09-29,81.30999755859375,81.7699966430664,80.13999938964844,80.75,76.11963653564453,441500,0.0,0.0,EVR,EVR
2022-09-30,80.86000061035156,83.19999694824219,80.37000274658203,82.25,77.53360748291016,560800,0.0,0.0,EVR,EVR
2022-10-03,83.33999633789062,85.30000305175781,81.37000274658203,84.72000122070312,79.86197662353516,412100,0.0,0.0,EVR,EVR
2022-10-04,86.79000091552734,91.4000015258789,86.79000091552734,91.26000213623048,86.02696990966797,610000,0.0,0.0,EVR,EVR
2022-10-05,89.37000274658203,90.56999969482422,88.3499984741211,90.16999816894533,84.99946594238281,354300,0.0,0.0,EVR,EVR
2022-10-06,89.69999694824219,91.23999786376952,89.33999633789062,90.0,84.8392105102539,481900,0.0,0.0,EVR,EVR
2022-10-07,88.37000274658203,88.54000091552734,85.69000244140625,86.27999877929688,81.33252716064453,666200,0.0,0.0,EVR,EVR
2022-10-10,87.20999908447266,87.52999877929688,86.20999908447266,86.62999725341797,81.6624526977539,288600,0.0,0.0,EVR,EVR
2022-10-11,86.44000244140625,87.37000274658203,84.6500015258789,86.5999984741211,81.63419342041016,361200,0.0,0.0,EVR,EVR
2022-10-12,86.91999816894531,88.43000030517578,85.33999633789062,87.70999908447266,82.68052673339844,272800,0.0,0.0,EVR,EVR
2022-10-13,85.4000015258789,93.02999877929688,84.61000061035156,91.8499984741211,86.58312225341797,572900,0.0,0.0,EVR,EVR
2022-10-14,92.4000015258789,93.16000366210938,89.2300033569336,90.02999877929688,84.86748504638672,503500,0.0,0.0,EVR,EVR
2022-10-17,92.7699966430664,93.01000213623048,90.6500015258789,91.19000244140624,85.96098327636719,451200,0.0,0.0,EVR,EVR
2022-10-18,94.2699966430664,94.8499984741211,91.58999633789062,92.20999908447266,86.92250061035156,478200,0.0,0.0,EVR,EVR
2022-10-19,91.4000015258789,92.2300033569336,89.95999908447266,90.86000061035156,85.64990997314453,363500,0.0,0.0,EVR,EVR
2022-10-20,90.86000061035156,92.3499984741211,89.9800033569336,90.79000091552734,85.58390808105469,288800,0.0,0.0,EVR,EVR
2022-10-21,91.37999725341795,95.5199966430664,90.62999725341795,95.2699966430664,89.80702209472656,335100,0.0,0.0,EVR,EVR
2022-10-24,96.0999984741211,96.87999725341795,94.86000061035156,96.22000122070312,90.70256805419922,367200,0.0,0.0,EVR,EVR
2022-10-25,95.06999969482422,95.5999984741211,91.75,95.2699966430664,89.80702209472656,650500,0.0,0.0,EVR,EVR
2022-10-26,98.0,101.91000366210938,95.98999786376952,99.6500015258789,93.93587493896484,689300,0.0,0.0,EVR,EVR
2022-10-27,100.6500015258789,105.44000244140624,100.6500015258789,100.98999786376952,95.19901275634766,698100,0.0,0.0,EVR,EVR
2022-10-28,101.75,104.58000183105467,100.72000122070312,104.1999969482422,98.2249526977539,686400,0.0,0.0,EVR,EVR
2022-10-31,103.69000244140624,105.69000244140624,103.69000244140624,105.0999984741211,99.07334899902344,483800,0.0,0.0,EVR,EVR
2022-11-01,105.5500030517578,108.04000091552734,104.9499969482422,107.9000015258789,101.71279907226562,636500,0.0,0.0,EVR,EVR
2022-11-02,106.94000244140624,110.69000244140624,106.62999725341795,107.37999725341795,101.2226104736328,548900,0.0,0.0,EVR,EVR
2022-11-03,105.27999877929688,105.27999877929688,101.04000091552734,103.20999908447266,97.29174041748048,626100,0.0,0.0,EVR,EVR
2022-11-04,104.79000091552734,105.77999877929688,103.25,105.62999725341795,99.5729522705078,435500,0.0,0.0,EVR,EVR
2022-11-07,105.88999938964844,106.87999725341795,104.8000030517578,106.8000030517578,100.67587280273438,393300,0.0,0.0,EVR,EVR
2022-11-08,106.7699966430664,108.13999938964844,105.4000015258789,106.26000213623048,100.16683959960938,310600,0.0,0.0,EVR,EVR
2022-11-09,105.33000183105467,105.93000030517578,102.06999969482422,102.08000183105467,96.22652435302734,435700,0.0,0.0,EVR,EVR
2022-11-10,106.62000274658205,111.56999969482422,106.62000274658205,111.38999938964844,105.00267791748048,644100,0.0,0.0,EVR,EVR
2022-11-11,112.08000183105467,117.43000030517578,111.73999786376952,116.3499984741211,109.67825317382812,547400,0.0,0.0,EVR,EVR
2022-11-14,114.80999755859376,117.1999969482422,113.04000091552734,115.1999969482422,108.59420776367188,500200,0.0,0.0,EVR,EVR
2022-11-15,116.58000183105467,119.20999908447266,116.18000030517578,116.33999633789062,109.6688232421875,407800,0.0,0.0,EVR,EVR
2022-11-16,115.33999633789062,115.75,114.16000366210938,114.91000366210938,108.32083129882812,221600,0.0,0.0,EVR,EVR
2022-11-17,112.81999969482422,113.91999816894533,111.83000183105467,113.4000015258789,106.8974151611328,339000,0.0,0.0,EVR,EVR
2022-11-18,115.51000213623048,115.5199966430664,111.1500015258789,112.25,105.81334686279295,443100,0.0,0.0,EVR,EVR
2022-11-21,111.08999633789062,112.43000030517578,110.66999816894533,111.33999633789062,104.95552825927734,266700,0.0,0.0,EVR,EVR
2022-11-22,111.41999816894533,113.0999984741211,111.36000061035156,111.9800033569336,105.558837890625,272300,0.0,0.0,EVR,EVR
2022-11-23,110.66000366210938,113.16000366210938,110.66000366210938,112.91999816894533,107.13377380371094,246800,0.72,0.0,EVR,EVR
2022-11-25,111.97000122070312,114.38999938964844,111.97000122070312,113.55999755859376,107.740966796875,99400,0.0,0.0,EVR,EVR
2022-11-28,111.5,113.33000183105467,111.22000122070312,111.55999755859376,105.84346771240234,262900,0.0,0.0,EVR,EVR
2022-11-29,111.48999786376952,113.63999938964844,111.0999984741211,112.6500015258789,106.87761688232422,215900,0.0,0.0,EVR,EVR
2022-11-30,112.73999786376952,115.2300033569336,110.12999725341795,115.18000030517578,109.27796936035156,340900,0.0,0.0,EVR,EVR
2022-12-01,115.05999755859376,115.8499984741211,113.36000061035156,115.18000030517578,109.27796936035156,260700,0.0,0.0,EVR,EVR
2022-12-02,113.06999969482422,115.66999816894533,112.91000366210938,115.4800033569336,109.56260681152344,167000,0.0,0.0,EVR,EVR
2022-12-05,114.37999725341795,114.55999755859376,110.31999969482422,112.08999633789062,106.34630584716795,309900,0.0,0.0,EVR,EVR
2022-12-06,111.5500030517578,112.05999755859376,105.75,107.5999984741211,102.08637237548828,601700,0.0,0.0,EVR,EVR
2022-12-07,106.86000061035156,108.8000030517578,106.68000030517578,108.6500015258789,103.08258819580078,280000,0.0,0.0,EVR,EVR
2022-12-08,109.1999969482422,109.8000030517578,107.44000244140624,109.06999969482422,103.4810562133789,336100,0.0,0.0,EVR,EVR
2022-12-09,108.66000366210938,109.43000030517578,107.66000366210938,107.68000030517578,102.16227722167967,183400,0.0,0.0,EVR,EVR
2022-12-12,107.23999786376952,109.93000030517578,106.5,109.01000213623048,103.42412567138672,396400,0.0,0.0,EVR,EVR
2022-12-13,113.23999786376952,114.04000091552734,109.20999908447266,110.6500015258789,104.98009490966795,479700,0.0,0.0,EVR,EVR
2022-12-14,110.0,111.5199966430664,108.70999908447266,109.69000244140624,104.06929779052734,351200,0.0,0.0,EVR,EVR
2022-12-15,107.4800033569336,108.11000061035156,105.54000091552734,106.54000091552734,101.08069610595705,333800,0.0,0.0,EVR,EVR
2022-12-16,105.01000213623048,107.75,105.01000213623048,107.43000030517578,101.9250946044922,881000,0.0,0.0,EVR,EVR
2022-12-19,107.22000122070312,108.20999908447266,105.95999908447266,106.45999908447266,101.0047836303711,416800,0.0,0.0,EVR,EVR
2022-12-20,106.05999755859376,108.72000122070312,106.05999755859376,107.8499984741211,102.32357025146484,258500,0.0,0.0,EVR,EVR
2022-12-21,109.43000030517578,111.36000061035156,109.43000030517578,110.95999908447266,105.27420806884766,352500,0.0,0.0,EVR,EVR
2022-12-22,109.5199966430664,109.5199966430664,105.37000274658205,107.70999908447266,102.19074249267578,331200,0.0,0.0,EVR,EVR
2022-12-23,108.08999633789062,110.66000366210938,107.37999725341795,109.5500030517578,103.93645477294922,353300,0.0,0.0,EVR,EVR
2022-12-27,109.1999969482422,110.8499984741211,108.72000122070312,110.08999633789062,104.44878387451172,286800,0.0,0.0,EVR,EVR
2022-12-28,109.94000244140624,110.91999816894533,108.56999969482422,108.91999816894533,103.33875274658205,258100,0.0,0.0,EVR,EVR
2022-12-29,109.63999938964844,111.18000030517578,109.63999938964844,110.66000366210938,104.98958587646484,263500,0.0,0.0,EVR,EVR
2022-12-30,109.13999938964844,109.80999755859376,108.0199966430664,109.08000183105467,103.49055480957033,329900,0.0,0.0,EVR,EVR
2023-01-03,111.2300033569336,113.0,110.43000030517578,112.0199966430664,106.27989196777344,445700,0.0,0.0,EVR,EVR
2023-01-04,113.25,115.38999938964844,111.52999877929688,114.2699966430664,108.41458129882812,599300,0.0,0.0,EVR,EVR
2023-01-05,113.16000366210938,116.12999725341795,112.52999877929688,115.79000091552734,109.8567123413086,614900,0.0,0.0,EVR,EVR
2023-01-06,117.2300033569336,120.41999816894533,116.20999908447266,120.38999938964844,114.2209930419922,661700,0.0,0.0,EVR,EVR
2023-01-09,120.5999984741211,122.77999877929688,120.5999984741211,121.8499984741211,115.60618591308594,532900,0.0,0.0,EVR,EVR
2023-01-10,122.04000091552734,125.12999725341795,121.70999908447266,125.08999633789062,118.68016052246094,509800,0.0,0.0,EVR,EVR
2023-01-11,126.13999938964844,126.9000015258789,123.9800033569336,126.41000366210938,119.93254089355467,474600,0.0,0.0,EVR,EVR
2023-01-12,127.05999755859376,128.25999450683594,125.2300033569336,128.16000366210938,121.59285736083984,505100,0.0,0.0,EVR,EVR
2023-01-13,127.11000061035156,128.0,126.0999984741211,126.72000122070312,120.22663116455078,298100,0.0,0.0,EVR,EVR
2023-01-17,126.08000183105467,127.9499969482422,125.38999938964844,126.41999816894533,119.94200897216795,337000,0.0,0.0,EVR,EVR
2023-01-18,126.43000030517578,127.5199966430664,123.61000061035156,123.83999633789062,117.49420928955078,349900,0.0,0.0,EVR,EVR
2023-01-19,121.9499969482422,123.87999725341795,120.33000183105467,123.12000274658205,116.81110382080078,397100,0.0,0.0,EVR,EVR
2023-01-20,123.87999725341795,124.98999786376952,122.52999877929688,124.98999786376952,118.58529663085938,327700,0.0,0.0,EVR,EVR
2023-01-23,124.7699966430664,126.06999969482422,123.13999938964844,126.04000091552734,119.5814971923828,287300,0.0,0.0,EVR,EVR
2023-01-24,126.04000091552734,126.8499984741211,124.70999908447266,125.0999984741211,118.68965911865234,169000,0.0,0.0,EVR,EVR
2023-01-25,123.61000061035156,125.77999877929688,123.5999984741211,125.66000366210938,119.22095489501952,244800,0.0,0.0,EVR,EVR
2023-01-26,126.20999908447266,128.24000549316406,125.16999816894533,127.51000213623048,120.97616577148438,284600,0.0,0.0,EVR,EVR
2023-01-27,127.29000091552734,128.99000549316406,126.95999908447266,127.76000213623048,121.2133560180664,337200,0.0,0.0,EVR,EVR
2023-01-30,126.87000274658205,129.36000061035156,126.45999908447266,127.0,120.49227905273438,379000,0.0,0.0,EVR,EVR
2023-01-31,126.8000030517578,129.82000732421875,125.83999633789062,129.80999755859375,123.1583023071289,1381200,0.0,0.0,EVR,EVR
2023-02-01,131.8800048828125,132.92999267578125,125.2300033569336,131.77999877929688,125.02735137939452,826300,0.0,0.0,EVR,EVR
2023-02-02,133.0,137.17999267578125,131.19000244140625,132.69000244140625,125.8907470703125,1019700,0.0,0.0,EVR,EVR
2023-02-03,128.83999633789062,134.9600067138672,128.83999633789062,134.22999572753906,127.35179901123048,661000,0.0,0.0,EVR,EVR
2023-02-06,133.1199951171875,135.57000732421875,132.92999267578125,133.9499969482422,127.08616638183594,633700,0.0,0.0,EVR,EVR
2023-02-07,131.35000610351562,133.89999389648438,129.77000427246094,133.1199951171875,126.2986831665039,779700,0.0,0.0,EVR,EVR
2023-02-08,130.24000549316406,133.6199951171875,130.24000549316406,131.66000366210938,124.91351318359376,648900,0.0,0.0,EVR,EVR
2023-02-09,132.67999267578125,133.27999877929688,129.61000061035156,129.8000030517578,123.14881896972656,596500,0.0,0.0,EVR,EVR
2023-02-10,128.47000122070312,131.30999755859375,128.36000061035156,130.75999450683594,124.0596160888672,610100,0.0,0.0,EVR,EVR
2023-02-13,130.44000244140625,135.42999267578125,130.30999755859375,135.4199981689453,128.48085021972656,693200,0.0,0.0,EVR,EVR
2023-02-14,134.8300018310547,137.4199981689453,134.6199951171875,136.1699981689453,129.19241333007812,697100,0.0,0.0,EVR,EVR
2023-02-15,135.1199951171875,136.10000610351562,132.63999938964844,133.52000427246094,126.6781997680664,384200,0.0,0.0,EVR,EVR
2023-02-16,131.13999938964844,132.88999938964844,130.39999389648438,130.55999755859375,123.869873046875,369100,0.0,0.0,EVR,EVR
2023-02-17,130.24000549316406,130.82000732421875,128.88999938964844,130.74000549316406,124.04064178466795,514300,0.0,0.0,EVR,EVR
2023-02-21,128.33999633789062,129.99000549316406,126.08000183105467,126.33999633789062,119.8661117553711,379900,0.0,0.0,EVR,EVR
2023-02-22,125.8499984741211,127.33999633789062,125.1500015258789,126.0999984741211,119.63841247558594,252000,0.0,0.0,EVR,EVR
2023-02-23,126.9499969482422,127.19000244140624,124.30999755859376,126.72000122070312,120.91704559326172,308200,0.72,0.0,EVR,EVR
2023-02-24,126.36000061035156,127.0500030517578,124.79000091552734,126.55999755859376,120.76437377929688,322700,0.0,0.0,EVR,EVR
2023-02-27,128.1699981689453,129.91000366210938,127.05999755859376,129.8000030517578,123.85601043701172,438900,0.0,0.0,EVR,EVR
2023-02-28,129.9499969482422,132.14999389648438,129.61000061035156,131.17999267578125,125.17282104492188,553400,0.0,0.0,EVR,EVR
2023-03-01,130.39999389648438,132.99000549316406,130.27999877929688,131.11000061035156,125.1060028076172,410200,0.0,0.0,EVR,EVR
2023-03-02,129.39999389648438,131.7899932861328,128.77999877929688,131.19000244140625,125.1823501586914,273100,0.0,0.0,EVR,EVR
2023-03-03,131.64999389648438,132.97999572753906,130.52000427246094,132.36000061035156,126.29876708984376,308500,0.0,0.0,EVR,EVR
2023-03-06,132.0,133.3699951171875,129.50999450683594,130.2100067138672,124.24725341796876,474000,0.0,0.0,EVR,EVR
2023-03-07,129.77000427246094,130.69000244140625,128.41000366210938,128.41000366210938,122.52967071533205,213600,0.0,0.0,EVR,EVR
2023-03-08,128.58999633789062,129.80999755859375,128.02000427246094,129.1999969482422,123.28347778320312,252500,0.0,0.0,EVR,EVR
2023-03-09,128.60000610351562,129.0399932861328,124.54000091552734,125.2699966430664,119.533447265625,401600,0.0,0.0,EVR,EVR
2023-03-10,123.6999969482422,123.6999969482422,117.97000122070312,118.62000274658205,113.18798065185548,526700,0.0,0.0,EVR,EVR
2023-03-13,115.2699966430664,117.45999908447266,111.48999786376952,112.68000030517578,107.5199966430664,715500,0.0,0.0,EVR,EVR
2023-03-14,117.33000183105467,119.0,113.87999725341795,117.47000122070312,112.09064483642578,847400,0.0,0.0,EVR,EVR
2023-03-15,113.56999969482422,114.70999908447266,111.20999908447266,114.5500030517578,109.30435943603516,625500,0.0,0.0,EVR,EVR
2023-03-16,113.69000244140624,117.47000122070312,111.38999938964844,117.3499984741211,111.97614288330078,554300,0.0,0.0,EVR,EVR
2023-03-17,116.08999633789062,116.6500015258789,112.2300033569336,113.0,107.8253402709961,1683600,0.0,0.0,EVR,EVR
2023-03-20,115.3000030517578,115.86000061035156,112.9499969482422,113.86000061035156,108.64594268798828,345100,0.0,0.0,EVR,EVR
2023-03-21,117.43000030517578,118.66000366210938,116.0999984741211,118.11000061035156,112.70133972167967,446400,0.0,0.0,EVR,EVR
2023-03-22,118.16000366210938,119.02999877929688,114.83000183105467,114.83000183105467,109.57154083251952,293400,0.0,0.0,EVR,EVR
2023-03-23,115.30999755859376,117.11000061035156,113.66000366210938,114.18000030517578,108.95130920410156,304200,0.0,0.0,EVR,EVR
2023-03-24,111.33999633789062,112.05999755859376,107.13999938964844,110.54000091552734,105.47798919677734,503500,0.0,0.0,EVR,EVR
2023-03-27,113.33999633789062,113.44000244140624,111.66000366210938,112.73999786376952,107.57723999023438,244000,0.0,0.0,EVR,EVR
2023-03-28,112.26000213623048,112.26000213623048,110.4800033569336,111.41000366210938,106.3081512451172,277000,0.0,0.0,EVR,EVR
2023-03-29,112.66999816894533,112.66999816894533,109.55999755859376,111.94000244140624,106.81388092041016,423800,0.0,0.0,EVR,EVR
2023-03-30,113.33999633789062,114.18000030517578,112.01000213623048,112.4000015258789,107.25279998779295,304900,0.0,0.0,EVR,EVR
2023-03-31,113.77999877929688,116.18000030517578,113.44000244140624,115.37999725341795,110.09635925292967,401100,0.0,0.0,EVR,EVR
2023-04-03,115.20999908447266,116.58999633789062,114.72000122070312,115.51000213623048,110.22042083740234,300400,0.0,0.0,EVR,EVR
2023-04-04,115.5500030517578,115.5500030517578,111.72000122070312,113.30999755859376,108.1211395263672,345800,0.0,0.0,EVR,EVR
2023-04-05,111.7300033569336,113.38999938964844,110.55999755859376,113.3000030517578,108.11160278320312,302200,0.0,0.0,EVR,EVR
2023-04-06,113.56999969482422,114.79000091552734,112.58000183105467,113.4499969482422,108.25472259521484,267900,0.0,0.0,EVR,EVR
2023-04-10,113.47000122070312,115.41000366210938,113.33999633789062,115.20999908447266,109.9341278076172,270300,0.0,0.0,EVR,EVR
2023-04-11,115.79000091552734,117.97000122070312,115.76000213623048,116.52999877929688,111.1937026977539,322400,0.0,0.0,EVR,EVR
2023-04-12,120.12999725341795,123.41999816894533,118.0,118.1500015258789,112.73950958251952,773200,0.0,0.0,EVR,EVR
2023-04-13,118.2699966430664,120.68000030517578,117.83999633789062,120.54000091552734,115.02005767822266,331400,0.0,0.0,EVR,EVR
2023-04-14,121.58999633789062,122.52999877929688,119.12000274658205,120.80999755859376,115.27767944335938,394300,0.0,0.0,EVR,EVR
2023-04-17,120.4000015258789,123.08999633789062,120.4000015258789,121.9000015258789,116.31777954101562,387800,0.0,0.0,EVR,EVR
2023-04-18,121.66000366210938,122.5500030517578,120.7699966430664,122.20999908447266,116.6135711669922,251500,0.0,0.0,EVR,EVR
2023-04-19,121.9000015258789,123.8499984741211,121.41000366210938,123.43000030517578,117.77772521972656,263000,0.0,0.0,EVR,EVR
2023-04-20,122.33999633789062,124.1999969482422,121.83999633789062,123.19000244140624,117.5487060546875,234500,0.0,0.0,EVR,EVR
2023-04-21,123.56999969482422,124.91000366210938,121.5500030517578,124.66999816894533,118.96092987060548,210900,0.0,0.0,EVR,EVR
2023-04-24,124.8000030517578,124.94000244140624,121.1999969482422,122.1999969482422,116.6040496826172,281400,0.0,0.0,EVR,EVR
2023-04-25,120.9800033569336,121.9800033569336,119.47000122070312,119.62999725341795,114.15171813964844,423800,0.0,0.0,EVR,EVR
2023-04-26,116.4800033569336,116.4800033569336,106.93000030517578,109.41000366210938,104.39974212646484,1061100,0.0,0.0,EVR,EVR
2023-04-27,109.47000122070312,111.37000274658205,107.69000244140624,111.30999755859376,106.21273040771484,699400,0.0,0.0,EVR,EVR
2023-04-28,110.87000274658205,115.37999725341795,110.8000030517578,114.06999969482422,108.84632873535156,498200,0.0,0.0,EVR,EVR
2023-05-01,114.37999725341795,116.0500030517578,111.0500030517578,111.47000122070312,106.36540985107422,294000,0.0,0.0,EVR,EVR
2023-05-02,110.19000244140624,110.19000244140624,106.52999877929688,108.6999969482422,103.72223663330078,379000,0.0,0.0,EVR,EVR
2023-05-03,108.5199966430664,110.7699966430664,107.61000061035156,107.75,102.81575012207033,330200,0.0,0.0,EVR,EVR
2023-05-04,106.58999633789062,107.12999725341795,104.36000061035156,106.83999633789062,101.94742584228516,494600,0.0,0.0,EVR,EVR
2023-05-05,108.88999938964844,109.77999877929688,107.8499984741211,108.62999725341795,103.65545654296876,357400,0.0,0.0,EVR,EVR
2023-05-08,109.62000274658205,109.81999969482422,107.0999984741211,107.69000244140624,102.7584991455078,323100,0.0,0.0,EVR,EVR
2023-05-09,106.91999816894533,108.08000183105467,106.5,107.68000030517578,102.74894714355467,215300,0.0,0.0,EVR,EVR
2023-05-10,109.33000183105467,109.33000183105467,106.8000030517578,108.1500015258789,103.19742584228516,297300,0.0,0.0,EVR,EVR
2023-05-11,107.36000061035156,107.76000213623048,105.88999938964844,106.79000091552734,101.89972686767578,375600,0.0,0.0,EVR,EVR
2023-05-12,107.62000274658205,107.62000274658205,104.9499969482422,105.94000244140624,101.08863067626952,190300,0.0,0.0,EVR,EVR
2023-05-15,106.1999969482422,108.41000366210938,105.72000122070312,107.93000030517578,102.9875030517578,315400,0.0,0.0,EVR,EVR
2023-05-16,107.41999816894533,107.86000061035156,105.12000274658205,105.73999786376952,100.89779663085938,286100,0.0,0.0,EVR,EVR
2023-05-17,106.91999816894533,108.9800033569336,106.23999786376952,108.0199966430664,103.0733871459961,305700,0.0,0.0,EVR,EVR
2023-05-18,107.88999938964844,109.08000183105467,107.16999816894533,108.83999633789062,103.8558349609375,284300,0.0,0.0,EVR,EVR
2023-05-19,109.5199966430664,109.5199966430664,107.5999984741211,108.2300033569336,103.27376556396484,299500,0.0,0.0,EVR,EVR
2023-05-22,108.62000274658205,111.05999755859376,108.31999969482422,110.55999755859376,105.4970703125,240300,0.0,0.0,EVR,EVR
2023-05-23,110.0199966430664,110.86000061035156,108.75,109.16000366210938,104.16118621826172,270000,0.0,0.0,EVR,EVR
2023-05-24,108.68000030517578,109.75,106.37000274658205,108.31999969482422,103.35965728759766,340200,0.0,0.0,EVR,EVR
2023-05-25,107.18000030517578,109.23999786376952,106.91999816894533,108.6500015258789,104.4070816040039,279100,0.76,0.0,EVR,EVR
2023-05-26,108.5,110.61000061035156,108.5,109.73999786376952,105.45450592041016,221200,0.0,0.0,EVR,EVR
2023-05-30,110.29000091552734,110.91000366210938,109.41999816894533,110.44000244140624,106.1271743774414,429000,0.0,0.0,EVR,EVR
2023-05-31,109.79000091552734,110.4000015258789,107.33000183105467,107.9499969482422,103.7344207763672,561900,0.0,0.0,EVR,EVR
2023-06-01,108.41999816894533,109.4499969482422,106.31999969482422,108.36000061035156,104.12841033935548,622800,0.0,0.0,EVR,EVR
2023-06-02,109.94000244140624,113.81999969482422,109.94000244140624,113.33999633789062,108.91392517089844,516200,0.0,0.0,EVR,EVR
2023-06-05,112.19000244140624,112.62999725341795,109.83000183105467,111.97000122070312,107.5974349975586,815500,0.0,0.0,EVR,EVR
2023-06-06,111.12000274658205,115.75,111.12000274658205,114.23999786376952,109.77879333496094,442300,0.0,0.0,EVR,EVR
2023-06-07,115.11000061035156,119.23999786376952,115.05999755859376,118.48999786376952,113.86282348632812,498800,0.0,0.0,EVR,EVR
2023-06-08,118.16000366210938,119.72000122070312,116.22000122070312,119.68000030517578,115.00634765625,491000,0.0,0.0,EVR,EVR
2023-06-09,119.79000091552734,122.37000274658205,119.5,120.41999816894533,115.71744537353516,467700,0.0,0.0,EVR,EVR
2023-06-12,120.11000061035156,122.06999969482422,119.47000122070312,120.9800033569336,116.25558471679688,570800,0.0,0.0,EVR,EVR
2023-06-13,121.9800033569336,125.38999938964844,121.6999969482422,124.16999816894533,119.32101440429688,546500,0.0,0.0,EVR,EVR
2023-06-14,124.33000183105467,127.62000274658205,123.26000213623048,124.06999969482422,119.22491455078124,692800,0.0,0.0,EVR,EVR
2023-06-15,123.61000061035156,125.1999969482422,121.73999786376952,124.8000030517578,119.92642211914062,634900,0.0,0.0,EVR,EVR
2023-06-16,125.2300033569336,125.2300033569336,121.19000244140624,122.51000213623048,117.72583770751952,648900,0.0,0.0,EVR,EVR
2023-06-20,121.86000061035156,122.63999938964844,120.45999908447266,121.81999969482422,117.06278228759766,361400,0.0,0.0,EVR,EVR
2023-06-21,120.87999725341795,122.0999984741211,119.9000015258789,120.97000122070312,116.2459716796875,371800,0.0,0.0,EVR,EVR
2023-06-22,120.56999969482422,120.56999969482422,118.27999877929688,119.08000183105467,114.42979431152344,460700,0.0,0.0,EVR,EVR
2023-06-23,117.6999969482422,118.79000091552734,116.12999725341795,116.73999786376952,112.18115997314452,463700,0.0,0.0,EVR,EVR
2023-06-26,117.12000274658205,119.08000183105467,117.12000274658205,118.0,113.39195251464844,359000,0.0,0.0,EVR,EVR
2023-06-27,118.43000030517578,120.5500030517578,117.58000183105467,119.97000122070312,115.28501892089844,337400,0.0,0.0,EVR,EVR
2023-06-28,119.94000244140624,122.01000213623048,118.83999633789062,121.94000244140624,117.1781005859375,480100,0.0,0.0,EVR,EVR
2023-06-29,122.77999877929688,125.0500030517578,121.8499984741211,124.93000030517578,120.05132293701172,476200,0.0,0.0,EVR,EVR
2023-06-30,125.98999786376952,125.98999786376952,123.5,123.58999633789062,118.76365661621094,428300,0.0,0.0,EVR,EVR
2023-07-03,124.22000122070312,125.12000274658205,123.5,124.5,119.63811492919922,127100,0.0,0.0,EVR,EVR
2023-07-05,123.83000183105467,123.88999938964844,120.31999969482422,120.4000015258789,115.69822692871094,402400,0.0,0.0,EVR,EVR
2023-07-06,119.38999938964844,119.38999938964844,117.16000366210938,118.05999755859376,113.44962310791016,386900,0.0,0.0,EVR,EVR
2023-07-07,118.5,120.8000030517578,118.16000366210938,118.44000244140624,113.81477355957033,382800,0.0,0.0,EVR,EVR
2023-07-10,117.41000366210938,120.79000091552734,117.41000366210938,120.73999786376952,116.02495574951172,292500,0.0,0.0,EVR,EVR
2023-07-11,121.83000183105467,124.12999725341795,121.36000061035156,124.0199966430664,119.17686462402344,385500,0.0,0.0,EVR,EVR
2023-07-12,127.0,130.97999572753906,125.12999725341795,130.14999389648438,125.0674819946289,677200,0.0,0.0,EVR,EVR
2023-07-13,131.0399932861328,133.6300048828125,130.49000549316406,132.75999450683594,127.57556915283205,460000,0.0,0.0,EVR,EVR
2023-07-14,132.9600067138672,133.44000244140625,131.22999572753906,132.5,127.3257064819336,301300,0.0,0.0,EVR,EVR
2023-07-17,131.6699981689453,134.47999572753906,131.6699981689453,133.72000122070312,128.49807739257812,295100,0.0,0.0,EVR,EVR
2023-07-18,134.13999938964844,136.17999267578125,134.13999938964844,135.8699951171875,130.5640869140625,299700,0.0,0.0,EVR,EVR
2023-07-19,135.75,139.49000549316406,135.75,139.33999633789062,133.89857482910156,444400,0.0,0.0,EVR,EVR
2023-07-20,139.64999389648438,139.64999389648438,137.4199981689453,139.10000610351562,133.66796875,318400,0.0,0.0,EVR,EVR
2023-07-21,139.7899932861328,139.9199981689453,138.0,138.41000366210938,133.0049285888672,282500,0.0,0.0,EVR,EVR
2023-07-24,138.39999389648438,139.63999938964844,137.85000610351562,138.49000549316406,133.081787109375,287800,0.0,0.0,EVR,EVR
2023-07-25,138.49000549316406,141.6300048828125,138.25999450683594,140.75999450683594,135.2631378173828,535000,0.0,0.0,EVR,EVR
2023-07-26,134.02000427246094,136.91000366210938,132.02999877929688,136.5,131.1695098876953,964000,0.0,0.0,EVR,EVR
2023-07-27,137.1999969482422,138.3000030517578,133.82000732421875,133.9600067138672,128.72869873046875,805300,0.0,0.0,EVR,EVR
2023-07-28,135.14999389648438,136.74000549316406,132.85000610351562,134.2100067138672,128.9689483642578,409800,0.0,0.0,EVR,EVR
2023-07-31,134.2899932861328,136.02999877929688,134.0399932861328,135.05999755859375,129.78573608398438,285100,0.0,0.0,EVR,EVR
2023-08-01,133.64999389648438,135.2899932861328,132.49000549316406,135.2100067138672,129.92987060546875,337700,0.0,0.0,EVR,EVR
2023-08-02,133.89999389648438,135.75,132.49000549316406,135.50999450683594,130.21817016601562,377800,0.0,0.0,EVR,EVR
2023-08-03,134.38999938964844,138.4499969482422,134.38999938964844,137.85000610351562,132.46676635742188,359300,0.0,0.0,EVR,EVR
2023-08-04,138.0,140.4600067138672,137.05999755859375,138.0800018310547,132.6877899169922,324000,0.0,0.0,EVR,EVR
2023-08-07,139.42999267578125,140.75999450683594,138.91000366210938,139.83999633789062,134.3790740966797,222700,0.0,0.0,EVR,EVR
2023-08-08,137.80999755859375,138.55999755859375,135.97000122070312,138.05999755859375,132.66859436035156,302200,0.0,0.0,EVR,EVR
2023-08-09,138.38999938964844,138.38999938964844,136.61000061035156,136.80999755859375,131.4674072265625,213600,0.0,0.0,EVR,EVR
2023-08-10,138.0500030517578,140.35000610351562,137.25,138.00999450683594,132.62051391601562,271200,0.0,0.0,EVR,EVR
2023-08-11,137.8300018310547,139.11000061035156,136.5800018310547,138.1300048828125,132.73587036132812,169000,0.0,0.0,EVR,EVR
2023-08-14,137.7100067138672,137.7100067138672,136.0,137.07000732421875,131.71726989746094,135400,0.0,0.0,EVR,EVR
2023-08-15,135.4600067138672,135.6999969482422,133.6300048828125,133.8300018310547,128.6038055419922,123200,0.0,0.0,EVR,EVR
2023-08-16,133.52999877929688,134.4600067138672,132.55999755859375,133.07000732421875,127.87345886230467,182300,0.0,0.0,EVR,EVR
2023-08-17,133.2899932861328,134.07000732421875,131.2899932861328,131.39999389648438,126.26866912841795,178500,0.0,0.0,EVR,EVR
2023-08-18,130.11000061035156,133.3800048828125,130.11000061035156,133.13999938964844,127.9407196044922,140000,0.0,0.0,EVR,EVR
2023-08-21,133.52999877929688,134.64999389648438,131.9499969482422,133.35000610351562,128.14254760742188,229500,0.0,0.0,EVR,EVR
2023-08-22,129.83999633789062,132.4199981689453,129.7100067138672,131.27000427246094,126.14376068115234,284800,0.0,0.0,EVR,EVR
2023-08-23,131.72999572753906,133.5,131.55999755859375,132.75999450683594,127.57556915283205,205400,0.0,0.0,EVR,EVR
2023-08-24,131.4499969482422,134.10000610351562,130.25,133.33999633789062,128.87063598632812,194700,0.76,0.0,EVR,EVR
2023-08-25,134.02000427246094,135.10000610351562,131.6699981689453,134.22000122070312,129.72116088867188,197800,0.0,0.0,EVR,EVR
2023-08-28,134.36000061035156,137.8800048828125,134.36000061035156,137.6199951171875,133.00717163085938,257300,0.0,0.0,EVR,EVR
2023-08-29,137.38999938964844,140.8000030517578,137.38999938964844,140.61000061035156,135.89695739746094,241200,0.0,0.0,EVR,EVR
2023-08-30,140.80999755859375,141.9199981689453,140.00999450683594,140.49000549316406,135.781005859375,189200,0.0,0.0,EVR,EVR
2023-08-31,140.14999389648438,141.4499969482422,139.50999450683594,140.0500030517578,135.35574340820312,218200,0.0,0.0,EVR,EVR
2023-09-01,141.55999755859375,143.3699951171875,141.13999938964844,141.47999572753906,136.73777770996094,281800,0.0,0.0,EVR,EVR
2023-09-05,140.0,140.02000427246094,137.1300048828125,138.3300018310547,133.69337463378906,336600,0.0,0.0,EVR,EVR
2023-09-06,137.86000061035156,139.9499969482422,136.27000427246094,138.27999877929688,133.64508056640625,275900,0.0,0.0,EVR,EVR
2023-09-07,137.3300018310547,138.39999389648438,135.9600067138672,137.5399932861328,132.92987060546875,268800,0.0,0.0,EVR,EVR
2023-09-08,137.9499969482422,139.85000610351562,136.25,139.8300018310547,135.14308166503906,259700,0.0,0.0,EVR,EVR
2023-09-11,140.47999572753906,140.85000610351562,137.52999877929688,137.86000061035156,133.2391357421875,318900,0.0,0.0,EVR,EVR
2023-09-12,137.67999267578125,139.83999633789062,137.67999267578125,139.63999938964844,134.95945739746094,240100,0.0,0.0,EVR,EVR
2023-09-13,140.27000427246094,140.8800048828125,138.41000366210938,140.77000427246094,136.0515899658203,456200,0.0,0.0,EVR,EVR
2023-09-14,141.86000061035156,144.25999450683594,141.5,143.3699951171875,138.56443786621094,529200,0.0,0.0,EVR,EVR
2023-09-15,142.63999938964844,145.25,141.8300018310547,144.8300018310547,139.9755096435547,772200,0.0,0.0,EVR,EVR
2023-09-18,144.80999755859375,146.5399932861328,142.6199951171875,145.97000122070312,141.07730102539062,312700,0.0,0.0,EVR,EVR
2023-09-19,146.35000610351562,146.99000549316406,143.67999267578125,144.1999969482422,139.3666229248047,265200,0.0,0.0,EVR,EVR
2023-09-20,145.2100067138672,146.02999877929688,140.77999877929688,141.02999877929688,136.30288696289062,385600,0.0,0.0,EVR,EVR
2023-09-21,140.0,140.0,136.55999755859375,138.05999755859375,133.43243408203125,480600,0.0,0.0,EVR,EVR
2023-09-22,138.52000427246094,140.19000244140625,135.5,136.57000732421875,131.99241638183594,281700,0.0,0.0,EVR,EVR
2023-09-25,136.16000366210938,138.67999267578125,136.16000366210938,138.16000366210938,133.5290985107422,189700,0.0,0.0,EVR,EVR
2023-09-26,137.08999633789062,137.77999877929688,134.25999450683594,135.66000366210938,131.11288452148438,306200,0.0,0.0,EVR,EVR
2023-09-27,136.08999633789062,137.57000732421875,135.22000122070312,137.02999877929688,132.43698120117188,241800,0.0,0.0,EVR,EVR
2023-09-28,136.80999755859375,139.75,136.7899932861328,139.0399932861328,134.37960815429688,172400,0.0,0.0,EVR,EVR
2023-09-29,140.02999877929688,140.4199981689453,137.19000244140625,137.8800048828125,133.25848388671875,216700,0.0,0.0,EVR,EVR
2023-10-02,137.57000732421875,137.57000732421875,133.25999450683594,134.24000549316406,129.740478515625,234700,0.0,0.0,EVR,EVR
2023-10-03,133.08999633789062,133.08999633789062,128.67999267578125,131.17999267578125,126.78302764892578,316800,0.0,0.0,EVR,EVR
2023-10-04,131.17999267578125,132.2100067138672,129.82000732421875,132.1300048828125,127.70120239257812,232000,0.0,0.0,EVR,EVR
2023-10-05,131.69000244140625,134.00999450683594,131.0800018310547,133.3699951171875,128.89962768554688,178600,0.0,0.0,EVR,EVR
2023-10-06,132.6199951171875,134.72999572753906,131.60000610351562,133.11000061035156,128.64833068847656,183500,0.0,0.0,EVR,EVR
2023-10-09,131.85000610351562,134.7100067138672,131.3800048828125,134.32000732421875,129.8177947998047,180300,0.0,0.0,EVR,EVR
2023-10-10,135.47999572753906,135.97999572753906,133.85000610351562,133.9499969482422,129.460205078125,130700,0.0,0.0,EVR,EVR
2023-10-11,134.6300048828125,135.85000610351562,133.44000244140625,134.88999938964844,130.3686981201172,180900,0.0,0.0,EVR,EVR
2023-10-12,135.42999267578125,135.42999267578125,130.9499969482422,131.0500030517578,126.65739440917967,177100,0.0,0.0,EVR,EVR
2023-10-13,131.4600067138672,132.30999755859375,129.77000427246094,131.1999969482422,126.80238342285156,255300,0.0,0.0,EVR,EVR
2023-10-16,133.3000030517578,134.3699951171875,132.55999755859375,132.77000427246094,128.31976318359375,185400,0.0,0.0,EVR,EVR
2023-10-17,132.02999877929688,136.02000427246094,131.36000061035156,135.61000061035156,131.06455993652344,309800,0.0,0.0,EVR,EVR
2023-10-18,133.25,134.50999450683594,131.7899932861328,133.24000549316406,128.7740020751953,415400,0.0,0.0,EVR,EVR
2023-10-19,133.10000610351562,133.6999969482422,130.47999572753906,130.91000366210938,126.52210235595705,296400,0.0,0.0,EVR,EVR
2023-10-20,131.02999877929688,132.0500030517578,129.22000122070312,129.6699981689453,125.32364654541016,173500,0.0,0.0,EVR,EVR
2023-10-23,128.8800048828125,132.5,128.57000732421875,130.88999938964844,126.50277709960938,361500,0.0,0.0,EVR,EVR
2023-10-24,131.74000549316406,132.39999389648438,130.0500030517578,131.0,126.60906219482422,322200,0.0,0.0,EVR,EVR
2023-10-25,130.0,131.80999755859375,124.52999877929688,126.38999938964844,122.15359497070312,622100,0.0,0.0,EVR,EVR
2023-10-26,126.38999938964844,130.1699981689453,125.73999786376952,127.51000213623048,123.2360610961914,338500,0.0,0.0,EVR,EVR
2023-10-27,127.62999725341795,128.36000061035156,126.16000366210938,126.6999969482422,122.45320892333984,253300,0.0,0.0,EVR,EVR
2023-10-30,127.83999633789062,130.25999450683594,126.22000122070312,129.49000549316406,125.14971160888672,218700,0.0,0.0,EVR,EVR
2023-10-31,129.8699951171875,131.0500030517578,129.1199951171875,130.17999267578125,125.81655883789062,328900,0.0,0.0,EVR,EVR
2023-11-01,130.63999938964844,132.17999267578125,129.75999450683594,132.00999450683594,127.58521270751952,418300,0.0,0.0,EVR,EVR
2023-11-02,133.85000610351562,136.97000122070312,132.77999877929688,136.9199981689453,132.33065795898438,199800,0.0,0.0,EVR,EVR
2023-11-03,138.41000366210938,141.74000549316406,136.66000366210938,141.39999389648438,136.66049194335938,336900,0.0,0.0,EVR,EVR
2023-11-06,141.6199951171875,141.6199951171875,137.41000366210938,138.97000122070312,134.31195068359375,180500,0.0,0.0,EVR,EVR
2023-11-07,138.35000610351562,140.25,138.25999450683594,139.61000061035156,134.93048095703125,205600,0.0,0.0,EVR,EVR
2023-11-08,139.16000366210938,139.91000366210938,138.30999755859375,138.33999633789062,133.7030487060547,215200,0.0,0.0,EVR,EVR
2023-11-09,139.25999450683594,139.25999450683594,136.9499969482422,137.05999755859375,132.4659423828125,203200,0.0,0.0,EVR,EVR
2023-11-10,137.57000732421875,139.19000244140625,136.02999877929688,138.5399932861328,133.8963623046875,155800,0.0,0.0,EVR,EVR
2023-11-13,137.8000030517578,140.11000061035156,137.16000366210938,139.25999450683594,134.59219360351562,168700,0.0,0.0,EVR,EVR
2023-11-14,142.64999389648438,148.0,142.64999389648438,146.72999572753906,141.81182861328125,503500,0.0,0.0,EVR,EVR
2023-11-15,146.24000549316406,147.72000122070312,144.16000366210938,144.5,139.65655517578125,421200,0.0,0.0,EVR,EVR
2023-11-16,144.42999267578125,144.94000244140625,140.64999389648438,142.14999389648438,137.38531494140625,286200,0.0,0.0,EVR,EVR
2023-11-17,143.0,145.3699951171875,142.6199951171875,144.42999267578125,139.5889129638672,235400,0.0,0.0,EVR,EVR
2023-11-20,144.11000061035156,145.50999450683594,142.4600067138672,145.38999938964844,140.51675415039062,139300,0.0,0.0,EVR,EVR
2023-11-21,144.92999267578125,145.67999267578125,143.97000122070312,144.02000427246094,139.19265747070312,138400,0.0,0.0,EVR,EVR
2023-11-22,144.38999938964844,145.69000244140625,143.8800048828125,145.6699981689453,141.53424072265625,121700,0.76,0.0,EVR,EVR
2023-11-24,145.77000427246094,146.97000122070312,143.39999389648438,146.89999389648438,142.7293243408203,74200,0.0,0.0,EVR,EVR
2023-11-27,146.35000610351562,147.5800018310547,145.1199951171875,147.35000610351562,143.1665496826172,282100,0.0,0.0,EVR,EVR
2023-11-28,147.5,147.7100067138672,146.02000427246094,146.52000427246094,142.36012268066406,250000,0.0,0.0,EVR,EVR
2023-11-29,147.3300018310547,149.11000061035156,147.07000732421875,147.5399932861328,143.35113525390625,307100,0.0,0.0,EVR,EVR
2023-11-30,147.82000732421875,149.57000732421875,147.07000732421875,147.5500030517578,143.36087036132812,267100,0.0,0.0,EVR,EVR
2023-12-01,146.99000549316406,150.41000366210938,146.55999755859375,149.88999938964844,145.63442993164062,207100,0.0,0.0,EVR,EVR
2023-12-04,149.5,153.30999755859375,149.5,152.55999755859375,148.22862243652344,283100,0.0,0.0,EVR,EVR
2023-12-05,151.3800048828125,152.52000427246094,150.16000366210938,151.77999877929688,147.4707489013672,183100,0.0,0.0,EVR,EVR
2023-12-06,152.52000427246094,155.24000549316406,151.0,151.25,146.95579528808594,161800,0.0,0.0,EVR,EVR
2023-12-07,151.57000732421875,153.32000732421875,149.97999572753906,152.16000366210938,147.83998107910156,176200,0.0,0.0,EVR,EVR
2023-12-08,151.72999572753906,154.8800048828125,151.2899932861328,154.77000427246094,150.37588500976562,269200,0.0,0.0,EVR,EVR
2023-12-11,154.9199981689453,155.07000732421875,153.22999572753906,153.72000122070312,149.3556671142578,200300,0.0,0.0,EVR,EVR
2023-12-12,153.82000732421875,157.72999572753906,153.35000610351562,155.72000122070312,151.2989044189453,301300,0.0,0.0,EVR,EVR
2023-12-13,155.6999969482422,161.22999572753906,155.4199981689453,160.52000427246094,155.96263122558594,345500,0.0,0.0,EVR,EVR
2023-12-14,163.33999633789062,166.47999572753906,162.4499969482422,164.47999572753906,159.81019592285156,365300,0.0,0.0,EVR,EVR
2023-12-15,163.63999938964844,165.6999969482422,162.3800048828125,164.67999267578125,160.00453186035156,468100,0.0,0.0,EVR,EVR
2023-12-18,165.4199981689453,166.02000427246094,164.1699981689453,164.80999755859375,160.13084411621094,146100,0.0,0.0,EVR,EVR
2023-12-19,165.0500030517578,167.94000244140625,164.16000366210938,167.1999969482422,162.4529571533203,221200,0.0,0.0,EVR,EVR
2023-12-20,166.67999267578125,169.82000732421875,165.72000122070312,165.74000549316406,161.03443908691406,358000,0.0,0.0,EVR,EVR
2023-12-21,167.5800018310547,169.1699981689453,165.8800048828125,168.64999389648438,163.86180114746094,151500,0.0,0.0,EVR,EVR
2023-12-22,169.66000366210938,170.88999938964844,168.77999877929688,169.08999633789062,164.289306640625,197200,0.0,0.0,EVR,EVR
2023-12-26,169.4499969482422,171.88999938964844,169.38999938964844,171.5,166.6309051513672,95100,0.0,0.0,EVR,EVR
2023-12-27,172.0800018310547,174.0399932861328,171.82000732421875,173.41000366210938,168.4866485595703,114300,0.0,0.0,EVR,EVR
2023-12-28,173.0800018310547,173.9499969482422,172.11000061035156,173.10000610351562,168.1854705810547,104800,0.0,0.0,EVR,EVR
2023-12-29,172.5,173.2899932861328,170.88999938964844,171.0500030517578,166.19366455078125,259100,0.0,0.0,EVR,EVR
2024-01-02,169.67999267578125,170.16000366210938,167.22999572753906,168.74000549316406,163.9492645263672,195100,0.0,0.0,EVR,EVR
2024-01-03,167.17999267578125,167.17999267578125,163.32000732421875,163.67999267578125,159.03292846679688,293500,0.0,0.0,EVR,EVR
2024-01-04,163.55999755859375,166.0,162.72999572753906,163.86000061035156,159.2078094482422,320200,0.0,0.0,EVR,EVR
2024-01-05,163.50999450683594,167.22999572753906,162.72000122070312,166.58999633789062,161.8603057861328,275500,0.0,0.0,EVR,EVR
2024-01-08,167.3699951171875,172.57000732421875,167.22999572753906,172.44000244140625,167.54421997070312,217900,0.0,0.0,EVR,EVR
2024-01-09,169.57000732421875,169.57000732421875,165.57000732421875,168.6999969482422,163.910400390625,265900,0.0,0.0,EVR,EVR
2024-01-10,168.92999267578125,169.50999450683594,167.6699981689453,168.02999877929688,163.25941467285156,177300,0.0,0.0,EVR,EVR
2024-01-11,167.5399932861328,167.5399932861328,165.27999877929688,167.11000061035156,162.3655242919922,224600,0.0,0.0,EVR,EVR
2024-01-12,168.97000122070312,169.0500030517578,165.8699951171875,167.9499969482422,163.1816864013672,199300,0.0,0.0,EVR,EVR
2024-01-16,166.13999938964844,169.6199951171875,165.07000732421875,169.55999755859375,164.7459716796875,335500,0.0,0.0,EVR,EVR
2024-01-17,167.0399932861328,169.52999877929688,167.0399932861328,169.33999633789062,164.5322265625,191800,0.0,0.0,EVR,EVR
2024-01-18,170.8000030517578,170.8000030517578,167.89999389648438,170.00999450683594,165.18319702148438,152700,0.0,0.0,EVR,EVR
2024-01-19,171.00999450683594,171.86000061035156,169.36000061035156,171.83999633789062,166.96124267578125,207800,0.0,0.0,EVR,EVR
2024-01-22,172.99000549316406,176.02000427246094,172.91000366210938,175.27000427246094,170.2938690185547,257300,0.0,0.0,EVR,EVR
2024-01-23,175.88999938964844,176.41000366210938,172.5,175.44000244140625,170.45904541015625,239600,0.0,0.0,EVR,EVR
2024-01-24,177.55999755859375,177.86000061035156,174.0399932861328,174.82000732421875,169.8566436767578,180000,0.0,0.0,EVR,EVR
2024-01-25,177.4499969482422,177.58999633789062,175.1300048828125,175.74000549316406,170.75051879882812,474100,0.0,0.0,EVR,EVR
2024-01-26,176.63999938964844,176.83999633789062,173.75,173.88999938964844,168.9530487060547,191000,0.0,0.0,EVR,EVR
2024-01-29,173.3699951171875,176.5399932861328,173.33999633789062,175.82000732421875,170.8282470703125,285300,0.0,0.0,EVR,EVR
2024-01-30,174.3699951171875,177.10000610351562,173.14999389648438,176.25,171.2460174560547,449300,0.0,0.0,EVR,EVR
2024-01-31,181.07000732421875,182.0,171.1199951171875,171.72999572753906,166.8543701171875,612900,0.0,0.0,EVR,EVR
2024-02-01,173.22000122070312,175.08999633789062,168.60000610351562,175.0399932861328,170.07041931152344,526500,0.0,0.0,EVR,EVR
2024-02-02,174.47999572753906,179.27999877929688,173.61000061035156,176.8300018310547,171.8095703125,473100,0.0,0.0,EVR,EVR
2024-02-05,175.39999389648438,175.97999572753906,173.0800018310547,174.8300018310547,169.86634826660156,324800,0.0,0.0,EVR,EVR
2024-02-06,174.41000366210938,176.10000610351562,172.00999450683594,173.61000061035156,168.6809844970703,340600,0.0,0.0,EVR,EVR
2024-02-07,168.0399932861328,173.80999755859375,168.0399932861328,172.25,167.35960388183594,793900,0.0,0.0,EVR,EVR
2024-02-08,170.8699951171875,176.16000366210938,170.27999877929688,175.8800048828125,170.88653564453125,531200,0.0,0.0,EVR,EVR
2024-02-09,175.92999267578125,178.75999450683594,175.5,178.49000549316406,173.42247009277344,478100,0.0,0.0,EVR,EVR
2024-02-12,178.91000366210938,183.9900054931641,178.91000366210938,183.47000122070312,178.26104736328125,425500,0.0,0.0,EVR,EVR
2024-02-13,178.32000732421875,182.2100067138672,178.0,180.5,175.37538146972656,530500,0.0,0.0,EVR,EVR
2024-02-14,183.0,184.6699981689453,180.9199981689453,182.7899932861328,177.600341796875,454000,0.0,0.0,EVR,EVR
2024-02-15,184.02999877929688,186.8099975585937,182.9900054931641,185.57000732421875,180.3014373779297,315000,0.0,0.0,EVR,EVR
2024-02-16,185.22999572753903,186.9199981689453,184.2899932861328,184.42999267578125,179.1938018798828,292900,0.0,0.0,EVR,EVR
2024-02-20,182.27999877929688,184.8999938964844,181.22000122070312,181.88999938964844,176.72589111328125,231100,0.0,0.0,EVR,EVR
2024-02-21,180.8000030517578,181.3500061035156,179.6999969482422,181.2700042724609,176.12351989746094,283500,0.0,0.0,EVR,EVR
2024-02-22,182.1000061035156,184.6999969482422,181.19000244140625,184.52999877929688,180.0458221435547,309200,0.76,0.0,EVR,EVR
2024-02-23,185.0599975585937,186.5200042724609,183.0,183.009994506836,178.562744140625,152300,0.0,0.0,EVR,EVR
2024-02-26,182.75,184.08999633789065,181.57000732421875,182.1600036621093,177.73342895507812,178400,0.0,0.0,EVR,EVR
2024-02-27,182.42999267578125,183.1499938964844,180.3300018310547,183.08999633789065,178.64080810546875,237000,0.0,0.0,EVR,EVR
2024-02-28,182.42999267578125,184.32000732421875,182.3699951171875,183.75,179.28475952148438,242200,0.0,0.0,EVR,EVR
2024-02-29,185.3300018310547,187.6000061035156,184.6199951171875,187.0800018310547,182.53384399414065,364900,0.0,0.0,EVR,EVR
2024-03-01,187.19000244140625,188.52999877929688,185.7100067138672,186.2899932861328,181.76304626464844,378300,0.0,0.0,EVR,EVR
2024-03-04,186.52999877929688,191.97999572753903,186.52999877929688,190.83999633789065,186.2024841308593,380300,0.0,0.0,EVR,EVR
2024-03-05,189.6600036621093,194.1999969482422,189.6600036621093,194.1699981689453,189.4515686035156,509200,0.0,0.0,EVR,EVR
2024-03-06,194.6600036621093,194.72999572753903,191.6600036621093,194.0200042724609,189.3052215576172,513100,0.0,0.0,EVR,EVR
2024-03-07,195.0,195.1199951171875,192.6000061035156,194.22999572753903,189.51011657714844,374000,0.0,0.0,EVR,EVR
2024-03-08,195.0,198.0399932861328,194.7899932861328,196.3300018310547,191.55908203125,814800,0.0,0.0,EVR,EVR
2024-03-11,195.4499969482422,195.77999877929688,193.0,193.5500030517578,188.8466186523437,713700,0.0,0.0,EVR,EVR
2024-03-12,193.75,194.5500030517578,190.58999633789065,190.72999572753903,186.0951538085937,301800,0.0,0.0,EVR,EVR
2024-03-13,191.3000030517578,195.4600067138672,190.9900054931641,194.69000244140625,189.9589385986328,326000,0.0,0.0,EVR,EVR
2024-03-14,193.5399932861328,193.9600067138672,188.2700042724609,189.97000122070312,185.3536071777344,360700,0.0,0.0,EVR,EVR
2024-03-15,188.7100067138672,191.17999267578125,188.3300018310547,189.2700042724609,184.670654296875,769700,0.0,0.0,EVR,EVR
2024-03-18,189.52999877929688,190.6499938964844,187.88999938964844,187.94000244140625,183.3729705810547,241100,0.0,0.0,EVR,EVR
2024-03-19,187.0599975585937,190.69000244140625,187.0599975585937,190.6000061035156,185.9683380126953,298300,0.0,0.0,EVR,EVR
2024-03-20,189.9199981689453,192.6699981689453,186.25,192.1499938964844,187.4806671142578,308200,0.0,0.0,EVR,EVR
2024-03-21,193.9900054931641,198.9900054931641,192.47999572753903,195.1199951171875,190.3784637451172,464500,0.0,0.0,EVR,EVR
2024-03-22,195.1699981689453,195.3000030517578,190.94000244140625,192.0800018310547,187.412353515625,182500,0.0,0.0,EVR,EVR
2024-03-25,191.759994506836,194.5599975585937,191.759994506836,192.3600006103516,187.68556213378903,189900,0.0,0.0,EVR,EVR
2024-03-26,192.83999633789065,193.8600006103516,190.1600036621093,190.25,185.62681579589844,425900,0.0,0.0,EVR,EVR
2024-03-27,191.52999877929688,193.4100036621093,190.6000061035156,192.2100067138672,187.5392303466797,420600,0.0,0.0,EVR,EVR
2024-03-28,193.1699981689453,193.5,191.42999267578125,192.58999633789065,187.9099578857422,356500,0.0,0.0,EVR,EVR
2024-04-01,192.58999633789065,192.8999938964844,188.2899932861328,189.25,184.6511383056641,284100,0.0,0.0,EVR,EVR
2024-04-02,187.5399932861328,189.3000030517578,186.8800048828125,188.759994506836,184.1730194091797,320500,0.0,0.0,EVR,EVR
2024-04-03,190.6000061035156,192.8800048828125,190.44000244140625,192.6699981689453,187.98800659179688,292600,0.0,0.0,EVR,EVR
2024-04-04,194.4100036621093,195.5599975585937,190.1000061035156,190.9499969482422,186.309814453125,292900,0.0,0.0,EVR,EVR
2024-04-05,191.4600067138672,193.9600067138672,190.8699951171875,193.3999938964844,188.7002716064453,263800,0.0,0.0,EVR,EVR
2024-04-08,195.3099975585937,196.8099975585937,194.22999572753903,195.6100006103516,190.8565826416016,197600,0.0,0.0,EVR,EVR
2024-04-09,195.3099975585937,195.8600006103516,192.6600036621093,193.8500061035156,189.13934326171875,324200,0.0,0.0,EVR,EVR
2024-04-10,190.1199951171875,193.17999267578125,188.7899932861328,191.3999938964844,186.7489013671875,325500,0.0,0.0,EVR,EVR
2024-04-11,192.4600067138672,194.3500061035156,189.5,194.08999633789065,189.3735198974609,381800,0.0,0.0,EVR,EVR
2024-04-12,192.22000122070312,193.19000244140625,189.1999969482422,190.8999938964844,186.26101684570312,505600,0.0,0.0,EVR,EVR
2024-04-15,192.92999267578125,193.94000244140625,184.5200042724609,185.8600006103516,181.343505859375,236700,0.0,0.0,EVR,EVR
2024-04-16,185.27999877929688,186.0,182.9199981689453,184.6699981689453,180.18243408203125,207000,0.0,0.0,EVR,EVR
2024-04-17,186.6000061035156,188.3699951171875,185.5,185.5,180.9922332763672,369000,0.0,0.0,EVR,EVR
2024-04-18,186.4499969482422,187.6999969482422,184.0500030517578,185.2899932861328,180.787353515625,222700,0.0,0.0,EVR,EVR
2024-04-19,185.5800018310547,187.69000244140625,184.7700042724609,186.3600006103516,181.83135986328125,294800,0.0,0.0,EVR,EVR
2024-04-22,187.8300018310547,193.32000732421875,185.6699981689453,192.0800018310547,187.412353515625,382300,0.0,0.0,EVR,EVR
2024-04-23,192.5500030517578,198.4600067138672,192.5,196.1000061035156,191.3346710205078,513000,0.0,0.0,EVR,EVR
2024-04-24,176.39999389648438,191.3600006103516,175.24000549316406,186.58999633789065,182.05577087402344,1309500,0.0,0.0,EVR,EVR
2024-04-25,182.07000732421875,185.8800048828125,177.1999969482422,183.6499938964844,179.18719482421875,847600,0.0,0.0,EVR,EVR
2024-04-26,184.4499969482422,185.6000061035156,183.7100067138672,184.2899932861328,179.81166076660156,355300,0.0,0.0,EVR,EVR
2024-04-29,185.0,186.0200042724609,183.9100036621093,184.8500061035156,180.35806274414065,407400,0.0,0.0,EVR,EVR
2024-04-30,184.0,185.009994506836,181.4100036621093,181.5,177.0894775390625,341100,0.0,0.0,EVR,EVR
2024-05-01,181.97000122070312,187.6100006103516,180.11000061035156,184.0800018310547,179.6067657470703,379200,0.0,0.0,EVR,EVR
2024-05-02,185.7899932861328,187.8800048828125,184.8600006103516,186.52999877929688,181.9972381591797,314300,0.0,0.0,EVR,EVR
2024-05-03,189.5,190.3600006103516,188.0200042724609,189.8300018310547,185.217025756836,371800,0.0,0.0,EVR,EVR
2024-05-06,191.8699951171875,193.33999633789065,191.4199981689453,193.22999572753903,188.534408569336,234300,0.0,0.0,EVR,EVR
2024-05-07,193.3000030517578,194.02999877929688,192.2700042724609,193.1000061035156,188.4075622558593,473100,0.0,0.0,EVR,EVR
2024-05-08,192.1999969482422,193.6699981689453,190.6199951171875,193.5599975585937,188.8563995361328,238800,0.0,0.0,EVR,EVR
2024-05-09,193.8500061035156,194.57000732421875,191.7899932861328,194.47999572753903,189.7540435791016,296300,0.0,0.0,EVR,EVR
2024-05-10,194.5399932861328,196.9900054931641,193.8800048828125,196.25,191.48101806640625,287400,0.0,0.0,EVR,EVR
2024-05-13,197.5,198.1999969482422,195.7700042724609,195.8800048828125,191.1200256347656,190700,0.0,0.0,EVR,EVR
2024-05-14,196.63999938964844,197.4900054931641,195.47000122070312,195.8600006103516,191.1004943847656,173500,0.0,0.0,EVR,EVR
2024-05-15,197.4499969482422,200.44000244140625,196.6999969482422,200.2899932861328,195.4228515625,239300,0.0,0.0,EVR,EVR
2024-05-16,199.5599975585937,201.27999877929688,198.92999267578125,199.2700042724609,194.42762756347656,229100,0.0,0.0,EVR,EVR
2024-05-17,200.33999633789065,203.67999267578125,199.6199951171875,203.47999572753903,198.53533935546875,262000,0.0,0.0,EVR,EVR
2024-05-20,203.69000244140625,204.8600006103516,202.22000122070312,203.0200042724609,198.0865173339844,225800,0.0,0.0,EVR,EVR
2024-05-21,202.7899932861328,206.32000732421875,202.6699981689453,205.7700042724609,200.7696685791016,287700,0.0,0.0,EVR,EVR
2024-05-22,205.08999633789065,206.32000732421875,199.8300018310547,201.8500061035156,196.9449462890625,345200,0.0,0.0,EVR,EVR
2024-05-23,202.3000030517578,202.9100036621093,199.58999633789065,200.08999633789065,195.2277069091797,280900,0.0,0.0,EVR,EVR
2024-05-24,201.1300048828125,205.6999969482422,200.5500030517578,204.4199981689453,199.4524688720703,212400,0.0,0.0,EVR,EVR
2024-05-28,204.8699951171875,205.759994506836,200.9499969482422,201.97999572753903,197.07177734375,205800,0.0,0.0,EVR,EVR
2024-05-29,199.4499969482422,199.9600067138672,197.9100036621093,199.009994506836,194.1739654541016,179900,0.0,0.0,EVR,EVR
2024-05-30,199.47000122070312,202.4600067138672,198.72000122070312,202.0,197.09127807617188,211700,0.0,0.0,EVR,EVR
2024-05-31,201.4499969482422,203.5800018310547,199.42999267578125,202.94000244140625,198.7957763671875,369000,0.8,0.0,EVR,EVR
2024-06-03,204.009994506836,204.009994506836,198.0500030517578,201.3800048828125,197.2676239013672,225800,0.0,0.0,EVR,EVR
2024-06-04,199.8000030517578,200.2400054931641,194.8300018310547,195.17999267578125,191.19422912597656,352200,0.0,0.0,EVR,EVR
2024-06-05,195.6499938964844,200.259994506836,194.7100067138672,197.5399932861328,193.5060272216797,257200,0.0,0.0,EVR,EVR
2024-06-06,197.5200042724609,197.5200042724609,194.6600036621093,195.759994506836,191.76239013671875,247500,0.0,0.0,EVR,EVR
2024-06-07,194.4900054931641,195.009994506836,192.1499938964844,192.6000061035156,188.6669158935547,174100,0.0,0.0,EVR,EVR
2024-06-10,190.44000244140625,194.8000030517578,189.58999633789065,194.1199951171875,190.15586853027344,182200,0.0,0.0,EVR,EVR
2024-06-11,192.5800018310547,194.2400054931641,191.8500061035156,193.0200042724609,189.07833862304688,150400,0.0,0.0,EVR,EVR
2024-06-12,197.67999267578125,199.72999572753903,196.69000244140625,197.6100006103516,193.57460021972656,202400,0.0,0.0,EVR,EVR
2024-06-13,194.67999267578125,198.32000732421875,194.5399932861328,197.3999938964844,193.36886596679688,384100,0.0,0.0,EVR,EVR
2024-06-14,195.19000244140625,197.3600006103516,195.19000244140625,197.259994506836,193.23175048828125,308500,0.0,0.0,EVR,EVR
2024-06-17,198.1499938964844,200.32000732421875,194.7100067138672,200.259994506836,196.1704864501953,318700,0.0,0.0,EVR,EVR
2024-06-18,201.1000061035156,205.7700042724609,200.3600006103516,204.5800018310547,200.4022827148437,302800,0.0,0.0,EVR,EVR
2024-06-20,204.44000244140625,204.44000244140625,200.259994506836,201.259994506836,197.15005493164065,319900,0.0,0.0,EVR,EVR
2024-06-21,202.0800018310547,202.0800018310547,194.1600036621093,194.7700042724609,190.7926025390625,855600,0.0,0.0,EVR,EVR
2024-06-24,194.9600067138672,199.02999877929688,194.38999938964844,196.7899932861328,192.7713317871093,291400,0.0,0.0,EVR,EVR
2024-06-25,196.009994506836,196.8000030517578,193.47000122070312,194.47000122070312,190.49874877929688,227700,0.0,0.0,EVR,EVR
2024-06-26,193.1100006103516,195.5399932861328,192.6100006103516,194.63999938964844,190.6652374267578,212400,0.0,0.0,EVR,EVR
2024-06-27,194.6499938964844,198.2400054931641,193.67999267578125,197.509994506836,193.4766387939453,296600,0.0,0.0,EVR,EVR
2024-06-28,198.3000030517578,208.759994506836,198.3000030517578,208.42999267578125,204.1736297607422,825500,0.0,0.0,EVR,EVR
2024-07-01,209.22000122070312,211.33999633789065,207.52999877929688,211.0800018310547,206.76953125,422900,0.0,0.0,EVR,EVR
2024-07-02,210.07000732421875,213.1999969482422,210.07000732421875,211.4100036621093,207.09278869628903,393900,0.0,0.0,EVR,EVR
2024-07-03,212.4199981689453,213.0200042724609,210.4100036621093,211.0,206.691162109375,154400,0.0,0.0,EVR,EVR
2024-07-05,210.2899932861328,213.07000732421875,209.57000732421875,212.7700042724609,208.425033569336,216900,0.0,0.0,EVR,EVR
2024-07-08,213.1300048828125,215.38999938964844,212.5599975585937,212.63999938964844,208.29766845703125,294000,0.0,0.0,EVR,EVR
2024-07-09,215.009994506836,217.1100006103516,212.8000030517578,214.6100006103516,210.2274475097656,425700,0.0,0.0,EVR,EVR
2024-07-10,215.63999938964844,222.1000061035156,215.1600036621093,221.0399932861328,216.526107788086,344700,0.0,0.0,EVR,EVR
2024-07-11,223.22999572753903,226.67999267578125,222.02999877929688,225.47000122070312,220.86569213867188,297900,0.0,0.0,EVR,EVR
2024-07-12,226.7700042724609,230.8999938964844,225.1100006103516,226.94000244140625,222.3056640625,289700,0.0,0.0,EVR,EVR
2024-07-15,229.1999969482422,236.8000030517578,229.009994506836,236.38999938964844,231.56268310546875,469300,0.0,0.0,EVR,EVR
2024-07-16,236.759994506836,244.58999633789065,235.3699951171875,244.33999633789065,239.35031127929688,397800,0.0,0.0,EVR,EVR
2024-07-17,242.7400054931641,245.44000244140625,239.88999938964844,243.3600006103516,238.39031982421875,396700,0.0,0.0,EVR,EVR
2024-07-18,243.5399932861328,248.02999877929688,239.17999267578125,241.8000030517578,236.86219787597656,880500,0.0,0.0,EVR,EVR
2024-07-19,241.8000030517578,242.1999969482422,238.83999633789065,240.509994506836,235.59852600097656,300200,0.0,0.0,EVR,EVR
2024-07-22,241.4100036621093,242.3500061035156,238.0200042724609,240.4499969482422,235.53976440429688,472100,0.0,0.0,EVR,EVR
2024-07-23,242.72999572753903,246.4199981689453,241.6300048828125,244.17999267578125,239.193588256836,454200,0.0,0.0,EVR,EVR
2024-07-24,243.0,246.4100036621093,234.67999267578125,236.38999938964844,231.56268310546875,718200,0.0,0.0,EVR,EVR
2024-07-25,236.1699981689453,249.72000122070312,236.1699981689453,245.72000122070312,240.7021484375,736300,0.0,0.0,EVR,EVR
2024-07-26,247.6300048828125,252.9900054931641,247.22999572753903,249.22999572753903,244.1404724121093,424500,0.0,0.0,EVR,EVR
2024-07-29,250.0,250.0599975585937,244.1300048828125,245.1999969482422,240.1927490234375,345000,0.0,0.0,EVR,EVR
2024-07-30,247.82000732421875,252.07000732421875,246.8500061035156,247.1600036621093,242.1127319335937,388600,0.0,0.0,EVR,EVR
2024-07-31,249.22000122070312,254.7400054931641,248.72000122070312,250.38999938964844,245.2767791748047,596100,0.0,0.0,EVR,EVR
2024-08-01,251.1000061035156,251.4100036621093,235.009994506836,238.1300048828125,233.26715087890625,532300,0.0,0.0,EVR,EVR
2024-08-02,229.6699981689453,231.7400054931641,225.1499938964844,227.97999572753903,223.3244171142578,573700,0.0,0.0,EVR,EVR
2024-08-05,215.22000122070312,224.7100067138672,212.6199951171875,222.08999633789065,217.55470275878903,591000,0.0,0.0,EVR,EVR
2024-08-06,223.0,231.92999267578125,220.8099975585937,227.27999877929688,222.63870239257807,422100,0.0,0.0,EVR,EVR
2024-08-07,230.97999572753903,231.0,223.77999877929688,223.8000030517578,219.22976684570312,386900,0.0,0.0,EVR,EVR
2024-08-08,226.72000122070312,234.5399932861328,224.759994506836,233.1699981689453,228.408432006836,344500,0.0,0.0,EVR,EVR
2024-08-09,233.8500061035156,234.22000122070312,231.25,233.08999633789065,228.33004760742188,317500,0.0,0.0,EVR,EVR
2024-08-12,232.509994506836,232.509994506836,228.0,228.8800048828125,224.2060394287109,185900,0.0,0.0,EVR,EVR
2024-08-13,230.5200042724609,235.4199981689453,229.13999938964844,234.1000061035156,229.3194580078125,328100,0.0,0.0,EVR,EVR
2024-08-14,235.47999572753903,238.25,233.72999572753903,236.97000122070312,232.13082885742188,164600,0.0,0.0,EVR,EVR
2024-08-15,240.92999267578125,243.38999938964844,240.92999267578125,241.7899932861328,236.8523712158203,303600,0.0,0.0,EVR,EVR
2024-08-16,241.1199951171875,243.9600067138672,240.1199951171875,240.6499938964844,235.73565673828125,181300,0.0,0.0,EVR,EVR
2024-08-19,240.3800048828125,242.8800048828125,239.17999267578125,240.9199981689453,236.00018310546875,230700,0.0,0.0,EVR,EVR
2024-08-20,240.4499969482422,240.8800048828125,235.5500030517578,236.8600006103516,232.0230865478516,128600,0.0,0.0,EVR,EVR
2024-08-21,237.75,240.02999877929688,235.77999877929688,239.6300048828125,234.73654174804688,174200,0.0,0.0,EVR,EVR
2024-08-22,239.92999267578125,241.19000244140625,238.9100036621093,239.47999572753903,234.589584350586,142000,0.0,0.0,EVR,EVR
2024-08-23,241.1199951171875,248.0599975585937,241.1199951171875,245.08999633789065,240.0850067138672,205800,0.0,0.0,EVR,EVR
2024-08-26,246.82000732421875,247.22000122070312,242.8699951171875,245.3300018310547,240.32009887695312,149600,0.0,0.0,EVR,EVR
2024-08-27,243.6600036621093,244.38999938964844,242.259994506836,242.47999572753903,237.52828979492188,146800,0.0,0.0,EVR,EVR
2024-08-28,241.47000122070312,244.759994506836,239.92999267578125,243.6699981689453,238.6940155029297,150100,0.0,0.0,EVR,EVR
2024-08-29,244.88999938964844,247.3099975585937,243.3600006103516,243.7899932861328,238.8115692138672,171400,0.0,0.0,EVR,EVR
2024-08-30,243.44000244140625,245.8699951171875,242.4199981689453,245.7400054931641,241.5142822265625,210900,0.8,0.0,EVR,EVR
2024-09-03,243.5,243.97999572753903,235.8000030517578,237.52999877929688,233.4454498291016,213100,0.0,0.0,EVR,EVR
2024-09-04,235.92999267578125,240.5,234.4199981689453,237.07000732421875,232.9933624267578,165100,0.0,0.0,EVR,EVR
2024-09-05,238.02999877929688,240.33999633789065,237.1499938964844,239.1600036621093,235.04742431640625,237400,0.0,0.0,EVR,EVR
2024-09-06,239.0,240.72000122070312,233.1100006103516,234.08999633789065,230.06460571289065,207400,0.0,0.0,EVR,EVR
2024-09-09,236.1000061035156,241.69000244140625,235.3999938964844,238.5599975585937,234.457748413086,270600,0.0,0.0,EVR,EVR
2024-09-10,238.3300018310547,238.3300018310547,229.8000030517578,233.8800048828125,229.8582305908203,274300,0.0,0.0,EVR,EVR
2024-09-11,236.6999969482422,236.6999969482422,226.1699981689453,231.6199951171875,227.63706970214844,610100,0.0,0.0,EVR,EVR
2024-09-12,230.33999633789065,235.7400054931641,230.33999633789065,234.6499938964844,230.614974975586,240200,0.0,0.0,EVR,EVR
2024-09-13,235.7899932861328,241.1000061035156,235.7899932861328,238.92999267578125,234.8213806152344,243400,0.0,0.0,EVR,EVR
2024-09-16,239.33999633789065,243.1199951171875,239.0500030517578,242.1300048828125,237.96636962890625,269100,0.0,0.0,EVR,EVR
2024-09-17,243.27999877929688,250.0399932861328,243.27999877929688,246.22999572753903,241.995849609375,172700,0.0,0.0,EVR,EVR
2024-09-18,245.6300048828125,252.1600036621093,243.7899932861328,246.6000061035156,242.3594970703125,277400,0.0,0.0,EVR,EVR
2024-09-19,252.17999267578125,255.82000732421875,249.3600006103516,255.5800018310547,251.18507385253903,222300,0.0,0.0,EVR,EVR
2024-09-20,256.0299987792969,257.1300048828125,254.0599975585937,256.75,252.3349456787109,572800,0.0,0.0,EVR,EVR
2024-09-23,258.3299865722656,259.70001220703125,254.3000030517578,258.67999267578125,254.2317657470703,233000,0.0,0.0,EVR,EVR
2024-09-24,259.0899963378906,259.1700134277344,255.0500030517578,258.3500061035156,253.90744018554688,197500,0.0,0.0,EVR,EVR
2024-09-25,258.3099975585937,258.9800109863281,255.1000061035156,256.260009765625,251.8533935546875,230300,0.0,0.0,EVR,EVR
2024-09-26,257.3699951171875,258.69000244140625,254.27999877929688,256.8299865722656,252.41357421875,227100,0.0,0.0,EVR,EVR
2024-09-27,258.1400146484375,258.1400146484375,253.97999572753903,254.1300048828125,249.760009765625,245800,0.0,0.0,EVR,EVR
2024-09-30,252.7400054931641,254.8699951171875,249.6699981689453,253.33999633789065,248.98358154296875,422300,0.0,0.0,EVR,EVR
2024-10-01,252.8999938964844,252.8999938964844,248.259994506836,251.0,246.683822631836,222100,0.0,0.0,EVR,EVR
2024-10-02,248.7100067138672,253.3500061035156,248.38999938964844,248.77999877929688,244.5019989013672,313100,0.0,0.0,EVR,EVR
2024-10-03,247.8000030517578,248.52999877929688,245.1600036621093,247.8699951171875,243.60763549804688,218800,0.0,0.0,EVR,EVR
2024-10-04,252.1699981689453,254.08999633789065,249.8800048828125,251.7400054931641,247.4111175537109,160900,0.0,0.0,EVR,EVR
2024-10-07,250.77999877929688,250.8600006103516,246.8300018310547,247.57000732421875,243.31280517578125,140800,0.0,0.0,EVR,EVR
2024-10-08,248.1199951171875,251.0800018310547,246.6600036621093,248.6100006103516,244.3348999023437,195700,0.0,0.0,EVR,EVR
2024-10-09,249.8600006103516,255.9900054931641,249.8600006103516,255.07000732421875,250.683837890625,279100,0.0,0.0,EVR,EVR
2024-10-10,253.72000122070312,253.72000122070312,250.6600036621093,252.88999938964844,248.54132080078125,156500,0.0,0.0,EVR,EVR
2024-10-11,254.1000061035156,266.2099914550781,254.1000061035156,265.6099853515625,261.0426025390625,450500,0.0,0.0,EVR,EVR
2024-10-14,266.0,271.70001220703125,265.0,271.0199890136719,266.3595275878906,262500,0.0,0.0,EVR,EVR
2024-10-15,272.9200134277344,277.17999267578125,269.2799987792969,272.67999267578125,267.9909973144531,410100,0.0,0.0,EVR,EVR
2024-10-16,275.7300109863281,276.989990234375,274.2099914550781,276.6499938964844,271.89276123046875,288700,0.0,0.0,EVR,EVR
2024-10-17,278.0,282.3999938964844,277.8800048828125,282.2799987792969,277.42596435546875,500100,0.0,0.0,EVR,EVR
2024-10-18,282.9200134277344,288.0299987792969,280.04998779296875,286.0400085449219,281.1213073730469,379800,0.0,0.0,EVR,EVR
2024-10-21,286.1000061035156,286.1000061035156,277.8399963378906,278.3900146484375,273.60284423828125,356600,0.0,0.0,EVR,EVR
2024-10-22,276.9700012207031,277.7799987792969,274.1000061035156,275.6099853515625,270.8706359863281,538800,0.0,0.0,EVR,EVR
2024-10-23,270.0400085449219,275.70001220703125,255.97999572753903,257.739990234375,253.3079376220703,792600,0.0,0.0,EVR,EVR
2024-10-24,259.5799865722656,265.0799865722656,257.3999938964844,262.7699890136719,258.2513732910156,348300,0.0,0.0,EVR,EVR
2024-10-25,263.82000732421875,266.760009765625,258.8900146484375,260.57000732421875,256.0892639160156,347500,0.0,0.0,EVR,EVR
2024-10-28,263.9599914550781,264.25,259.9200134277344,261.3500061035156,256.8558349609375,274500,0.0,0.0,EVR,EVR
2024-10-29,258.739990234375,265.5799865722656,258.29998779296875,265.2099914550781,260.64947509765625,408900,0.0,0.0,EVR,EVR
2024-10-30,265.6300048828125,270.95001220703125,265.0299987792969,265.07000732421875,260.51190185546875,299700,0.0,0.0,EVR,EVR
2024-10-31,263.75,266.7699890136719,261.3099975585937,264.1700134277344,259.6273803710937,307300,0.0,0.0,EVR,EVR
2024-11-01,267.4599914550781,272.6499938964844,267.3699951171875,268.8399963378906,264.2170715332031,318400,0.0,0.0,EVR,EVR
2024-11-04,267.6199951171875,267.6199951171875,260.6300048828125,263.760009765625,259.2243957519531,325100,0.0,0.0,EVR,EVR
2024-11-05,264.8699951171875,272.7900085449219,264.8699951171875,271.8399963378906,267.1654663085937,429500,0.0,0.0,EVR,EVR
2024-11-06,298.8299865722656,324.0599975585937,297.5199890136719,316.0,310.56610107421875,1340900,0.0,0.0,EVR,EVR
2024-11-07,314.25,317.4200134277344,306.2900085449219,306.42999267578125,301.16070556640625,490200,0.0,0.0,EVR,EVR
2024-11-08,306.8999938964844,310.1600036621094,303.44000244140625,308.82000732421875,303.50958251953125,280800,0.0,0.0,EVR,EVR
2024-11-11,314.82000732421875,319.3599853515625,312.9100036621094,315.6499938964844,310.2221374511719,286100,0.0,0.0,EVR,EVR
2024-11-12,314.1300048828125,316.8999938964844,304.9100036621094,307.04998779296875,301.7699890136719,240300,0.0,0.0,EVR,EVR
2024-11-13,304.1099853515625,308.239990234375,301.5,301.79998779296875,296.6102905273437,303000,0.0,0.0,EVR,EVR
2024-11-14,303.5299987792969,304.0,298.3099975585937,299.6600036621094,294.507080078125,261100,0.0,0.0,EVR,EVR
2024-11-15,296.6600036621094,300.25,293.79998779296875,299.3800048828125,294.2319030761719,244000,0.0,0.0,EVR,EVR
2024-11-18,300.8699951171875,302.45001220703125,295.7900085449219,297.3699951171875,292.2564697265625,256300,0.0,0.0,EVR,EVR
2024-11-19,293.8299865722656,301.2900085449219,291.5599975585937,300.8900146484375,295.7159423828125,215200,0.0,0.0,EVR,EVR
2024-11-20,301.3800048828125,302.0400085449219,295.1400146484375,301.29998779296875,296.118896484375,270100,0.0,0.0,EVR,EVR
2024-11-21,303.79998779296875,312.6000061035156,302.1600036621094,309.5299987792969,304.20733642578125,234300,0.0,0.0,EVR,EVR
2024-11-22,311.3299865722656,313.739990234375,308.9200134277344,311.3500061035156,305.9960632324219,507700,0.0,0.0,EVR,EVR
2024-11-25,314.3099975585937,317.29998779296875,310.7099914550781,313.75,308.3547668457031,521300,0.0,0.0,EVR,EVR
2024-11-26,309.989990234375,313.25,308.25,311.0,305.6520690917969,325700,0.0,0.0,EVR,EVR
2024-11-27,313.70001220703125,314.8299865722656,306.8699951171875,308.1000061035156,302.8019104003906,165700,0.0,0.0,EVR,EVR
2024-11-29,310.8800048828125,312.0,307.3900146484375,307.8999938964844,303.3931884765625,141200,0.8,0.0,EVR,EVR
2024-12-02,310.1199951171875,310.1199951171875,305.3099975585937,305.57000732421875,301.0972595214844,236100,0.0,0.0,EVR,EVR
2024-12-03,307.0799865722656,307.5400085449219,301.75,303.0,298.5649108886719,238200,0.0,0.0,EVR,EVR
2024-12-04,302.8999938964844,305.4200134277344,299.5,300.9599914550781,296.5546875,313900,0.0,0.0,EVR,EVR
2024-12-05,298.7099914550781,301.0299987792969,295.4100036621094,296.67999267578125,292.33740234375,339000,0.0,0.0,EVR,EVR
2024-12-06,297.5,298.239990234375,293.6000061035156,297.760009765625,293.4015808105469,448600,0.0,0.0,EVR,EVR
2024-12-09,300.17999267578125,303.6300048828125,293.3500061035156,295.1700134277344,290.8494873046875,301400,0.0,0.0,EVR,EVR
2024-12-10,294.239990234375,296.1600036621094,290.4700012207031,291.1099853515625,286.8489074707031,280600,0.0,0.0,EVR,EVR
2024-12-11,293.82000732421875,298.0199890136719,293.42999267578125,297.44000244140625,293.0862731933594,304100,0.0,0.0,EVR,EVR
2024-12-12,297.9800109863281,301.3500061035156,295.1400146484375,299.3999938964844,295.0175476074219,342100,0.0,0.0,EVR,EVR
2024-12-13,299.4100036621094,302.8800048828125,294.4800109863281,295.5199890136719,291.1943359375,255400,0.0,0.0,EVR,EVR
2024-12-16,297.2300109863281,299.1099853515625,292.1499938964844,298.3699951171875,294.00262451171875,423900,0.0,0.0,EVR,EVR
2024-12-17,295.3900146484375,297.1000061035156,287.54998779296875,290.20001220703125,285.9522705078125,392300,0.0,0.0,EVR,EVR
2024-12-18,292.1400146484375,294.9200134277344,271.67999267578125,272.5,268.5113220214844,586000,0.0,0.0,EVR,EVR
2024-12-19,278.2900085449219,281.2099914550781,269.9599914550781,270.57000732421875,266.60955810546875,427000,0.0,0.0,EVR,EVR
2024-12-20,269.0799865722656,279.3099975585937,262.6700134277344,275.8399963378906,271.8024597167969,886500,0.0,0.0,EVR,EVR
2024-12-23,274.32000732421875,276.5199890136719,272.739990234375,275.1700134277344,271.1422424316406,282600,0.0,0.0,EVR,EVR
2024-12-24,276.260009765625,280.5,275.6099853515625,279.260009765625,275.17236328125,87200,0.0,0.0,EVR,EVR
2024-12-26,277.1600036621094,283.1700134277344,277.1600036621094,282.4200134277344,278.2861328125,214700,0.0,0.0,EVR,EVR
2024-12-27,278.9100036621094,281.2200012207031,274.9800109863281,278.0400085449219,273.97021484375,167600,0.0,0.0,EVR,EVR
2024-12-30,274.5599975585937,279.44000244140625,270.9700012207031,277.8999938964844,273.832275390625,257200,0.0,0.0,EVR,EVR
2024-12-31,278.3099975585937,280.5799865722656,276.25,277.19000244140625,273.1326599121094,183900,0.0,0.0,EVR,EVR
2025-01-02,278.8599853515625,280.3399963378906,274.70001220703125,276.1499938964844,272.10791015625,287600,0.0,0.0,EVR,EVR
2025-01-03,276.45001220703125,278.5400085449219,272.8699951171875,277.69000244140625,273.6253662109375,304400,0.0,0.0,EVR,EVR
2025-01-06,280.3500061035156,281.6400146484375,277.2300109863281,278.8599853515625,274.7782287597656,206900,0.0,0.0,EVR,EVR
2025-01-07,278.8399963378906,280.0400085449219,267.6400146484375,274.7699890136719,270.74810791015625,398000,0.0,0.0,EVR,EVR
2025-01-08,273.7300109863281,277.32000732421875,272.5299987792969,274.32000732421875,270.3046569824219,532300,0.0,0.0,EVR,EVR
2025-01-10,268.260009765625,268.260009765625,257.3500061035156,262.95001220703125,259.1011047363281,460200,0.0,0.0,EVR,EVR
2025-01-13,258.70001220703125,261.6000061035156,257.3800048828125,260.8599853515625,257.04168701171875,441400,0.0,0.0,EVR,EVR
2025-01-14,267.42999267578125,267.42999267578125,261.5599975585937,266.20001220703125,262.3035583496094,515000,0.0,0.0,EVR,EVR
2025-01-15,276.0799865722656,279.0799865722656,272.7699890136719,276.2900085449219,272.245849609375,321700,0.0,0.0,EVR,EVR
2025-01-16,278.260009765625,283.489990234375,277.3500061035156,279.3399963378906,275.251220703125,281700,0.0,0.0,EVR,EVR
2025-01-17,281.7300109863281,283.3500061035156,280.2699890136719,282.6000061035156,278.4635009765625,222200,0.0,0.0,EVR,EVR
2025-01-21,286.0199890136719,289.4800109863281,284.7300109863281,287.5899963378906,283.3804016113281,208600,0.0,0.0,EVR,EVR
2025-01-22,289.17999267578125,290.7300109863281,284.489990234375,286.2900085449219,282.0994567871094,409600,0.0,0.0,EVR,EVR
2025-01-23,285.8500061035156,286.7699890136719,281.54998779296875,284.6400146484375,280.4736328125,307100,0.0,0.0,EVR,EVR
2025-01-24,283.0,287.5899963378906,283.0,285.9599914550781,281.7742614746094,249000,0.0,0.0,EVR,EVR
2025-01-27,281.42999267578125,287.0400085449219,278.20001220703125,281.3800048828125,277.2613220214844,313600,0.0,0.0,EVR,EVR
2025-01-28,280.92999267578125,287.3099975585937,280.3999938964844,286.6700134277344,282.4739074707031,265500,0.0,0.0,EVR,EVR
2025-01-29,285.6000061035156,290.489990234375,284.42999267578125,284.7099914550781,280.5426025390625,321200,0.0,0.0,EVR,EVR
2025-01-30,290.0,292.8299865722656,287.6600036621094,289.5199890136719,285.2821655273437,259000,0.0,0.0,EVR,EVR
2025-01-31,293.44000244140625,295.6099853515625,290.8299865722656,291.2699890136719,287.006591796875,476600,0.0,0.0,EVR,EVR
2025-02-03,282.5299987792969,285.19000244140625,278.54998779296875,283.1499938964844,279.00543212890625,383200,0.0,0.0,EVR,EVR
2025-02-04,283.7200012207031,288.7900085449219,282.5400085449219,282.8500061035156,278.7098388671875,417900,0.0,0.0,EVR,EVR
2025-02-05,297.6300048828125,297.6300048828125,280.57000732421875,285.0599975585937,280.887451171875,669400,0.0,0.0,EVR,EVR
2025-02-06,287.989990234375,289.7300109863281,283.04998779296875,285.3699951171875,281.1929016113281,462000,0.0,0.0,EVR,EVR
2025-02-07,277.2099914550781,282.82000732421875,274.8299865722656,275.510009765625,271.47723388671875,570800,0.0,0.0,EVR,EVR
2025-02-10,276.0,276.2900085449219,268.8399963378906,272.19000244140625,268.2058410644531,509700,0.0,0.0,EVR,EVR
2025-02-11,270.0199890136719,270.0199890136719,262.1700134277344,265.57000732421875,261.6827697753906,667800,0.0,0.0,EVR,EVR
2025-02-12,261.989990234375,265.7200012207031,259.92999267578125,265.5299987792969,261.643310546875,340800,0.0,0.0,EVR,EVR
2025-02-13,266.07000732421875,269.0199890136719,264.1400146484375,267.3399963378906,263.4268493652344,485000,0.0,0.0,EVR,EVR
2025-02-14,268.239990234375,271.9200134277344,267.04998779296875,269.3099975585937,265.3680114746094,567700,0.0,0.0,EVR,EVR
2025-02-18,271.510009765625,275.69000244140625,269.1400146484375,275.42999267578125,271.3984069824219,392700,0.0,0.0,EVR,EVR
2025-02-19,273.0400085449219,273.0400085449219,266.7699890136719,268.95001220703125,265.0132751464844,390500,0.0,0.0,EVR,EVR
2025-02-20,267.9700012207031,267.9700012207031,252.1499938964844,257.0,253.2381591796875,545700,0.0,0.0,EVR,EVR
2025-02-21,259.7799987792969,259.7799987792969,244.22999572753903,250.1300048828125,246.46876525878903,732200,0.0,0.0,EVR,EVR
2025-02-24,249.33999633789065,251.3000030517578,242.4900054931641,245.6199951171875,242.0247802734375,777200,0.0,0.0,EVR,EVR
2025-02-25,247.1499938964844,247.2100067138672,237.44000244140625,240.52999877929688,237.00927734375,1166800,0.0,0.0,EVR,EVR
2025-02-26,242.1600036621093,247.69000244140625,241.9499969482422,246.1300048828125,242.52731323242188,539300,0.0,0.0,EVR,EVR
2025-02-27,246.92999267578125,246.92999267578125,237.8500061035156,238.7899932861328,235.29473876953125,703100,0.0,0.0,EVR,EVR
2025-02-28,237.3500061035156,241.82000732421875,236.3000030517578,241.8000030517578,239.0615997314453,698000,0.8,0.0,EVR,EVR
2025-03-03,240.8600006103516,245.0,231.7400054931641,233.2899932861328,230.64796447753903,511200,0.0,0.0,EVR,EVR
2025-03-04,226.47000122070312,226.47000122070312,212.7700042724609,219.4900054931641,217.0042724609375,1343900,0.0,0.0,EVR,EVR
2025-03-05,220.97000122070312,223.8699951171875,216.3999938964844,222.6000061035156,220.0790252685547,581600,0.0,0.0,EVR,EVR
2025-03-06,216.97999572753903,217.63999938964844,208.2100067138672,210.3999938964844,208.01719665527344,1215200,0.0,0.0,EVR,EVR
2025-03-07,209.8500061035156,211.1999969482422,201.52999877929688,206.7400054931641,204.398666381836,1133800,0.0,0.0,EVR,EVR
2025-03-10,201.0800018310547,201.0800018310547,185.0599975585937,190.27999877929688,188.1250457763672,1677600,0.0,0.0,EVR,EVR
2025-03-11,191.1999969482422,197.9499969482422,188.27999877929688,196.97000122070312,194.7393035888672,1607800,0.0,0.0,EVR,EVR
2025-03-12,201.6699981689453,203.7400054931641,195.8500061035156,198.47999572753903,196.2321929931641,1044300,0.0,0.0,EVR,EVR
2025-03-13,195.8800048828125,198.6100006103516,191.4100036621093,193.8500061035156,191.6546325683593,785000,0.0,0.0,EVR,EVR
2025-03-14,198.07000732421875,201.82000732421875,195.7700042724609,200.7700042724609,198.4962615966797,735700,0.0,0.0,EVR,EVR
2025-03-17,200.2700042724609,204.67999267578125,198.8699951171875,204.1199951171875,201.8083038330078,526400,0.0,0.0,EVR,EVR
2025-03-18,202.47999572753903,202.9199981689453,198.0,201.3500061035156,199.0697021484375,764700,0.0,0.0,EVR,EVR
2025-03-19,200.6600036621093,207.1999969482422,199.1699981689453,204.22999572753903,201.9170837402344,569700,0.0,0.0,EVR,EVR
2025-03-20,201.22999572753903,207.9100036621093,200.8699951171875,204.3500061035156,202.0357208251953,356500,0.0,0.0,EVR,EVR
2025-03-21,201.4499969482422,207.3999938964844,201.4499969482422,206.83999633789065,204.4974975585937,626900,0.0,0.0,EVR,EVR
2025-03-24,212.0,218.33999633789065,208.5,216.83999633789065,214.3842620849609,560200,0.0,0.0,EVR,EVR
2025-03-25,217.4900054931641,221.3099975585937,215.33999633789065,217.19000244140625,214.7303009033203,319100,0.0,0.0,EVR,EVR
2025-03-26,218.08999633789065,219.58999633789065,210.9199981689453,212.259994506836,209.8561248779297,306900,0.0,0.0,EVR,EVR
2025-03-27,207.82000732421875,208.009994506836,201.22999572753903,205.1300048828125,202.806869506836,822500,0.0,0.0,EVR,EVR
2025-03-28,202.47999572753903,206.9600067138672,196.92999267578125,199.5200042724609,197.2604217529297,504200,0.0,0.0,EVR,EVR
2025-03-31,195.07000732421875,200.97999572753903,191.63999938964844,199.72000122070312,197.45816040039065,622300,0.0,0.0,EVR,EVR
2025-04-01,199.1100006103516,204.2700042724609,195.8000030517578,200.42999267578125,198.1601104736328,888000,0.0,0.0,EVR,EVR
2025-04-02,195.19000244140625,210.27999877929688,194.94000244140625,210.1199951171875,207.7403564453125,816200,0.0,0.0,EVR,EVR
2025-04-03,194.0,195.32000732421875,176.6699981689453,177.60000610351562,175.5886688232422,1515600,0.0,0.0,EVR,EVR
2025-04-04,169.27999877929688,171.36000061035156,157.3800048828125,163.9499969482422,162.09324645996094,1762300,0.0,0.0,EVR,EVR
2025-04-07,152.67999267578125,171.35000610351562,148.6300048828125,164.8699951171875,163.00282287597656,1872500,0.0,0.0,EVR,EVR
2025-04-08,173.97000122070312,177.88999938964844,160.3699951171875,163.77000427246094,161.91529846191406,1316000,0.0,0.0,EVR,EVR
2025-04-09,161.02000427246094,195.44000244140625,160.49000549316406,189.5399932861328,187.39344787597656,1854900,0.0,0.0,EVR,EVR
2025-04-10,181.75,184.0,169.0399932861328,174.8800048828125,172.89947509765625,1192800,0.0,0.0,EVR,EVR
2025-04-11,172.3699951171875,176.19000244140625,168.1999969482422,173.80999755859375,171.84158325195312,1251500,0.0,0.0,EVR,EVR
2025-04-14,177.99000549316406,184.259994506836,177.3699951171875,181.1499938964844,179.0984649658203,882000,0.0,0.0,EVR,EVR
2025-04-15,181.25,186.32000732421875,180.32000732421875,182.5599975585937,180.4924774169922,516000,0.0,0.0,EVR,EVR
2025-04-16,179.39999389648438,181.3500061035156,175.05999755859375,178.3300018310547,176.31039428710938,478900,0.0,0.0,EVR,EVR
2025-04-17,178.63999938964844,182.4499969482422,177.35000610351562,181.27999877929688,179.22698974609375,498900,0.0,0.0,EVR,EVR
2025-04-21,178.30999755859375,180.4199981689453,170.41000366210938,175.4600067138672,173.472900390625,643900,0.0,0.0,EVR,EVR
2025-04-22,179.49000549316406,184.67999267578125,178.5399932861328,184.259994506836,182.17323303222656,597100,0.0,0.0,EVR,EVR
2025-04-23,192.92999267578125,201.9199981689453,185.5399932861328,187.2700042724609,185.149154663086,1090000,0.0,0.0,EVR,EVR
2025-04-24,186.4199981689453,199.02999877929688,185.4900054931641,198.25,196.0047912597656,885600,0.0,0.0,EVR,EVR
2025-04-25,196.47999572753903,199.2700042724609,188.5599975585937,197.5800018310547,195.34239196777344,549500,0.0,0.0,EVR,EVR
2025-04-28,197.6499938964844,200.5800018310547,194.0,197.22000122070312,194.98648071289065,634100,0.0,0.0,EVR,EVR
2025-04-29,195.02999877929688,199.1999969482422,192.7700042724609,199.0,196.746322631836,717000,0.0,0.0,EVR,EVR
2025-04-30,210.6000061035156,212.0800018310547,194.8099975585937,205.2899932861328,202.965072631836,1451100,0.0,0.0,EVR,EVR
2025-05-01,206.1999969482422,212.3800048828125,201.97000122070312,206.1300048828125,203.7955474853516,835500,0.0,0.0,EVR,EVR
2025-05-02,212.8099975585937,214.77999877929688,209.8800048828125,213.6300048828125,211.21063232421875,689300,0.0,0.0,EVR,EVR
2025-05-05,208.3699951171875,217.1300048828125,208.3699951171875,211.8699951171875,209.4705352783203,571700,0.0,0.0,EVR,EVR
2025-05-06,207.08999633789065,209.7700042724609,205.42999267578125,205.6999969482422,203.37042236328125,550100,0.0,0.0,EVR,EVR
2025-05-07,208.3800048828125,210.63999938964844,206.6300048828125,207.7899932861328,205.436752319336,471800,0.0,0.0,EVR,EVR
2025-05-08,212.1199951171875,219.9499969482422,210.6000061035156,216.7400054931641,214.2854156494141,679200,0.0,0.0,EVR,EVR
2025-05-09,217.83999633789065,220.0,215.2700042724609,216.8999938964844,214.443588256836,506100,0.0,0.0,EVR,EVR
2025-05-12,229.67999267578125,242.9199981689453,229.67999267578125,233.0,230.3612518310547,1029500,0.0,0.0,EVR,EVR
2025-05-13,233.8000030517578,237.52999877929688,231.7400054931641,236.1499938964844,233.4755706787109,1261500,0.0,0.0,EVR,EVR
2025-05-14,235.9100036621093,242.2400054931641,234.3600006103516,240.259994506836,237.53903198242188,939500,0.0,0.0,EVR,EVR
2025-05-15,238.4199981689453,240.38999938964844,235.8999938964844,237.2700042724609,234.58290100097656,622900,0.0,0.0,EVR,EVR
2025-05-16,237.47999572753903,242.5500030517578,236.3300018310547,241.5800018310547,238.8440704345703,500500,0.0,0.0,EVR,EVR
2025-05-19,238.13999938964844,241.13999938964844,236.759994506836,240.259994506836,237.53903198242188,335600,0.0,0.0,EVR,EVR
2025-05-20,237.8800048828125,239.44000244140625,234.0,236.5,233.82159423828125,544400,0.0,0.0,EVR,EVR
2025-05-21,232.8999938964844,234.63999938964844,223.8999938964844,224.07000732421875,221.53240966796875,780400,0.0,0.0,EVR,EVR
2025-05-22,223.4900054931641,227.0599975585937,221.22999572753903,225.5200042724609,222.96597290039065,267500,0.0,0.0,EVR,EVR
2025-05-23,220.42999267578125,226.9900054931641,217.19000244140625,226.1000061035156,223.5393981933593,322400,0.0,0.0,EVR,EVR
2025-05-27,229.25,234.82000732421875,226.72000122070312,234.47999572753903,231.8244781494141,420400,0.0,0.0,EVR,EVR
2025-05-28,233.72999572753903,234.2700042724609,231.38999938964844,232.3800048828125,229.748291015625,333800,0.0,0.0,EVR,EVR
2025-05-29,235.1300048828125,236.13999938964844,230.92999267578125,234.97999572753903,232.3188323974609,452100,0.0,0.0,EVR,EVR
2025-05-30,232.0399932861328,233.009994506836,228.4900054931641,231.4900054931641,229.689453125,653100,0.84,0.0,EVR,EVR
2025-06-02,230.72999572753903,232.7700042724609,228.17999267578125,232.07000732421875,230.2649383544922,412600,0.0,0.0,EVR,EVR
2025-06-03,232.32000732421875,237.6100006103516,229.9900054931641,235.8000030517578,233.96592712402344,546700,0.0,0.0,EVR,EVR
2025-06-04,237.0,238.6300048828125,234.7100067138672,235.2700042724609,233.4400634765625,482900,0.0,0.0,EVR,EVR
2025-06-05,235.5500030517578,239.6000061035156,232.2899932861328,238.4100036621093,236.5556182861328,328800,0.0,0.0,EVR,EVR
2025-06-06,243.8800048828125,246.9100036621093,242.6100006103516,245.4900054931641,243.5805511474609,355100,0.0,0.0,EVR,EVR
2025-06-09,247.0200042724609,249.1300048828125,244.3099975585937,247.6600036621093,245.73367309570312,473500,0.0,0.0,EVR,EVR
2025-06-10,246.9900054931641,249.1499938964844,243.9100036621093,244.5,242.59825134277344,576100,0.0,0.0,EVR,EVR
2025-06-11,245.4499969482422,250.1999969482422,245.2400054931641,247.5399932861328,245.6145935058593,726200,0.0,0.0,EVR,EVR
2025-06-12,244.3000030517578,248.0500030517578,242.6499938964844,247.17999267578125,245.2574005126953,315100,0.0,0.0,EVR,EVR
2025-06-13,242.509994506836,244.47999572753903,238.9600067138672,240.1199951171875,238.25230407714844,487100,0.0,0.0,EVR,EVR
2025-06-16,243.67999267578125,250.32000732421875,243.2700042724609,247.97000122070312,246.041259765625,514300,0.0,0.0,EVR,EVR
2025-06-17,245.2400054931641,247.44000244140625,243.3600006103516,244.2700042724609,242.3700408935547,316100,0.0,0.0,EVR,EVR
2025-06-18,243.9499969482422,250.6199951171875,243.9499969482422,246.8300018310547,244.91012573242188,343700,0.0,0.0,EVR,EVR
2025-06-20,248.67999267578125,250.3000030517578,244.3999938964844,244.5399932861328,242.637939453125,802800,0.0,0.0,EVR,EVR
2025-06-23,248.3300018310547,257.9700012207031,246.2700042724609,256.8800048828125,254.8819732666016,952600,0.0,0.0,EVR,EVR
2025-06-24,260.5799865722656,266.7099914550781,260.5199890136719,265.1300048828125,263.0678100585937,795900,0.0,0.0,EVR,EVR
2025-06-25,266.4100036621094,267.3999938964844,264.6000061035156,267.0599975585937,264.9827575683594,571000,0.0,0.0,EVR,EVR
2025-06-26,266.3399963378906,272.8699951171875,265.7300109863281,271.5,269.38824462890625,578800,0.0,0.0,EVR,EVR
2025-06-27,272.94000244140625,276.67999267578125,268.9100036621094,268.9100036621094,266.81842041015625,1027600,0.0,0.0,EVR,EVR
2025-06-30,271.3500061035156,272.94000244140625,268.6600036621094,270.0199890136719,267.91973876953125,572800,0.0,0.0,EVR,EVR
2025-07-01,266.79998779296875,278.45001220703125,266.45001220703125,276.5,274.349365234375,749700,0.0,0.0,EVR,EVR
2025-07-02,275.29998779296875,283.5400085449219,274.8500061035156,282.739990234375,280.5408020019531,584600,0.0,0.0,EVR,EVR
2025-07-03,286.0,287.8399963378906,283.6199951171875,287.5,285.2637939453125,322000,0.0,0.0,EVR,EVR
2025-07-07,285.5199890136719,289.260009765625,281.6300048828125,283.7900085449219,281.5826416015625,475000,0.0,0.0,EVR,EVR
2025-07-08,286.45001220703125,288.489990234375,284.5199890136719,285.5,283.27935791015625,596500,0.0,0.0,EVR,EVR
2025-07-09,288.5599975585937,293.4800109863281,285.760009765625,293.3900146484375,291.1080017089844,488700,0.0,0.0,EVR,EVR
2025-07-10,294.2799987792969,301.3999938964844,294.2799987792969,298.9700012207031,296.6445617675781,536400,0.0,0.0,EVR,EVR
2025-07-11,297.07000732421875,298.6499938964844,290.0599975585937,291.5299987792969,289.2624206542969,1019800,0.0,0.0,EVR,EVR
2025-07-14,292.54998779296875,294.0199890136719,286.3500061035156,292.6300048828125,290.3539123535156,938800,0.0,0.0,EVR,EVR
2025-07-15,292.6300048828125,292.6300048828125,285.7200012207031,287.0,284.7676696777344,906900,0.0,0.0,EVR,EVR
2025-07-16,288.67999267578125,294.2799987792969,284.25,293.8599853515625,291.5743103027344,545700,0.0,0.0,EVR,EVR
2025-07-17,292.1400146484375,301.20001220703125,291.739990234375,298.95001220703125,296.6247253417969,581000,0.0,0.0,EVR,EVR
2025-07-18,301.260009765625,301.260009765625,297.2200012207031,298.5199890136719,296.19805908203125,281600,0.0,0.0,EVR,EVR
2025-07-21,300.2900085449219,300.760009765625,292.8099975585937,293.25,290.9690856933594,386200,0.0,0.0,EVR,EVR
2025-07-22,293.20001220703125,297.1700134277344,288.20001220703125,296.9599914550781,294.65020751953125,460500,0.0,0.0,EVR,EVR
2025-07-23,299.1300048828125,301.7900085449219,297.7200012207031,300.0400085449219,297.7062683105469,317700,0.0,0.0,EVR,EVR
2025-07-24,301.8800048828125,302.25,298.4200134277344,300.5199890136719,298.1825256347656,412300,0.0,0.0,EVR,EVR
2025-07-25,303.3500061035156,303.5400085449219,299.2099914550781,301.0799865722656,298.7381286621094,539800,0.0,0.0,EVR,EVR
2025-07-28,301.989990234375,303.010009765625,297.8999938964844,302.5400085449219,300.18682861328125,578900,0.0,0.0,EVR,EVR
2025-07-29,304.9599914550781,305.0,298.82000732421875,302.54998779296875,300.1967163085937,705800,0.0,0.0,EVR,EVR
2025-07-30,318.5,320.6499938964844,305.54998779296875,310.25,307.8368225097656,1287400,0.0,0.0,EVR,EVR
2025-07-31,305.6000061035156,309.44000244140625,300.010009765625,301.1400146484375,298.7976989746094,905000,0.0,0.0,EVR,EVR
2025-08-01,293.5199890136719,296.4700012207031,283.8800048828125,294.010009765625,291.72314453125,806400,0.0,0.0,EVR,EVR
2025-08-04,297.0,301.7900085449219,295.9200134277344,300.010009765625,297.676513671875,398200,0.0,0.0,EVR,EVR
2025-08-05,302.9800109863281,302.9800109863281,293.0299987792969,298.6600036621094,296.33697509765625,422900,0.0,0.0,EVR,EVR
2025-08-06,299.20001220703125,301.9100036621094,296.8699951171875,299.7099914550781,297.3787841796875,361900,0.0,0.0,EVR,EVR
2025-08-07,304.17999267578125,304.4700012207031,296.0299987792969,297.8399963378906,295.5233459472656,512800,0.0,0.0,EVR,EVR
2025-08-08,300.0899963378906,302.54998779296875,295.1499938964844,295.7300109863281,293.4298095703125,422100,0.0,0.0,EVR,EVR
2025-08-11,296.4599914550781,299.0,295.29998779296875,295.739990234375,293.439697265625,384400,0.0,0.0,EVR,EVR
2025-08-12,299.1400146484375,308.2099914550781,297.0799865722656,307.8800048828125,305.4852600097656,365600,0.0,0.0,EVR,EVR
2025-08-13,310.0,315.25,307.6400146484375,314.8699951171875,312.4208984375,418000,0.0,0.0,EVR,EVR
2025-08-14,311.42999267578125,313.989990234375,310.3999938964844,313.4100036621094,310.9722595214844,238700,0.0,0.0,EVR,EVR
2025-08-15,314.4599914550781,314.4599914550781,304.9200134277344,307.7099914550781,305.31658935546875,317300,0.0,0.0,EVR,EVR
2025-08-18,307.3500061035156,308.010009765625,303.4800109863281,304.6400146484375,302.2704772949219,315700,0.0,0.0,EVR,EVR
2025-08-19,304.2900085449219,306.7799987792969,300.510009765625,301.8299865722656,299.4823303222656,355400,0.0,0.0,EVR,EVR
2025-08-20,300.0,304.79998779296875,293.5299987792969,304.510009765625,302.1414794921875,482800,0.0,0.0,EVR,EVR
2025-08-21,300.7699890136719,305.95001220703125,300.75,305.010009765625,302.6376037597656,345800,0.0,0.0,EVR,EVR
2025-08-22,308.5799865722656,322.760009765625,306.8099975585937,319.8599853515625,317.3720703125,570700,0.0,0.0,EVR,EVR
2025-08-25,319.4800109863281,321.3599853515625,313.8299865722656,318.3500061035156,315.87384033203125,359800,0.0,0.0,EVR,EVR
2025-08-26,318.07000732421875,325.1199951171875,316.4599914550781,324.5899963378906,322.0652770996094,359000,0.0,0.0,EVR,EVR
2025-08-27,323.260009765625,326.5299987792969,323.07000732421875,324.260009765625,321.7378845214844,365400,0.0,0.0,EVR,EVR
2025-08-28,325.3599853515625,327.5,323.2300109863281,325.3500061035156,322.81939697265625,298000,0.0,0.0,EVR,EVR
2025-08-29,324.25,325.20001220703125,318.9800109863281,321.54998779296875,319.87481689453125,260300,0.84,0.0,EVR,EVR
2025-09-02,313.4700012207031,318.0299987792969,309.5,317.6700134277344,316.0150451660156,339600,0.0,0.0,EVR,EVR
2025-09-03,317.1700134277344,318.239990234375,306.07000732421875,312.9200134277344,311.289794921875,451400,0.0,0.0,EVR,EVR
2025-09-04,314.20001220703125,320.1199951171875,312.3900146484375,318.1400146484375,316.48260498046875,489200,0.0,0.0,EVR,EVR
2025-09-05,320.2200012207031,323.239990234375,313.3900146484375,318.7699890136719,317.1092834472656,511000,0.0,0.0,EVR,EVR
2025-09-08,320.3999938964844,325.8500061035156,320.0899963378906,324.29998779296875,322.6104736328125,369800,0.0,0.0,EVR,EVR
2025-09-09,323.70001220703125,326.3099975585937,321.1400146484375,325.29998779296875,323.6052551269531,326400,0.0,0.0,EVR,EVR
2025-09-10,326.54998779296875,332.8399963378906,324.1199951171875,332.6400146484375,330.90704345703125,416900,0.0,0.0,EVR,EVR
2025-09-11,334.3599853515625,343.4800109863281,333.07000732421875,343.3500061035156,341.5612487792969,475000,0.0,0.0,EVR,EVR
2025-09-12,343.0,344.2099914550781,340.1499938964844,341.8599853515625,340.0790100097656,300900,0.0,0.0,EVR,EVR
2025-09-15,343.20001220703125,349.7799987792969,342.70001220703125,345.0599975585937,343.2623291015625,475800,0.0,0.0,EVR,EVR
2025-09-16,347.3599853515625,347.4700012207031,341.3299865722656,345.5199890136719,343.7199401855469,382200,0.0,0.0,EVR,EVR
2025-09-17,345.510009765625,353.760009765625,343.70001220703125,348.3299865722656,346.5152893066406,594400,0.0,0.0,EVR,EVR
2025-09-18,351.9800109863281,362.7900085449219,351.9800109863281,362.7900085449219,360.8999938964844,575300,0.0,0.0,EVR,EVR
2025-09-19,362.6700134277344,364.4200134277344,352.8399963378906,355.8800048828125,354.02593994140625,1323100,0.0,0.0,EVR,EVR
2025-09-22,353.760009765625,355.6199951171875,350.20001220703125,354.3900146484375,352.5437316894531,403900,0.0,0.0,EVR,EVR
2025-09-23,355.5799865722656,363.010009765625,351.5400085449219,354.6499938964844,352.8023681640625,389900,0.0,0.0,EVR,EVR
2025-09-24,356.8099975585937,358.010009765625,338.04998779296875,340.4700012207031,338.6962585449219,563900,0.0,0.0,EVR,EVR
2025-09-25,335.4800109863281,338.6099853515625,331.2099914550781,337.9100036621094,336.1495666503906,345200,0.0,0.0,EVR,EVR
2025-09-26,339.0799865722656,345.7799987792969,339.0799865722656,342.3900146484375,340.60626220703125,237200,0.0,0.0,EVR,EVR
2025-09-29,346.3800048828125,348.5299987792969,334.42999267578125,340.6400146484375,338.8653564453125,395900,0.0,0.0,EVR,EVR
2025-09-30,341.42999267578125,343.010009765625,331.95001220703125,337.32000732421875,335.5626525878906,455700,0.0,0.0,EVR,EVR
2025-10-01,333.44000244140625,336.6000061035156,328.6099853515625,330.9100036621094,329.1860656738281,363400,0.0,0.0,EVR,EVR
2025-10-02,331.5,335.92999267578125,329.82000732421875,334.010009765625,332.2699279785156,354900,0.0,0.0,EVR,EVR
2025-10-03,336.1099853515625,339.0400085449219,328.8900146484375,329.0599975585937,327.3456726074219,333500,0.0,0.0,EVR,EVR
2025-10-06,331.8299865722656,333.20001220703125,318.7300109863281,325.5400085449219,323.84405517578125,475900,0.0,0.0,EVR,EVR
2025-10-07,327.3699951171875,331.3999938964844,320.8999938964844,324.1499938964844,322.4612731933594,401800,0.0,0.0,EVR,EVR
2025-10-08,325.45001220703125,327.07000732421875,317.92999267578125,318.0,316.3432922363281,365400,0.0,0.0,EVR,EVR
2025-10-09,320.010009765625,323.5799865722656,312.0,313.9700012207031,312.3343200683594,421700,0.0,0.0,EVR,EVR
2025-10-10,315.7200012207031,316.5899963378906,299.4800109863281,300.989990234375,299.4219055175781,657300,0.0,0.0,EVR,EVR
2025-10-13,307.69000244140625,316.510009765625,307.57000732421875,315.6499938964844,314.0055236816406,431600,0.0,0.0,EVR,EVR
2025-10-14,310.2300109863281,322.1600036621094,310.0400085449219,319.9100036621094,318.2433776855469,364200,0.0,0.0,EVR,EVR
2025-10-15,323.07000732421875,326.9800109863281,318.92999267578125,323.7799987792969,322.0932006835937,315900,0.0,0.0,EVR,EVR
2025-10-16,324.5799865722656,325.92999267578125,309.3599853515625,315.95001220703125,314.3039855957031,601100,0.0,0.0,EVR,EVR
2025-10-17,316.3099975585937,320.1400146484375,311.5400085449219,315.0899963378906,313.4484558105469,290300,0.0,0.0,EVR,EVR
2025-10-20,319.3299865722656,325.20001220703125,314.5400085449219,320.9700012207031,319.2978210449219,264800,0.0,0.0,EVR,EVR
2025-10-21,317.8599853515625,322.7099914550781,315.0899963378906,320.2099914550781,318.5417785644531,265800,0.0,0.0,EVR,EVR
2025-10-22,319.7799987792969,322.2200012207031,313.8399963378906,317.07000732421875,315.41815185546875,202500,0.0,0.0,EVR,EVR
2025-10-23,320.3399963378906,320.3399963378906,311.8800048828125,317.7200012207031,316.06475830078125,335000,0.0,0.0,EVR,EVR
2025-10-24,321.70001220703125,326.20001220703125,321.1000061035156,324.239990234375,322.55078125,267600,0.0,0.0,EVR,EVR
2025-10-27,327.94000244140625,331.3099975585937,324.94000244140625,330.29998779296875,328.5792236328125,269500,0.0,0.0,EVR,EVR
2025-10-28,331.5899963378906,332.489990234375,321.510009765625,321.75,320.07379150390625,494400,0.0,0.0,EVR,EVR
2025-10-29,295.0,312.7300109863281,289.04998779296875,292.489990234375,290.9661865234375,1439500,0.0,0.0,EVR,EVR
2025-10-30,288.0,299.7900085449219,288.0,291.6600036621094,290.1405334472656,595600,0.0,0.0,EVR,EVR
2025-10-31,290.67999267578125,296.8999938964844,288.0,294.5599975585937,293.0254211425781,526000,0.0,0.0,EVR,EVR
2025-11-03,292.5199890136719,300.7300109863281,291.2200012207031,300.2099914550781,298.6459655761719,474600,0.0,0.0,EVR,EVR
2025-11-04,297.07000732421875,304.1400146484375,293.0599975585937,297.6099853515625,296.0595092773437,729400,0.0,0.0,EVR,EVR
2025-11-05,296.2200012207031,306.9200134277344,295.3099975585937,303.4800109863281,301.8989562988281,292300,0.0,0.0,EVR,EVR
2025-11-06,303.07000732421875,309.17999267578125,299.5899963378906,302.8699951171875,301.2921142578125,238600,0.0,0.0,EVR,EVR
2025-11-07,298.989990234375,306.9800109863281,293.44000244140625,306.5400085449219,304.9430236816406,522600,0.0,0.0,EVR,EVR
2025-11-10,311.5199890136719,314.6600036621094,307.9599914550781,309.1300048828125,307.5195007324219,243800,0.0,0.0,EVR,EVR
2025-11-11,309.260009765625,313.7900085449219,307.510009765625,311.8299865722656,310.2054443359375,167700,0.0,0.0,EVR,EVR
2025-11-12,312.7900085449219,324.2799987792969,312.7900085449219,321.1600036621094,319.4868469238281,382800,0.0,0.0,EVR,EVR
2025-11-13,318.2799987792969,322.6600036621094,303.4599914550781,306.6099853515625,305.0126342773437,369400,0.0,0.0,EVR,EVR
2025-11-14,302.0199890136719,311.19000244140625,296.2900085449219,307.75,306.1466979980469,344600,0.0,0.0,EVR,EVR
2025-11-17,306.239990234375,310.4700012207031,293.6300048828125,296.489990234375,294.9453430175781,368600,0.0,0.0,EVR,EVR
2025-11-18,293.19000244140625,301.7099914550781,292.9700012207031,299.7300109863281,298.1684875488281,317200,0.0,0.0,EVR,EVR
2025-11-19,299.010009765625,309.5899963378906,299.010009765625,305.3099975585937,303.71942138671875,429000,0.0,0.0,EVR,EVR
2025-11-20,310.44000244140625,320.0,295.0,295.8399963378906,294.2987365722656,482100,0.0,0.0,EVR,EVR
2025-11-21,298.3900146484375,308.760009765625,296.92999267578125,306.20001220703125,304.60479736328125,395000,0.0,0.0,EVR,EVR
2025-11-24,306.739990234375,312.19000244140625,303.989990234375,308.8599853515625,307.2509155273437,293900,0.0,0.0,EVR,EVR
2025-11-25,309.8900146484375,315.7900085449219,308.2699890136719,314.3500061035156,312.7123413085937,331300,0.0,0.0,EVR,EVR
2025-11-26,314.010009765625,320.95001220703125,312.3599853515625,317.29998779296875,315.6469421386719,317500,0.0,0.0,EVR,EVR
2025-11-28,318.239990234375,322.82000732421875,311.8900146484375,320.07000732421875,319.2476806640625,177400,0.84,0.0,EVR,EVR
2025-12-01,314.70001220703125,320.4800109863281,310.92999267578125,317.1499938964844,316.3351745605469,259400,0.0,0.0,EVR,EVR
2025-12-02,319.7099914550781,321.6700134277344,315.239990234375,318.70001220703125,317.8811950683594,309100,0.0,0.0,EVR,EVR
2025-12-03,319.1499938964844,328.2900085449219,316.1700134277344,327.3900146484375,326.54888916015625,280200,0.0,0.0,EVR,EVR
2025-12-04,328.0,332.44000244140625,325.54998779296875,328.29998779296875,327.4565124511719,456000,0.0,0.0,EVR,EVR
2025-12-05,326.8500061035156,337.45001220703125,325.1499938964844,331.69000244140625,330.8378295898437,433200,0.0,0.0,EVR,EVR
2025-12-08,322.25,336.17999267578125,319.69000244140625,329.8299865722656,328.9825744628906,331200,0.0,0.0,EVR,EVR
2025-12-09,328.20001220703125,344.6600036621094,328.20001220703125,339.989990234375,339.1164855957031,405100,0.0,0.0,EVR,EVR
2025-12-10,339.4700012207031,346.5400085449219,334.25,344.7300109863281,343.8443298339844,339900,0.0,0.0,EVR,EVR
2025-12-11,341.1400146484375,349.9100036621094,340.9100036621094,344.6700134277344,343.78448486328125,254600,0.0,0.0,EVR,EVR
2025-12-12,346.4599914550781,346.4599914550781,331.6099853515625,337.0299987792969,336.1640930175781,401000,0.0,0.0,EVR,EVR
2025-12-15,340.95001220703125,342.2900085449219,335.0,336.69000244140625,335.8249816894531,430100,0.0,0.0,EVR,EVR
2025-12-16,336.6199951171875,339.19000244140625,332.5,337.2200012207031,336.3536071777344,415600,0.0,0.0,EVR,EVR
2025-12-17,340.0,342.2799987792969,330.45001220703125,334.0199890136719,333.1618347167969,332700,0.0,0.0,EVR,EVR
2025-12-18,338.45001220703125,343.0899963378906,336.2799987792969,338.25,337.3809814453125,295700,0.0,0.0,EVR,EVR
2025-12-19,338.79998779296875,342.7699890136719,337.0799865722656,342.3599853515625,341.4804077148437,525800,0.0,0.0,EVR,EVR
2025-12-22,345.0,352.6300048828125,344.8500061035156,351.2300109863281,350.32763671875,304300,0.0,0.0,EVR,EVR
2025-12-23,351.0799865722656,353.1499938964844,347.0599975585937,348.4800109863281,347.5846862792969,181600,0.0,0.0,EVR,EVR
2025-12-24,347.2300109863281,352.8699951171875,342.5799865722656,350.4200134277344,349.51971435546875,94500,0.0,0.0,EVR,EVR
2025-12-26,351.1600036621094,353.29998779296875,348.7099914550781,352.17999267578125,351.2751770019531,168200,0.0,0.0,EVR,EVR
2025-12-29,351.20001220703125,352.1199951171875,343.8099975585937,347.19000244140625,346.2980041503906,172700,0.0,0.0,EVR,EVR
2025-12-30,347.0,348.489990234375,341.6000061035156,343.6400146484375,342.75714111328125,186100,0.0,0.0,EVR,EVR
2025-12-31,342.9700012207031,346.0,338.95001220703125,340.25,339.3758239746094,210700,0.0,0.0,EVR,EVR
2026-01-02,341.0400085449219,352.1099853515625,341.0400085449219,351.2699890136719,350.36749267578125,175100,0.0,0.0,EVR,EVR
2026-01-05,351.29998779296875,373.4700012207031,351.29998779296875,364.4700012207031,363.5335998535156,491500,0.0,0.0,EVR,EVR
2026-01-06,363.4200134277344,375.510009765625,356.19000244140625,374.0199890136719,373.0590515136719,489900,0.0,0.0,EVR,EVR
2026-01-07,373.9700012207031,376.3500061035156,368.6000061035156,373.0499877929688,372.091552734375,373900,0.0,0.0,EVR,EVR
2026-01-08,374.0799865722656,374.2999877929688,364.0799865722656,365.6700134277344,364.73052978515625,370800,0.0,0.0,EVR,EVR
2026-01-09,366.8800048828125,374.7699890136719,360.80999755859375,369.010009765625,368.06195068359375,326300,0.0,0.0,EVR,EVR
2026-01-12,364.0700073242188,371.510009765625,359.29998779296875,370.6700134277344,369.7176818847656,293900,0.0,0.0,EVR,EVR
2026-01-13,370.6600036621094,371.989990234375,363.0400085449219,365.7200012207031,364.7803955078125,285300,0.0,0.0,EVR,EVR
2026-01-14,363.5799865722656,368.5700073242188,355.1600036621094,366.5400085449219,365.5982971191406,281800,0.0,0.0,EVR,EVR
2026-01-15,368.9800109863281,384.1099853515625,367.5,383.1199951171875,382.13568115234375,413600,0.0,0.0,EVR,EVR
2026-01-16,383.6700134277344,388.7099914550781,376.9100036621094,378.8399963378906,377.8666687011719,469600,0.0,0.0,EVR,EVR
2026-01-20,367.5,379.8800048828125,352.0,366.5,365.5583801269531,348000,0.0,0.0,EVR,EVR
2026-01-21,370.2000122070313,380.5199890136719,367.0,372.2699890136719,371.3135681152344,356900,0.0,0.0,EVR,EVR
2026-01-22,377.8399963378906,377.9599914550781,370.489990234375,372.0,371.0442504882813,220900,0.0,0.0,EVR,EVR
2026-01-23,368.989990234375,370.8900146484375,360.8200073242188,362.0,361.0699462890625,246700,0.0,0.0,EVR,EVR
2026-01-26,369.739990234375,369.739990234375,363.1900024414063,363.8999938964844,362.9650573730469,364900,0.0,0.0,EVR,EVR
2026-01-27,363.6199951171875,365.8200073242188,360.9599914550781,363.510009765625,362.5760803222656,307800,0.0,0.0,EVR,EVR
2026-01-28,364.6000061035156,365.6400146484375,357.67999267578125,363.1799926757813,362.2469177246094,307400,0.0,0.0,EVR,EVR
2026-01-29,367.1000061035156,371.3299865722656,352.5599975585937,355.9100036621094,354.99560546875,577200,0.0,0.0,EVR,EVR
2026-01-30,352.54998779296875,360.4100036621094,350.07000732421875,353.2699890136719,352.36236572265625,406500,0.0,0.0,EVR,EVR
2026-02-02,356.07000732421875,362.3399963378906,351.6400146484375,354.67999267578125,353.76873779296875,500900,0.0,0.0,EVR,EVR
2026-02-03,354.510009765625,357.6499938964844,334.82000732421875,338.7300109863281,337.8597412109375,680700,0.0,0.0,EVR,EVR
2026-02-04,356.6199951171875,361.0,340.0,356.3599853515625,355.4444274902344,877600,0.0,0.0,EVR,EVR
2026-02-05,342.6000061035156,357.8699951171875,333.25,351.1400146484375,350.23785400390625,998300,0.0,0.0,EVR,EVR
2026-02-06,352.010009765625,367.5199890136719,349.5199890136719,357.7300109863281,356.8109436035156,698800,0.0,0.0,EVR,EVR
2026-02-09,357.0,369.6400146484375,353.20001220703125,359.6499938964844,358.7259826660156,556700,0.0,0.0,EVR,EVR
2026-02-10,361.8200073242188,368.6099853515625,354.6000061035156,362.1799926757813,361.2494812011719,508100,0.0,0.0,EVR,EVR
2026-02-11,363.1600036621094,366.2300109863281,344.5299987792969,345.54998779296875,344.6622009277344,494300,0.0,0.0,EVR,EVR
2026-02-12,339.7200012207031,352.1099853515625,305.010009765625,319.1700134277344,318.3500061035156,1164800,0.0,0.0,EVR,EVR
2026-02-13,321.6199951171875,328.7099914550781,314.4200134277344,322.2799987792969,321.4519958496094,604600,0.0,0.0,EVR,EVR
2026-02-17,325.3699951171875,326.3900146484375,317.19000244140625,320.010009765625,319.1878356933594,611300,0.0,0.0,EVR,EVR
2026-02-18,321.94000244140625,334.7099914550781,321.94000244140625,331.0400085449219,330.18951416015625,575800,0.0,0.0,EVR,EVR
2026-02-19,330.57000732421875,332.0,322.0,326.8699951171875,326.0302124023437,581900,0.0,0.0,EVR,EVR
2026-02-20,324.010009765625,332.20001220703125,319.0899963378906,328.1400146484375,327.2969665527344,444100,0.0,0.0,EVR,EVR
2026-02-23,323.82000732421875,327.95001220703125,303.6199951171875,305.2699890136719,304.4856872558594,785500,0.0,0.0,EVR,EVR
2026-02-24,303.8999938964844,318.2200012207031,299.9100036621094,313.239990234375,312.4352111816406,720600,0.0,0.0,EVR,EVR
2026-02-25,319.5,320.25,312.5299987792969,318.94000244140625,318.1205749511719,447100,0.0,0.0,EVR,EVR
2026-02-26,322.1300048828125,328.4200134277344,318.2099914550781,326.95001220703125,326.1100158691406,515200,0.0,0.0,EVR,EVR
2026-02-27,317.3399963378906,317.3399963378906,300.3599853515625,308.8399963378906,308.8399963378906,1196000,0.84,0.0,EVR,EVR
2026-03-02,299.6099853515625,316.9599914550781,298.4700012207031,314.4800109863281,314.4800109863281,479900,0.0,0.0,EVR,EVR
2026-03-03,302.8900146484375,313.32000732421875,299.0,307.7699890136719,307.7699890136719,687800,0.0,0.0,EVR,EVR
2026-03-04,310.2799987792969,317.4100036621094,308.82000732421875,313.42999267578125,313.42999267578125,499000,0.0,0.0,EVR,EVR
2026-03-05,310.6600036621094,316.5799865722656,299.32000732421875,302.7699890136719,302.7699890136719,595200,0.0,0.0,EVR,EVR
2026-03-06,294.9599914550781,295.94000244140625,280.6600036621094,289.0199890136719,289.0199890136719,964400,0.0,0.0,EVR,EVR
2026-03-09,280.92999267578125,286.04998779296875,270.9100036621094,285.7799987792969,285.7799987792969,1080700,0.0,0.0,EVR,EVR
2026-03-10,288.6300048828125,293.0,282.19000244140625,286.95001220703125,286.95001220703125,521000,0.0,0.0,EVR,EVR
2026-03-11,285.44000244140625,290.04998779296875,278.3299865722656,288.3299865722656,288.3299865722656,541900,0.0,0.0,EVR,EVR
2026-03-12,281.79998779296875,284.3900146484375,265.8699951171875,267.19000244140625,267.19000244140625,1403400,0.0,0.0,EVR,EVR
2026-03-13,270.1700134277344,274.9549865722656,266.7799987792969,268.239990234375,268.239990234375,785572,0.0,0.0,EVR,EVR
2026-03-16,275.0,280.7149963378906,272.1000061035156,273.67999267578125,273.67999267578125,156591,0.0,0.0,EVR,EVR
2026-03-17,277.5899963378906,282.5799865722656,277.5899963378906,278.69000244140625,278.69000244140625,658700,0.0,0.0,EVR,EVR
2026-03-18,283.0199890136719,284.94000244140625,274.6300048828125,275.0299987792969,275.0299987792969,885600,0.0,0.0,EVR,EVR
2026-03-19,271.0,277.4100036621094,269.57000732421875,274.8900146484375,274.8900146484375,747100,0.0,0.0,EVR,EVR
2026-03-20,274.25,277.95001220703125,271.0,274.8699951171875,274.8699951171875,793600,0.0,0.0,EVR,EVR
2026-03-23,289.5400085449219,289.6300048828125,278.9200134277344,279.1199951171875,279.1199951171875,909500,0.0,0.0,EVR,EVR
2026-03-24,276.0,280.4800109863281,273.8299865722656,278.42999267578125,278.42999267578125,789600,0.0,0.0,EVR,EVR
2026-03-25,284.6099853515625,289.7300109863281,276.1199951171875,286.8699951171875,286.8699951171875,648300,0.0,0.0,EVR,EVR
2026-03-26,282.57000732421875,291.5400085449219,282.57000732421875,284.75,284.75,340500,0.0,0.0,EVR,EVR
2026-03-27,280.8900146484375,285.1199951171875,274.5,279.04998779296875,279.04998779296875,345800,0.0,0.0,EVR,EVR
2026-03-30,282.9599914550781,288.20001220703125,280.3800048828125,285.2200012207031,285.2200012207031,409400,0.0,0.0,EVR,EVR
2026-03-31,291.7200012207031,304.4100036621094,288.79998779296875,298.510009765625,298.510009765625,989000,0.0,0.0,EVR,EVR
2026-04-01,303.3599853515625,309.82000732421875,300.4599914550781,301.2799987792969,301.2799987792969,657300,0.0,0.0,EVR,EVR
2026-04-02,291.9599914550781,308.8099975585937,289.5299987792969,304.95001220703125,304.95001220703125,511600,0.0,0.0,EVR,EVR
2026-04-06,304.7900085449219,309.8900146484375,302.3599853515625,304.7900085449219,304.7900085449219,349100,0.0,0.0,EVR,EVR
2026-04-07,302.1199951171875,310.69000244140625,297.3399963378906,306.9100036621094,306.9100036621094,476100,0.0,0.0,EVR,EVR
2026-04-08,322.9800109863281,331.8999938964844,320.6300048828125,326.0199890136719,326.0199890136719,743100,0.0,0.0,EVR,EVR
2026-04-09,323.1300048828125,335.8599853515625,322.2900085449219,334.9599914550781,334.9599914550781,491300,0.0,0.0,EVR,EVR
2026-04-10,335.45001220703125,338.7300109863281,330.19000244140625,337.8999938964844,337.8999938964844,450600,0.0,0.0,EVR,EVR
2026-04-13,333.0899963378906,352.32000732421875,331.3500061035156,350.5400085449219,350.5400085449219,681400,0.0,0.0,EVR,EVR
2026-04-14,350.75,358.45001220703125,350.6700134277344,357.6099853515625,357.6099853515625,643100,0.0,0.0,EVR,EVR
2026-04-15,361.3999938964844,363.8299865722656,351.8500061035156,357.04998779296875,357.04998779296875,458700,0.0,0.0,EVR,EVR
2026-04-16,357.6099853515625,360.3900146484375,354.17999267578125,357.5199890136719,357.5199890136719,393200,0.0,0.0,EVR,EVR
2026-04-17,363.5400085449219,372.0499877929688,362.5299987792969,362.9100036621094,362.9100036621094,508400,0.0,0.0,EVR,EVR
2026-04-20,361.0799865722656,366.8699951171875,357.3800048828125,358.2900085449219,358.2900085449219,486700,0.0,0.0,EVR,EVR
2026-04-21,358.8999938964844,367.989990234375,352.8900146484375,353.44000244140625,353.44000244140625,618300,0.0,0.0,EVR,EVR
2026-04-22,358.3900146484375,362.1199951171875,349.82000732421875,352.010009765625,352.010009765625,481500,0.0,0.0,EVR,EVR
2026-04-23,349.739990234375,352.8599853515625,338.19000244140625,347.9800109863281,347.9800109863281,593000,0.0,0.0,EVR,EVR
2026-04-24,348.8299865722656,350.61248779296875,343.8999938964844,346.9700012207031,346.9700012207031,271542,0.0,0.0,EVR,EVR
2026-04-27,343.7099914550781,349.3800048828125,338.5299987792969,347.7900085449219,347.7900085449219,620600,0.0,0.0,EVR,EVR
2026-04-28,348.69000244140625,351.6499938964844,339.2699890136719,340.510009765625,340.510009765625,635300,0.0,0.0,EVR,EVR
2026-04-29,332.2200012207031,338.0400085449219,314.5400085449219,324.1400146484375,324.1400146484375,1162900,0.0,0.0,EVR,EVR
2026-04-30,327.0899963378906,327.0899963378906,316.5799865722656,321.2900085449219,321.2900085449219,1135700,0.0,0.0,EVR,EVR
2026-05-01,320.2699890136719,326.0,315.0799865722656,316.7900085449219,316.7900085449219,643000,0.0,0.0,EVR,EVR
2026-05-04,313.4200134277344,320.3800048828125,311.6000061035156,319.04998779296875,319.04998779296875,679700,0.0,0.0,EVR,EVR
2026-05-05,320.739990234375,329.55999755859375,320.1400146484375,326.3299865722656,326.3299865722656,698400,0.0,0.0,EVR,EVR
2026-05-06,331.57000732421875,338.6499938964844,323.8599853515625,333.32000732421875,333.32000732421875,579900,0.0,0.0,EVR,EVR
2026-05-07,336.69000244140625,338.75,329.3399963378906,331.2799987792969,331.2799987792969,503000,0.0,0.0,EVR,EVR
2026-05-08,328.7799987792969,343.20001220703125,328.7799987792969,341.19000244140625,341.19000244140625,602000,0.0,0.0,EVR,EVR
2026-05-11,340.44000244140625,343.6099853515625,333.8999938964844,335.3800048828125,335.3800048828125,730500,0.0,0.0,EVR,EVR
2026-05-12,334.0,344.3599853515625,329.8500061035156,340.9800109863281,340.9800109863281,373600,0.0,0.0,EVR,EVR
2026-05-13,338.5299987792969,341.4700012207031,332.5,336.3500061035156,336.3500061035156,391500,0.0,0.0,EVR,EVR
2026-05-14,339.9100036621094,343.5899963378906,332.7601013183594,340.3500061035156,340.3500061035156,68243,0.0,0.0,EVR,EVR
